Colony_ID,Run,Interval,Light_Value,N_points,O2_start,O2_end,DeltaT_min,DeltaT_max,O2_min,O2_max,Slope,Avg_Blank_Slope,Blank_Corrected_Slope
202,4,1,0,360,317.663,299.195,75.103,93.054,299.195,321.666,-1.7606762457503913,-0.057045413171852556,-1.7036308325785388
202,4,2,196,280,193.804,212.218,5.103,19.053,193.804,212.218,1.3224464298016798,-0.0578216160515818,1.3802680458532617
202,4,3,418,180,213.42,228.236,20.104,29.053,213.42,228.236,1.7225485172872816,-0.0562845813626557,1.7788330986499374
202,4,4,741,135,230.032,247.442,30.104,38.853,230.032,247.442,2.023834747535218,-0.071828335092288,2.0956630826275062
202,4,5,1101,180,249.747,268.087,40.103,49.053,249.747,268.087,2.046919233636955,-0.07390098048244818,2.1208202141194032
202,4,6,1207,180,270.202,287.953,50.103,59.053,270.202,287.953,1.9900812095380749,-0.11090761461096892,2.1009888241490438
202,4,7,1568,280,289.958,315.736,60.103,74.053,289.958,315.738,1.8587123316194116,-0.07979930866676935,1.938511640286181
