Colony_ID,Run,Light_Value,Raw_Slope,Avg_Blank_Slope,Blank_Corrected_Slope
202,4,0,-1.7606762457503913,-0.057045413171852556,-1.7036308325785388
202,4,196,1.3224464298016798,-0.0578216160515818,1.3802680458532617
202,4,418,1.7225485172872816,-0.0562845813626557,1.7788330986499374
202,4,741,2.023834747535218,-0.071828335092288,2.0956630826275062
202,4,1101,2.046919233636955,-0.07390098048244818,2.1208202141194032
202,4,1207,1.9900812095380749,-0.11090761461096892,2.1009888241490438
202,4,1568,1.8587123316194116,-0.07979930866676935,1.938511640286181
