Colony_ID,Run,Interval,Light_Value,N_points,O2_start,O2_end,DeltaT_min,DeltaT_max,O2_min,O2_max,Slope,Avg_Blank_Slope,Blank_Corrected_Slope
203,5,1,0,300,248.536,244.442,198.04,212.99,244.442,251.848,-0.7443071176735373,-0.057045413171852556,-0.6872617045016848
203,5,2,196,280,184.807,193.094,128.04,141.991,184.807,193.181,0.5969314823430214,-0.0578216160515818,0.6547530983946032
203,5,3,418,180,193.593,201.149,143.04,151.991,193.593,201.149,0.8555030841404889,-0.0562845813626557,0.9117876655031446
203,5,4,741,179,201.967,209.691,153.041,161.991,201.903,209.691,0.8448739363759736,-0.071828335092288,0.9167022714682617
203,5,5,1101,180,210.522,219.838,163.041,171.99,210.451,219.874,1.1133211635551674,-0.07390098048244818,1.1872221440376156
203,5,6,1207,180,221.053,230.806,173.041,181.991,221.053,230.806,1.097641508104463,-0.11090761461096892,1.208549122715432
203,5,7,1568,280,231.877,247.538,183.04,196.991,231.877,247.538,1.1184910601677385,-0.07979930866676935,1.198290368834508
