Colony_ID,Run,Interval,Light_Value,N_points,O2_start,O2_end,DeltaT_min,DeltaT_max,O2_min,O2_max,Slope,Avg_Blank_Slope,Blank_Corrected_Slope
243,1,1,0,300,308.963,300.904,69.253,84.202,300.748,314.134,-1.2648957823789913,-0.057045413171852556,-1.2078503692071387
243,1,2,196,265,204.429,212.769,0,13.202,204.29,212.769,0.667219095544458,-0.0578216160515818,0.7250407115960398
243,1,3,418,180,213.386,222.634,14.252,23.202,213.386,222.704,1.168397758185449,-0.0562845813626557,1.2246823395481048
243,1,4,741,180,224.076,238.014,24.252,33.202,223.906,238.014,1.6435370282807227,-0.071828335092288,1.7153653633730106
243,1,5,1101,180,240.018,255.439,34.252,43.202,239.897,255.439,1.8257780611650176,-0.07390098048244818,1.8996790416474658
243,1,6,1207,180,257.561,274.712,44.252,53.202,257.561,274.712,1.9534522540954167,-0.11090761461096892,2.0643598687063855
243,1,7,1568,280,276.983,306.601,54.252,68.202,276.842,306.743,2.162617453608998,-0.07979930866676935,2.2424167622757674
