Colony_ID,Run,Light_Value,Raw_Slope,Avg_Blank_Slope,Blank_Corrected_Slope
19,1,0,-0.7416895679430882,-0.057045413171852556,-0.6846441547712356
19,1,196,0.6364808007207003,-0.0578216160515818,0.6943024167722821
19,1,418,0.7883206100270836,-0.0562845813626557,0.8446051913897393
19,1,741,0.817190992192999,-0.071828335092288,0.889019327285287
19,1,1101,0.8102400878114547,-0.07390098048244818,0.8841410682939029
19,1,1207,0.8143421869771525,-0.11090761461096892,0.9252498015881214
19,1,1568,0.6803508974552481,-0.07979930866676935,0.7601502061220174
