Colony_ID,Run,Light_Value,Raw_Slope,Avg_Blank_Slope,Blank_Corrected_Slope
237,1,0,-1.3760756452279945,-0.057045413171852556,-1.319030232056142
237,1,196,0.7913588010396725,-0.0578216160515818,0.8491804170912542
237,1,418,1.3211631626156888,-0.0562845813626557,1.3774477439783446
237,1,741,1.827150994014214,-0.071828335092288,1.898979329106502
237,1,1101,2.0670300512026736,-0.07390098048244818,2.1409310316851218
237,1,1207,2.2569808815249783,-0.11090761461096892,2.367888496135947
237,1,1568,2.3024896796539536,-0.07979930866676935,2.382288988320723
