Colony_ID,Run,Light_Value,Raw_Slope,Avg_Blank_Slope,Blank_Corrected_Slope
219,3,0,-0.9249929404398054,-0.057045413171852556,-0.8679475272679529
219,3,196,0.4916675027205466,-0.0578216160515818,0.5494891187721284
219,3,418,0.8636598081503684,-0.0562845813626557,0.919944389513024
219,3,741,1.095331685804768,-0.071828335092288,1.1671600208970558
219,3,1101,1.1321808605949346,-0.07390098048244818,1.2060818410773828
219,3,1207,1.1332960972166821,-0.11090761461096892,1.244203711827651
219,3,1568,1.0967287651298747,-0.07979930866676935,1.1765280737966441
