Colony_ID,Run,Light_Value,Raw_Slope,Avg_Blank_Slope,Blank_Corrected_Slope
2,2,0,-0.9825739971820179,-0.057045413171852556,-0.9255285840101654
2,2,196,0.9878030621362432,-0.0578216160515818,1.0456246781878251
2,2,418,1.4074450684450885,-0.0562845813626557,1.4637296498077443
2,2,741,1.5126287986143858,-0.071828335092288,1.5844571337066737
2,2,1101,1.5380152954094497,-0.07390098048244818,1.611916275891898
2,2,1207,1.47274501507379,-0.11090761461096892,1.5836526296847588
2,2,1568,1.6490429521074441,-0.07979930866676935,1.7288422607742135
