Colony_ID,Run,Interval,Light_Value,N_points,O2_start,O2_end,DeltaT_min,DeltaT_max,O2_min,O2_max,Slope,Avg_Blank_Slope,Blank_Corrected_Slope
204,1,1,0,300,211.36,206.984,69.503,84.452,206.811,213.932,-0.6814676311263709,-0.057045413171852556,-0.6244222179545184
204,1,2,196,270,153.043,160.089,0,13.453,152.907,160.089,0.5532561960339397,-0.0578216160515818,0.6110778120855215
204,1,3,418,180,160.658,166.827,14.502,23.452,160.658,166.827,0.7204087413960415,-0.0562845813626557,0.7766933227586972
204,1,4,741,180,167.582,175.138,24.502,33.452,167.557,175.138,0.9023192293593765,-0.071828335092288,0.9741475644516645
204,1,5,1101,180,176.038,184.661,34.503,43.452,176.038,184.661,0.9718488610427914,-0.07390098048244818,1.0457498415252395
204,1,6,1207,180,185.726,195.087,44.502,53.452,185.726,195.087,1.0297077154359644,-0.11090761461096892,1.1406153300469333
204,1,7,1568,280,196.025,210.03,54.503,68.452,196.025,210.03,0.996681325012666,-0.07979930866676935,1.0764806336794355
