Colony_ID,Run,Interval,Light_Value,N_points,O2_start,O2_end,DeltaT_min,DeltaT_max,O2_min,O2_max,Slope,Avg_Blank_Slope,Blank_Corrected_Slope
blank,2,1,0,300,207.679,206.771,194.268,209.218,206.63,207.734,-0.058215939396272044,-0.057045413171852556,-0.001170526224419488
blank,2,2,196,280,213.562,212.477,123.269,137.218,212.307,213.562,-0.07302481961593,-0.0578216160515818,-0.015203203564348206
blank,2,3,418,180,212.419,211.763,138.269,147.219,211.639,212.419,-0.06292900454985692,-0.0562845813626557,-0.006644423187201223
blank,2,4,741,180,211.496,210.9,148.269,157.219,210.799,211.743,-0.07166619281376692,-0.071828335092288,1.621422785210852e-4
blank,2,5,1101,200,210.894,210.225,158.269,168.218,209.988,210.993,-0.08727185808799168,-0.07390098048244818,-0.013370877605543494
blank,2,6,1207,180,209.965,209.175,169.269,178.218,208.973,210.232,-0.14376000591594257,-0.11090761461096892,-0.03285239130497365
blank,2,7,1568,280,208.984,207.658,179.269,193.219,207.654,209.052,-0.0904303734504888,-0.07979930866676935,-0.010631064783719446
