Colony_ID,Run,Interval,Light_Value,N_points,O2_start,O2_end,DeltaT_min,DeltaT_max,O2_min,O2_max,Slope,Avg_Blank_Slope,Blank_Corrected_Slope
205,1,1,0,300,243.751,236.079,69.601,84.551,236.012,245.408,-0.8796553444062043,-0.057045413171852556,-0.8226099312343518
205,1,2,196,272,203.608,207.955,0,13.551,203.446,207.965,0.34254854586203703,-0.0578216160515818,0.40037016191361885
205,1,3,418,180,208.296,212.174,14.601,23.551,208.255,212.324,0.5053678305945862,-0.0562845813626557,0.5616524119572419
205,1,4,741,180,212.921,218.23,24.601,33.551,212.747,218.337,0.6220095467371636,-0.071828335092288,0.6938378818294516
205,1,5,1101,180,218.95,225.091,34.601,43.551,218.95,225.091,0.6857770768535475,-0.07390098048244818,0.7596780573359957
205,1,6,1207,180,225.769,232.038,44.601,53.551,225.769,232.087,0.703781488371557,-0.11090761461096892,0.8146891029825258
205,1,7,1568,280,232.81,243.05,54.601,68.551,232.717,243.05,0.7332460575885865,-0.07979930866676935,0.8130453662553558
