Colony_ID,Run,Interval,Light_Value,N_points,O2_start,O2_end,DeltaT_min,DeltaT_max,O2_min,O2_max,Slope,Avg_Blank_Slope,Blank_Corrected_Slope
239,3,1,0,301,298.128,284.386,302.308,317.307,284.386,301.977,-1.5187154976814954,-0.057045413171852556,-1.4616700845096429
239,3,2,196,241,201.323,205.946,234.308,246.307,201.323,205.946,0.37313336316493695,-0.0578216160515818,0.43095497921651876
239,3,3,418,181,206.232,213.923,247.308,256.308,206.07,213.935,0.9264941075432797,-0.0562845813626557,0.9827786889059353
239,3,4,741,181,214.977,227.635,257.308,266.308,214.9,227.644,1.5369965074334746,-0.071828335092288,1.6088248425257625
239,3,5,1101,181,229.135,244.982,267.308,276.307,229.135,245.239,1.8179716885897528,-0.07390098048244818,1.891872669072201
239,3,6,1207,181,247.049,264.763,277.308,286.308,246.795,264.768,2.007403502087214,-0.11090761461096892,2.118311116698183
239,3,7,1568,281,266.769,296.322,287.308,301.308,266.769,296.322,2.060723159369769,-0.07979930866676935,2.1405224680365382
