Colony_ID,Run,Interval,Light_Value,N_points,O2_start,O2_end,DeltaT_min,DeltaT_max,O2_min,O2_max,Slope,Avg_Blank_Slope,Blank_Corrected_Slope
226,2,1,0,301,393.878,369.608,194.417,209.418,369.511,398.091,-2.3614223925795628,-0.057045413171852556,-2.30437697940771
226,2,2,196,281,212.816,233.697,123.417,137.417,212.816,233.797,1.5634052241894945,-0.0578216160515818,1.6212268402410763
226,2,3,418,181,235.352,254.991,138.418,147.417,235.284,254.991,2.3596741244381905,-0.0562845813626557,2.415958705800846
226,2,4,741,181,257.254,281.486,148.418,157.418,257.254,281.486,2.856893695061418,-0.071828335092288,2.9287220301537062
226,2,5,1101,201,284.238,314.889,158.417,168.417,284.238,314.889,2.864863735211208,-0.07390098048244818,2.9387647156936563
226,2,6,1207,181,317.432,344.679,169.418,178.417,317.432,344.679,3.3374813774861947,-0.11090761461096892,3.4483889920971635
226,2,7,1568,281,348.156,391.132,179.418,193.418,347.994,391.132,3.1642686874558255,-0.07979930866676935,3.244067996122595
