Colony_ID,Run,Interval,Light_Value,N_points,O2_start,O2_end,DeltaT_min,DeltaT_max,O2_min,O2_max,Slope,Avg_Blank_Slope,Blank_Corrected_Slope
1,1,1,0,300,306.28,296.794,69.451,84.401,296.794,310.97,-1.3532657894641222,-0.057045413171852556,-1.2962203762922697
1,1,2,196,269,207.433,221.977,0,13.401,207.433,221.977,1.0941277308499258,-0.0578216160515818,1.1519493469015076
1,1,3,418,180,223.012,234.603,14.451,23.401,223.012,234.672,1.4185737626664414,-0.0562845813626557,1.4748583440290972
1,1,4,741,180,236.035,249.504,24.451,33.401,236.035,249.504,1.5134968051452926,-0.071828335092288,1.5853251402375805
1,1,5,1101,180,251.108,265.011,34.451,43.401,251.108,265.011,1.5416789319649706,-0.07390098048244818,1.6155799124474188
1,1,6,1207,180,266.266,280.613,44.451,53.401,266.266,280.783,1.6051724207997593,-0.11090761461096892,1.7160800354107282
1,1,7,1568,280,282.431,304.801,54.451,68.401,282.431,304.801,1.6044040646472086,-0.07979930866676935,1.684203373313978
