Colony_ID,Run,Interval,Light_Value,N_points,O2_start,O2_end,DeltaT_min,DeltaT_max,O2_min,O2_max,Slope,Avg_Blank_Slope,Blank_Corrected_Slope
29,4,1,0,360,294.464,279.494,75.197,93.147,279.417,299.97,-1.480389153955483,-0.057045413171852556,-1.4233437407836305
29,4,2,196,280,186.364,192.224,5.197,19.147,186.357,192.224,0.42951522332966324,-0.0578216160515818,0.48733683938124506
29,4,3,418,180,192.519,200.765,20.197,29.147,192.519,200.765,0.9841661802471843,-0.0562845813626557,1.04045076160984
29,4,4,741,135,201.922,214.503,30.197,38.947,201.88,214.503,1.47758904094172,-0.071828335092288,1.549417376034008
29,4,5,1101,180,216.428,232.963,40.197,49.147,216.428,232.963,1.9208534882544432,-0.07390098048244818,1.9947544687368914
29,4,6,1207,180,234.948,254.255,50.197,59.147,234.948,254.286,2.2497426906557383,-0.11090761461096892,2.360650305266707
29,4,7,1568,280,256.582,291.706,60.197,74.147,256.582,291.706,2.5508645482567744,-0.07979930866676935,2.630663856923544
