Colony_ID,Run,Interval,Light_Value,N_points,O2_start,O2_end,DeltaT_min,DeltaT_max,O2_min,O2_max,Slope,Avg_Blank_Slope,Blank_Corrected_Slope
221,4,1,0,361,271.402,257.744,74.951,92.951,257.619,275.016,-1.3226628439419772,-0.057045413171852556,-1.2656174307701247
221,4,2,196,281,186.67,194.05,4.951,18.951,186.599,194.05,0.5390374209082868,-0.0578216160515818,0.5968590369598685
221,4,3,418,181,194.628,203.64,19.952,28.951,194.583,203.64,1.0694379758675272,-0.0562845813626557,1.125722557230183
221,4,4,741,136,204.814,216.874,29.951,38.751,204.652,216.874,1.4418807729916796,-0.071828335092288,1.5137091080839675
221,4,5,1101,181,218.733,232.507,39.951,48.951,218.694,232.634,1.5755496271767528,-0.07390098048244818,1.649450607659201
221,4,6,1207,181,234.16,248.182,49.952,58.951,234.16,248.182,1.5539040804130062,-0.11090761461096892,1.664811695023975
221,4,7,1568,281,249.385,270.496,59.952,73.952,249.385,270.496,1.511894404433219,-0.07979930866676935,1.5916937130999884
