Colony_ID,Run,Light_Value,Raw_Slope,Avg_Blank_Slope,Blank_Corrected_Slope
213,5,0,-0.9117536116016535,-0.057045413171852556,-0.854708198429801
213,5,196,0.7853843104203131,-0.0578216160515818,0.8432059264718949
213,5,418,1.0303751648622697,-0.0562845813626557,1.0866597462249254
213,5,741,1.0074450546979214,-0.071828335092288,1.0792733897902094
213,5,1101,1.185628089494243,-0.07390098048244818,1.2595290699766912
213,5,1207,1.232806482399453,-0.11090761461096892,1.3437140970104218
213,5,1568,1.2461460248278506,-0.07979930866676935,1.32594533349462
