Colony_ID,Run,Light_Value,Raw_Slope,Avg_Blank_Slope,Blank_Corrected_Slope
205,1,0,-0.8796553444062043,-0.057045413171852556,-0.8226099312343518
205,1,196,0.34254854586203703,-0.0578216160515818,0.40037016191361885
205,1,418,0.5053678305945862,-0.0562845813626557,0.5616524119572419
205,1,741,0.6220095467371636,-0.071828335092288,0.6938378818294516
205,1,1101,0.6857770768535475,-0.07390098048244818,0.7596780573359957
205,1,1207,0.703781488371557,-0.11090761461096892,0.8146891029825258
205,1,1568,0.7332460575885865,-0.07979930866676935,0.8130453662553558
