Colony_ID,Run,Interval,Light_Value,N_points,O2_start,O2_end,DeltaT_min,DeltaT_max,O2_min,O2_max,Slope,Avg_Blank_Slope,Blank_Corrected_Slope
214,2,1,0,300,223.898,222.643,194.325,209.275,222.426,228.575,-0.8340725061270878,-0.057045413171852556,-0.7770270929552353
214,2,2,196,280,196.232,204.83,123.324,137.274,196.232,204.877,0.2963899870840552,-0.0578216160515818,0.354211603135637
214,2,3,418,180,205.151,208.277,138.324,147.274,205.113,208.429,0.38684648562391993,-0.0562845813626557,0.4431310669865756
214,2,4,741,180,208.747,212.253,148.325,157.275,208.689,212.433,0.4018647173806083,-0.071828335092288,0.4736930524728963
214,2,5,1101,200,212.987,214.374,158.324,168.275,212.798,216.436,0.4357471133800833,-0.07390098048244818,0.5096480938625315
214,2,6,1207,180,212.996,218.293,169.324,178.274,211.281,219.663,-0.826436292453076,-0.11090761461096892,-0.7155286778421072
214,2,7,1568,280,216.969,222.34,179.324,193.274,211.375,222.402,-1.095674743620786,-0.07979930866676935,-1.0158754349540167
