Colony_ID,Run,Light_Value,Raw_Slope,Avg_Blank_Slope,Blank_Corrected_Slope
239,3,0,-1.5187154976814954,-0.057045413171852556,-1.4616700845096429
239,3,196,0.37313336316493695,-0.0578216160515818,0.43095497921651876
239,3,418,0.9264941075432797,-0.0562845813626557,0.9827786889059353
239,3,741,1.5369965074334746,-0.071828335092288,1.6088248425257625
239,3,1101,1.8179716885897528,-0.07390098048244818,1.891872669072201
239,3,1207,2.007403502087214,-0.11090761461096892,2.118311116698183
239,3,1568,2.060723159369769,-0.07979930866676935,2.1405224680365382
