Colony_ID,Run,Interval,Light_Value,N_points,O2_start,O2_end,DeltaT_min,DeltaT_max,O2_min,O2_max,Slope,Avg_Blank_Slope,Blank_Corrected_Slope
41,1,1,0,301,315.937,304.849,69.308,84.308,304.849,321.73,-1.528535585071728,-0.057045413171852556,-1.4714901718998754
41,1,2,196,267,206.191,217.897,0,13.308,206.191,217.982,0.8896583460328723,-0.0578216160515818,0.9474799620844541
41,1,3,418,181,218.939,229.492,14.308,23.307,218.816,229.495,1.2656566466028483,-0.0562845813626557,1.321941227965504
41,1,4,741,181,230.948,244.71,24.308,33.307,230.948,244.751,1.5061631552468224,-0.071828335092288,1.5779914903391103
41,1,5,1101,181,246.551,262.795,34.308,43.307,246.551,262.795,1.7995066051799262,-0.07390098048244818,1.8734075856623744
41,1,6,1207,181,264.306,282.431,44.308,53.307,264.306,282.431,1.984431024626559,-0.11090761461096892,2.095338639237528
41,1,7,1568,281,284.144,314.053,54.308,68.308,284.144,314.262,2.1124515652287346,-0.07979930866676935,2.192250873895504
