Colony_ID,Run,Interval,Light_Value,N_points,O2_start,O2_end,DeltaT_min,DeltaT_max,O2_min,O2_max,Slope,Avg_Blank_Slope,Blank_Corrected_Slope
19,1,1,0,300,260.998,253.435,69.304,84.254,253.21,262.474,-0.7416895679430882,-0.057045413171852556,-0.6846441547712356
19,1,2,196,266,207.967,216.049,0,13.254,207.877,216.049,0.6364808007207003,-0.0578216160515818,0.6943024167722821
19,1,3,418,180,216.63,223.678,14.304,23.254,216.63,223.744,0.7883206100270836,-0.0562845813626557,0.8446051913897393
19,1,4,741,180,224.604,231.795,24.304,33.254,224.541,231.872,0.817190992192999,-0.071828335092288,0.889019327285287
19,1,5,1101,180,232.647,240.029,34.304,43.254,232.647,240.084,0.8102400878114547,-0.07390098048244818,0.8841410682939029
19,1,6,1207,180,240.782,248.57,44.304,53.254,240.782,248.57,0.8143421869771525,-0.11090761461096892,0.9252498015881214
19,1,7,1568,280,249.415,259.847,54.304,68.254,249.146,260.333,0.6803508974552481,-0.07979930866676935,0.7601502061220174
