Colony_ID,Run,Interval,Light_Value,N_points,O2_start,O2_end,DeltaT_min,DeltaT_max,O2_min,O2_max,Slope,Avg_Blank_Slope,Blank_Corrected_Slope
238,2,1,0,300,226.471,226.13,194.502,209.453,226.13,234.074,-0.8493698960487436,-0.057045413171852556,-0.7923244828768911
238,2,2,196,280,149.028,154.276,123.502,137.452,148.943,154.276,0.40193900315214925,-0.0578216160515818,0.45976061920373107
238,2,3,418,180,154.79,160.87,138.502,147.452,154.725,160.965,0.777987874464089,-0.0562845813626557,0.8342724558267447
238,2,4,741,180,161.833,170.871,148.503,157.453,161.784,170.871,1.0983341146655297,-0.071828335092288,1.1701624497578176
238,2,5,1101,200,172.011,184.441,158.502,168.453,172.011,184.441,1.221420748805506,-0.07390098048244818,1.2953217292879542
238,2,6,1207,180,185.888,198.245,169.502,178.452,185.844,198.245,1.330573944174845,-0.11090761461096892,1.4414815587858139
238,2,7,1568,280,200.001,224.415,179.502,193.452,199.96,224.415,1.820911506947739,-0.07979930866676935,1.9007108156145085
