Colony_ID,Run,Light_Value,Raw_Slope,Avg_Blank_Slope,Blank_Corrected_Slope
43,3,0,-1.0527900512256503,-0.057045413171852556,-0.9957446380537978
43,3,196,0.2894534012586034,-0.0578216160515818,0.34727501731018523
43,3,418,1.0227822468793373,-0.0562845813626557,1.079066828241993
43,3,741,1.535429157046224,-0.071828335092288,1.6072574921385119
43,3,1101,1.8160916940985583,-0.07390098048244818,1.8899926745810065
43,3,1207,1.9914463941881069,-0.11090761461096892,2.1023540087990757
43,3,1568,2.2511854758339247,-0.07979930866676935,2.330984784500694
