Colony_ID,Run,Interval,Light_Value,N_points,O2_start,O2_end,DeltaT_min,DeltaT_max,O2_min,O2_max,Slope,Avg_Blank_Slope,Blank_Corrected_Slope
2,2,1,0,300,309.076,306.338,194.468,209.418,306.235,315.228,-0.9825739971820179,-0.057045413171852556,-0.9255285840101654
2,2,2,196,280,209.007,222.281,123.468,137.418,208.843,222.281,0.9878030621362432,-0.0578216160515818,1.0456246781878251
2,2,3,418,180,223.285,235.067,138.468,147.418,223.285,235.067,1.4074450684450885,-0.0562845813626557,1.4637296498077443
2,2,4,741,180,236.392,249.817,148.468,157.418,236.392,249.817,1.5126287986143858,-0.071828335092288,1.5844571337066737
2,2,5,1101,200,251.491,266.642,158.468,168.418,251.344,266.834,1.5380152954094497,-0.07390098048244818,1.611916275891898
2,2,6,1207,180,268.664,282.058,169.468,178.418,268.351,282.113,1.47274501507379,-0.11090761461096892,1.5836526296847588
2,2,7,1568,280,283.962,306.815,179.468,193.418,283.962,307.119,1.6490429521074441,-0.07979930866676935,1.7288422607742135
