Colony_ID,Run,Interval,Light_Value,N_points,O2_start,O2_end,DeltaT_min,DeltaT_max,O2_min,O2_max,Slope,Avg_Blank_Slope,Blank_Corrected_Slope
244,2,1,0,300,311.931,307.466,194.601,209.551,307.444,321.583,-1.4524925972231437,-0.057045413171852556,-1.3954471840512912
244,2,2,196,280,198.555,205.558,123.601,137.551,198.379,205.62,0.41683785735820805,-0.0578216160515818,0.47465947340978987
244,2,3,418,180,205.938,213.306,138.601,147.551,205.938,213.37,0.967284245197043,-0.0562845813626557,1.0235688265596987
244,2,4,741,180,214.469,227.55,148.601,157.551,214.346,227.55,1.638204721346258,-0.071828335092288,1.710033056438546
244,2,5,1101,200,229.337,248.919,158.601,168.551,229.337,248.919,2.061266754635738,-0.07390098048244818,2.1351677351181864
244,2,6,1207,180,251.182,270.882,169.601,178.551,251.057,270.882,2.220946389487154,-0.11090761461096892,2.331854004098123
244,2,7,1568,280,273.519,309.091,179.601,193.551,273.519,309.195,2.6170937780492287,-0.07979930866676935,2.696893086715998
