Colony_ID,Run,Interval,Light_Value,N_points,O2_start,O2_end,DeltaT_min,DeltaT_max,O2_min,O2_max,Slope,Avg_Blank_Slope,Blank_Corrected_Slope
3,3,1,0,301,244.507,238.707,302.52,317.52,238.549,246.396,-0.6709686787566943,-0.057045413171852556,-0.6139232655848418
3,3,2,196,241,202.104,206.697,234.52,246.519,201.867,206.697,0.3848086656346719,-0.0578216160515818,0.44263028168625373
3,3,3,418,181,206.998,212.328,247.52,256.52,206.998,212.328,0.6076316510715746,-0.0562845813626557,0.6639162324342303
3,3,4,741,181,212.922,218.843,257.52,266.519,212.898,218.868,0.6713633529121353,-0.071828335092288,0.7431916880044234
3,3,5,1101,181,219.445,225.566,267.52,276.52,219.445,225.566,0.679410231171958,-0.07390098048244818,0.7533112116544062
3,3,6,1207,181,226.197,232.407,277.52,286.52,226.128,232.632,0.7105615231041565,-0.11090761461096892,0.8214691377151254
3,3,7,1568,281,233.203,243.843,287.52,301.52,233.203,243.843,0.7542040709598321,-0.07979930866676935,0.8340033796266014
