Colony_ID,Run,Light_Value,Raw_Slope,Avg_Blank_Slope,Blank_Corrected_Slope
240,4,0,-0.6884956615436912,-0.057045413171852556,-0.6314502483718387
240,4,196,0.3292656097083562,-0.0578216160515818,0.38708722575993804
240,4,418,0.561329850749677,-0.0562845813626557,0.6176144321123327
240,4,741,0.794614215549996,-0.071828335092288,0.866442550642284
240,4,1101,0.9834858130375411,-0.07390098048244818,1.0573867935199892
240,4,1207,0.999606582919461,-0.11090761461096892,1.11051419753043
240,4,1568,1.0278949775652984,-0.07979930866676935,1.1076942862320678
