Colony_ID,Run,Interval,Light_Value,N_points,O2_start,O2_end,DeltaT_min,DeltaT_max,O2_min,O2_max,Slope,Avg_Blank_Slope,Blank_Corrected_Slope
211,4,1,0,360,271.227,264.286,75.057,93.007,264.168,275.972,-0.9930242258495201,-0.057045413171852556,-0.9359788126776676
211,4,2,196,280,185.238,194.929,5.057,19.008,185.238,195.011,0.6927416208496923,-0.0578216160515818,0.750563236901274
211,4,3,418,180,195.695,204.655,20.057,29.007,195.695,204.655,1.0783681306020498,-0.0562845813626557,1.1346527119647056
211,4,4,741,135,205.929,217.369,30.057,38.807,205.905,217.369,1.2757159373514448,-0.071828335092288,1.3475442724437328
211,4,5,1101,180,219.276,232.074,40.057,49.008,219.244,232.185,1.4523678409304739,-0.07390098048244818,1.526268821412922
211,4,6,1207,180,233.779,247.15,50.057,59.007,233.754,247.15,1.5034867727949046,-0.11090761461096892,1.6143943874058735
211,4,7,1568,280,248.687,269.865,60.057,74.008,248.673,269.865,1.5267623619584756,-0.07979930866676935,1.606561670625245
