Colony_ID,Run,Interval,Light_Value,N_points,O2_start,O2_end,DeltaT_min,DeltaT_max,O2_min,O2_max,Slope,Avg_Blank_Slope,Blank_Corrected_Slope
241,4,1,0,361,342.815,323.99,74.908,92.908,323.896,347.871,-1.6465503448368988,-0.057045413171852556,-1.5895049316650463
241,4,2,196,281,193.022,211.729,4.908,18.908,193.022,211.729,1.3331374417615056,-0.0578216160515818,1.3909590578130875
241,4,3,418,181,213.17,230.402,19.908,28.908,212.914,230.402,2.037156564242729,-0.0562845813626557,2.0934411456053845
241,4,4,741,136,232.539,252.954,29.908,38.708,232.539,253.044,2.401068183202867,-0.071828335092288,2.4728965182951552
241,4,5,1101,181,256.149,277.788,39.908,48.908,256.037,277.788,2.4438038896294874,-0.07390098048244818,2.5177048701119356
241,4,6,1207,181,280.379,302.789,49.908,58.908,280.379,302.789,2.5149602374969926,-0.11090761461096892,2.6258678521079615
241,4,7,1568,281,305.324,340.329,59.908,73.908,305.324,340.397,2.521449244823419,-0.07979930866676935,2.6012485534901884
