Colony_ID,Run,Interval,Light_Value,N_points,O2_start,O2_end,DeltaT_min,DeltaT_max,O2_min,O2_max,Slope,Avg_Blank_Slope,Blank_Corrected_Slope
27,2,1,0,301,366.48,351.659,194.27,209.271,351.659,379.302,-2.6179870855386094,-0.057045413171852556,-2.5609416723667566
27,2,2,196,281,208.043,223.928,123.27,137.27,208.043,223.928,1.1452788232671074,-0.0578216160515818,1.2031004393186893
27,2,3,418,181,225.045,240.925,138.271,147.27,225.045,240.925,1.8885523990003295,-0.0562845813626557,1.9448369803629852
27,2,4,741,181,242.615,264.98,148.271,157.271,242.615,264.98,2.6443528983294105,-0.071828335092288,2.7161812334216986
27,2,5,1101,201,267.938,297.644,158.27,168.271,267.938,297.644,3.1253579229530657,-0.07390098048244818,3.199258903435514
27,2,6,1207,181,300.876,322.905,169.27,178.27,300.876,324.256,3.451530437942774,-0.11090761461096892,3.562438052553743
27,2,7,1568,281,325.507,365.566,179.271,193.271,325.507,365.566,3.5566737819066856,-0.07979930866676935,3.636473090573455
