Colony_ID,Run,Interval,Light_Value,N_points,O2_start,O2_end,DeltaT_min,DeltaT_max,O2_min,O2_max,Slope,Avg_Blank_Slope,Blank_Corrected_Slope
42,2,1,0,300,262.893,259.779,194.362,209.312,259.779,270.121,-1.0299906144984359,-0.057045413171852556,-0.9729452013265834
42,2,2,196,280,164.864,177.138,123.362,137.312,164.864,177.138,0.6144418415273977,-0.0578216160515818,0.6722634575789794
42,2,3,418,180,177.628,186.259,138.362,147.312,177.628,186.259,1.0306319083105226,-0.0562845813626557,1.0869164896731784
42,2,4,741,180,187.186,199.131,148.363,157.313,187.186,199.154,1.388174116436365,-0.071828335092288,1.460002451528653
42,2,5,1101,200,200.563,216.799,158.362,168.312,200.563,216.799,1.6398928990664943,-0.07390098048244818,1.7137938795489425
42,2,6,1207,180,218.505,233.137,169.362,178.312,218.505,233.244,1.7442311601617189,-0.11090761461096892,1.8551387747726877
42,2,7,1568,280,235.548,261.187,179.362,193.312,235.142,261.365,1.8386552103424825,-0.07979930866676935,1.918454519009252
