Colony_ID,Run,Interval,Light_Value,N_points,O2_start,O2_end,DeltaT_min,DeltaT_max,O2_min,O2_max,Slope,Avg_Blank_Slope,Blank_Corrected_Slope
248,5,1,0,300,322.397,315.003,198.087,213.038,314.941,328.601,-1.269276450835039,-0.057045413171852556,-1.2122310376631864
248,5,2,196,280,189.906,205.813,128.087,142.037,189.906,205.813,1.1801718990796959,-0.0578216160515818,1.2379935151312778
248,5,3,418,180,207.1,222.069,143.087,152.038,207.1,222.069,1.7462241485677308,-0.0562845813626557,1.8025087299303866
248,5,4,741,180,223.761,238.426,153.088,162.038,223.761,238.426,1.6640005679372263,-0.071828335092288,1.7358289030295142
248,5,5,1101,180,240.235,259.316,163.088,172.038,240.169,259.316,2.1302278554998226,-0.07390098048244818,2.204128835982271
248,5,6,1207,180,261.364,281.406,173.087,182.037,261.364,281.406,2.3226700186739637,-0.11090761461096892,2.4335776332849326
248,5,7,1568,280,283.754,319.418,183.088,197.038,283.754,319.418,2.6038483703426047,-0.07979930866676935,2.683647679009374
