Colony_ID,Run,Interval,Light_Value,N_points,O2_start,O2_end,DeltaT_min,DeltaT_max,O2_min,O2_max,Slope,Avg_Blank_Slope,Blank_Corrected_Slope
247,3,1,0,300,351.897,342.622,302.269,317.219,342.622,358.798,-1.4911814458797537,-0.057045413171852556,-1.4341360327079011
247,3,2,196,240,212.525,218.249,234.269,246.219,212.391,218.382,0.48300654438180307,-0.0578216160515818,0.5408281604333849
247,3,3,418,180,218.827,229.536,247.269,256.219,218.827,229.536,1.3687454545439746,-0.0562845813626557,1.4250300359066304
247,3,4,741,180,230.972,248.717,257.269,266.219,230.972,248.717,2.114806143706464,-0.071828335092288,2.186634478798752
247,3,5,1101,180,250.999,273.584,267.269,276.219,250.999,273.584,2.5989221996485714,-0.07390098048244818,2.6728231801310196
247,3,6,1207,180,276.332,301.824,277.269,286.219,276.332,301.824,2.959656927353953,-0.11090761461096892,3.070564541964922
247,3,7,1568,280,305.025,348.539,287.268,301.218,304.872,348.539,3.143899762398705,-0.07979930866676935,3.2236990710654743
