Colony_ID,Run,Interval,Light_Value,N_points,O2_start,O2_end,DeltaT_min,DeltaT_max,O2_min,O2_max,Slope,Avg_Blank_Slope,Blank_Corrected_Slope
20,2,1,0,300,314.548,310.323,194.553,209.503,310.323,321.371,-1.1807238204284043,-0.057045413171852556,-1.1236784072565518
20,2,2,196,280,203.178,216.939,123.553,137.503,203.118,217.034,0.9867776428206129,-0.0578216160515818,1.0445992588721946
20,2,3,418,180,218.035,230.351,138.553,147.503,218.027,230.494,1.4925090405992032,-0.0562845813626557,1.548793621961859
20,2,4,741,180,232.195,247.427,148.553,157.503,232.09,247.447,1.7780110049335458,-0.071828335092288,1.8498393400258337
20,2,5,1101,200,249.523,267.658,158.553,168.503,249.523,267.658,1.8482251717292277,-0.07390098048244818,1.922126152211676
20,2,6,1207,180,269.81,285.606,169.553,178.503,269.81,285.653,1.8139882058170544,-0.11090761461096892,1.9248958204280233
20,2,7,1568,280,287.844,313.106,179.553,193.503,287.615,313.106,1.838386362718862,-0.07979930866676935,1.9181856713856313
