Colony_ID,Run,Light_Value,Raw_Slope,Avg_Blank_Slope,Blank_Corrected_Slope
46,5,0,-1.8255337652663381,-0.057045413171852556,-1.7684883520944856
46,5,196,1.0600161560307608,-0.0578216160515818,1.1178377720823427
46,5,418,1.7707972087846244,-0.0562845813626557,1.8270817901472802
46,5,741,1.7888019099147279,-0.071828335092288,1.8606302450070158
46,5,1101,2.8512094277249305,-0.07390098048244818,2.9251104082073787
46,5,1207,3.2132099292719816,-0.11090761461096892,3.3241175438829504
46,5,1568,3.3743593243399665,-0.07979930866676935,3.454158633006736
