Colony_ID,Run,Interval,Light_Value,N_points,O2_start,O2_end,DeltaT_min,DeltaT_max,O2_min,O2_max,Slope,Avg_Blank_Slope,Blank_Corrected_Slope
201,3,1,0,301,299.692,294.307,302.418,317.417,294.166,304.141,-0.9852351301103114,-0.057045413171852556,-0.9281897169384589
201,3,2,196,241,207.608,216.158,234.418,246.417,207.608,216.203,0.8160261284515555,-0.0578216160515818,0.8738477445031373
201,3,3,418,181,217.017,227.407,247.418,256.418,217.017,227.515,1.221975591758679,-0.0562845813626557,1.2782601731213348
201,3,4,741,181,228.743,241.753,257.418,266.418,228.656,241.753,1.525325813747078,-0.071828335092288,1.597154148839366
201,3,5,1101,181,243.453,257.67,267.417,276.417,243.424,257.67,1.5889341371825494,-0.07390098048244818,1.6628351176649976
201,3,6,1207,181,259.438,273.751,277.418,286.418,259.305,274.038,1.614286157018949,-0.11090761461096892,1.725193771629918
201,3,7,1568,281,275.665,298.079,287.417,301.418,275.579,298.079,1.5998545098911847,-0.07979930866676935,1.6796538185579541
