Colony_ID,Run,Interval,Light_Value,N_points,O2_start,O2_end,DeltaT_min,DeltaT_max,O2_min,O2_max,Slope,Avg_Blank_Slope,Blank_Corrected_Slope
233,3,1,0,300,310.847,303.831,302.417,317.367,303.831,317.363,-1.3705100090748932,-0.057045413171852556,-1.3134645959030407
233,3,2,196,240,201.563,207.977,234.417,246.367,201.563,208.028,0.5633008986519391,-0.0578216160515818,0.6211225147035209
233,3,3,418,180,208.595,217.395,247.417,256.367,208.565,217.418,1.1020781188353281,-0.0562845813626557,1.158362700197984
233,3,4,741,180,218.745,231.918,257.417,266.367,218.723,231.918,1.586390133628423,-0.071828335092288,1.6582184687207109
233,3,5,1101,180,233.631,250.146,267.417,276.367,233.631,250.146,1.812604566794694,-0.07390098048244818,1.8865055472771421
233,3,6,1207,180,252.353,271.7,277.417,286.367,252.225,271.7,2.224879919499095,-0.11090761461096892,2.335787534110064
233,3,7,1568,280,274.185,308.463,287.417,301.367,274.103,308.463,2.430867030039898,-0.07979930866676935,2.5106663387066672
