Colony_ID,Run,Interval,Light_Value,N_points,O2_start,O2_end,DeltaT_min,DeltaT_max,O2_min,O2_max,Slope,Avg_Blank_Slope,Blank_Corrected_Slope
236,5,1,0,300,288.628,278.796,198.175,213.125,278.72,294.068,-1.3225926019351975,-0.057045413171852556,-1.265547188763345
236,5,2,196,280,180.212,188.27,128.175,142.126,180.212,188.3,0.5960154831653773,-0.0578216160515818,0.6538370992169591
236,5,3,418,180,188.973,198.851,143.175,152.125,188.973,198.99,1.1795604564410131,-0.0562845813626557,1.235845037803669
236,5,4,741,180,200.35,210.779,153.176,162.125,200.344,210.779,1.161280554053234,-0.071828335092288,1.233108889145522
236,5,5,1101,180,211.993,228.712,163.176,172.125,211.993,228.712,1.971437857272166,-0.07390098048244818,2.0453388377546142
236,5,6,1207,180,230.852,249.601,173.175,182.125,230.852,249.601,2.19372105414401,-0.11090761461096892,2.304628668754979
236,5,7,1568,280,252.042,286.067,183.175,197.125,252.042,286.067,2.4458249160101246,-0.07979930866676935,2.525624224676894
