Colony_ID,Run,Light_Value,Raw_Slope,Avg_Blank_Slope,Blank_Corrected_Slope
203,5,0,-0.7443071176735373,-0.057045413171852556,-0.6872617045016848
203,5,196,0.5969314823430214,-0.0578216160515818,0.6547530983946032
203,5,418,0.8555030841404889,-0.0562845813626557,0.9117876655031446
203,5,741,0.8448739363759736,-0.071828335092288,0.9167022714682617
203,5,1101,1.1133211635551674,-0.07390098048244818,1.1872221440376156
203,5,1207,1.097641508104463,-0.11090761461096892,1.208549122715432
203,5,1568,1.1184910601677385,-0.07979930866676935,1.198290368834508
