Colony_ID,Run,Interval,Light_Value,N_points,O2_start,O2_end,DeltaT_min,DeltaT_max,O2_min,O2_max,Slope,Avg_Blank_Slope,Blank_Corrected_Slope
237,1,1,0,301,319.908,308.919,69.451,84.452,308.919,324.657,-1.3760756452279945,-0.057045413171852556,-1.319030232056142
237,1,2,196,270,202.692,212.936,0,13.451,202.651,212.943,0.7913588010396725,-0.0578216160515818,0.8491804170912542
237,1,3,418,181,213.802,224.543,14.451,23.451,213.741,224.607,1.3211631626156888,-0.0562845813626557,1.3774477439783446
237,1,4,741,181,225.955,241.516,24.451,33.452,225.955,241.516,1.827150994014214,-0.071828335092288,1.898979329106502
237,1,5,1101,181,243.515,261.747,34.451,43.451,243.471,261.747,2.0670300512026736,-0.07390098048244818,2.1409310316851218
237,1,6,1207,181,263.796,283.288,44.451,53.451,263.796,283.412,2.2569808815249783,-0.11090761461096892,2.367888496135947
237,1,7,1568,281,285.556,317.413,54.451,68.452,285.556,317.413,2.3024896796539536,-0.07979930866676935,2.382288988320723
