Colony_ID,Run,Interval,Light_Value,N_points,O2_start,O2_end,DeltaT_min,DeltaT_max,O2_min,O2_max,Slope,Avg_Blank_Slope,Blank_Corrected_Slope
212,1,1,0,301,208.572,204.691,69.346,84.345,204.527,210.899,-0.6053174087540651,-0.057045413171852556,-0.5482719955822126
212,1,2,196,268,167.908,173.303,0,13.346,167.818,173.303,0.41464580702202747,-0.0578216160515818,0.4724674230736093
212,1,3,418,181,173.676,178.232,14.345,23.345,173.613,178.232,0.5049956646102574,-0.0562845813626557,0.561280245972913
212,1,4,741,181,178.798,184.11,24.346,33.346,178.69,184.165,0.6297155685456732,-0.071828335092288,0.7015439036379613
212,1,5,1101,181,184.828,190.731,34.346,43.346,184.828,190.808,0.6488320210704852,-0.07390098048244818,0.7227330015529334
212,1,6,1207,181,191.444,197.578,44.345,53.345,191.444,197.599,0.7005321822904236,-0.11090761461096892,0.8114397969013925
212,1,7,1568,281,198.336,208.08,54.346,68.346,198.336,208.11,0.6876826710257872,-0.07979930866676935,0.7674819796925565
