Colony_ID,Run,Light_Value,Raw_Slope,Avg_Blank_Slope,Blank_Corrected_Slope
210,4,0,-0.9239319156747615,-0.057045413171852556,-0.866886502502909
210,4,196,0.552492057246301,-0.0578216160515818,0.6103136732978828
210,4,418,0.8776543201920464,-0.0562845813626557,0.933938901554702
210,4,741,1.1036182892677204,-0.071828335092288,1.1754466243600084
210,4,1101,1.2988022917724171,-0.07390098048244818,1.3727032722548653
210,4,1207,1.3813152736823482,-0.11090761461096892,1.492222888293317
210,4,1568,1.4160199226430883,-0.07979930866676935,1.4958192313098577
