Colony_ID,Run,Light_Value,Raw_Slope,Avg_Blank_Slope,Blank_Corrected_Slope
201,3,0,-0.9852351301103114,-0.057045413171852556,-0.9281897169384589
201,3,196,0.8160261284515555,-0.0578216160515818,0.8738477445031373
201,3,418,1.221975591758679,-0.0562845813626557,1.2782601731213348
201,3,741,1.525325813747078,-0.071828335092288,1.597154148839366
201,3,1101,1.5889341371825494,-0.07390098048244818,1.6628351176649976
201,3,1207,1.614286157018949,-0.11090761461096892,1.725193771629918
201,3,1568,1.5998545098911847,-0.07979930866676935,1.6796538185579541
