Colony_ID,Run,Interval,Light_Value,N_points,O2_start,O2_end,DeltaT_min,DeltaT_max,O2_min,O2_max,Slope,Avg_Blank_Slope,Blank_Corrected_Slope
45,4,1,0,360,197.104,190.35,75.148,93.098,190.237,200.508,-0.7422333388050475,-0.057045413171852556,-0.685187925633195
45,4,2,196,280,138.041,141.734,5.147,19.098,137.877,141.785,0.28879755119855527,-0.0578216160515818,0.3466191672501371
45,4,3,418,180,142.082,146.986,20.148,29.098,142.052,147.074,0.596274905738382,-0.0562845813626557,0.6525594871010377
45,4,4,741,135,147.819,155.235,30.148,38.898,147.76,155.235,0.8774503976324834,-0.071828335092288,0.9492787327247715
45,4,5,1101,180,156.381,165.416,40.148,49.098,156.326,165.416,1.0297571914046202,-0.07390098048244818,1.1036581718870684
45,4,6,1207,180,166.517,176.398,50.148,59.098,166.433,176.671,1.1278434605776184,-0.11090761461096892,1.2387510751885873
45,4,7,1568,280,177.925,195.877,60.148,74.097,177.827,195.877,1.2921329034092646,-0.07979930866676935,1.371932212076034
