Colony_ID,Run,Interval,Light_Value,N_points,O2_start,O2_end,DeltaT_min,DeltaT_max,O2_min,O2_max,Slope,Avg_Blank_Slope,Blank_Corrected_Slope
46,5,1,0,301,358.493,345.228,197.863,212.863,345.228,365.608,-1.8255337652663381,-0.057045413171852556,-1.7684883520944856
46,5,2,196,281,198.72,213.749,127.863,141.863,198.715,213.749,1.0600161560307608,-0.0578216160515818,1.1178377720823427
46,5,3,418,181,214.635,230.216,142.863,151.863,214.635,230.227,1.7707972087846244,-0.0562845813626557,1.8270817901472802
46,5,4,741,180,232.142,248.218,152.863,161.863,232.142,248.218,1.7888019099147279,-0.071828335092288,1.8606302450070158
46,5,5,1101,181,249.994,274.826,162.863,171.863,249.994,274.826,2.8512094277249305,-0.07390098048244818,2.9251104082073787
46,5,6,1207,181,277.599,304.668,172.863,181.863,277.424,304.712,3.2132099292719816,-0.11090761461096892,3.3241175438829504
46,5,7,1568,281,307.851,354.701,182.863,196.863,307.851,354.899,3.3743593243399665,-0.07979930866676935,3.454158633006736
