Colony_ID,Run,Interval,Light_Value,N_points,O2_start,O2_end,DeltaT_min,DeltaT_max,O2_min,O2_max,Slope,Avg_Blank_Slope,Blank_Corrected_Slope
44,3,1,0,300,264.021,257.326,302.519,317.469,257.285,268.828,-0.9582175046794897,-0.057045413171852556,-0.9011720915076372
44,3,2,196,240,151.75,157.798,234.519,246.469,151.47,157.798,0.557670716380397,-0.0578216160515818,0.6154923324319788
44,3,3,418,180,158.407,167.936,247.519,256.469,158.407,167.943,1.1526949705717757,-0.0562845813626557,1.2089795519344315
44,3,4,741,180,169.115,183.597,257.519,266.469,169.115,183.597,1.7261525500107902,-0.071828335092288,1.797980885103078
44,3,5,1101,180,185.336,203.123,267.519,276.469,185.336,203.179,1.978737655646204,-0.07390098048244818,2.052638636128652
44,3,6,1207,180,205.376,225.432,277.519,286.469,205.338,225.432,2.241638661110371,-0.11090761461096892,2.35254627572134
44,3,7,1568,280,227.63,261.113,287.519,301.469,227.63,261.35,2.410059473791071,-0.07979930866676935,2.4898587824578406
