Colony_ID,Run,Interval,Light_Value,N_points,O2_start,O2_end,DeltaT_min,DeltaT_max,O2_min,O2_max,Slope,Avg_Blank_Slope,Blank_Corrected_Slope
210,4,1,0,360,259.261,249.995,75.159,93.109,249.995,262.864,-0.9239319156747615,-0.057045413171852556,-0.866886502502909
210,4,2,196,280,184.149,191.696,5.159,19.109,183.979,191.798,0.552492057246301,-0.0578216160515818,0.6103136732978828
210,4,3,418,180,192.389,199.827,20.159,29.108,192.365,199.827,0.8776543201920464,-0.0562845813626557,0.933938901554702
210,4,4,741,135,200.795,210.296,30.159,38.908,200.795,210.296,1.1036182892677204,-0.071828335092288,1.1754466243600084
210,4,5,1101,180,211.978,223.295,40.159,49.109,211.976,223.349,1.2988022917724171,-0.07390098048244818,1.3727032722548653
210,4,6,1207,180,224.795,236.83,50.159,59.109,224.692,236.955,1.3813152736823482,-0.11090761461096892,1.492222888293317
210,4,7,1568,280,238.232,257.854,60.159,74.109,238.232,258.091,1.4160199226430883,-0.07979930866676935,1.4958192313098577
