Colony_ID,Run,Light_Value,Raw_Slope,Avg_Blank_Slope,Blank_Corrected_Slope
242,5,0,-1.2829146973206358,-0.057045413171852556,-1.2258692841487833
242,5,196,0.8971572918667782,-0.0578216160515818,0.9549789079183599
242,5,418,1.5359112782492923,-0.0562845813626557,1.592195859611948
242,5,741,1.529326476482755,-0.071828335092288,1.601154811575043
242,5,1101,2.428996934103871,-0.07390098048244818,2.502897914586319
242,5,1207,2.669896514681112,-0.11090761461096892,2.780804129292081
242,5,1568,2.934883624961956,-0.07979930866676935,3.0146829336287255
