Colony_ID,Run,Light_Value,Raw_Slope,Avg_Blank_Slope,Blank_Corrected_Slope
214,2,0,-0.8340725061270878,-0.057045413171852556,-0.7770270929552353
214,2,196,0.2963899870840552,-0.0578216160515818,0.354211603135637
214,2,418,0.38684648562391993,-0.0562845813626557,0.4431310669865756
214,2,741,0.4018647173806083,-0.071828335092288,0.4736930524728963
214,2,1101,0.4357471133800833,-0.07390098048244818,0.5096480938625315
214,2,1207,-0.826436292453076,-0.11090761461096892,-0.7155286778421072
214,2,1568,-1.095674743620786,-0.07979930866676935,-1.0158754349540167
