Colony_ID,Run,Interval,Light_Value,N_points,O2_start,O2_end,DeltaT_min,DeltaT_max,O2_min,O2_max,Slope,Avg_Blank_Slope,Blank_Corrected_Slope
43,3,1,0,300,299.108,289.434,302.601,317.551,289.434,304.152,-1.0527900512256503,-0.057045413171852556,-0.9957446380537978
43,3,2,196,240,200.108,202.858,234.601,246.551,200.095,203.007,0.2894534012586034,-0.0578216160515818,0.34727501731018523
43,3,3,418,180,203.123,211.032,247.601,256.551,203.123,211.107,1.0227822468793373,-0.0562845813626557,1.079066828241993
43,3,4,741,180,212.196,225.147,257.601,266.551,212.196,225.147,1.535429157046224,-0.071828335092288,1.6072574921385119
43,3,5,1101,180,226.711,242.418,267.601,276.551,226.711,242.418,1.8160916940985583,-0.07390098048244818,1.8899926745810065
43,3,6,1207,180,244.457,262.449,277.601,286.551,244.437,262.449,1.9914463941881069,-0.11090761461096892,2.1023540087990757
43,3,7,1568,280,264.813,296.593,287.601,301.551,264.725,296.593,2.2511854758339247,-0.07979930866676935,2.330984784500694
