Colony_ID,Run,Interval,Light_Value,N_points,O2_start,O2_end,DeltaT_min,DeltaT_max,O2_min,O2_max,Slope,Avg_Blank_Slope,Blank_Corrected_Slope
4,4,1,0,360,256.498,248.864,74.896,92.846,248.797,259.303,-0.7937330807645434,-0.057045413171852556,-0.7366876675926909
4,4,2,196,280,191.893,201.223,4.896,18.847,191.864,201.309,0.6795063365460255,-0.0578216160515818,0.7373279525976073
4,4,3,418,180,202.078,209.378,19.896,28.846,201.969,209.378,0.8561014169796676,-0.0562845813626557,0.9123859983423233
4,4,4,741,135,210.38,218.959,29.896,38.646,210.319,218.959,1.004543731691936,-0.071828335092288,1.0763720667842238
4,4,5,1101,180,220.112,229.356,39.897,48.847,220.112,229.624,1.0470875299493396,-0.07390098048244818,1.1209885104317878
4,4,6,1207,180,230.482,240.255,49.896,58.846,230.482,240.255,1.0796622121918327,-0.11090761461096892,1.1905698268028015
4,4,7,1568,280,241.089,255.491,59.897,73.847,241.089,255.494,1.0395022816030897,-0.07979930866676935,1.119301590269859
