Colony_ID,Run,Interval,Light_Value,N_points,O2_start,O2_end,DeltaT_min,DeltaT_max,O2_min,O2_max,Slope,Avg_Blank_Slope,Blank_Corrected_Slope
220,5,1,0,300,269.469,261.947,197.968,212.918,261.947,272.641,-1.053558011730881,-0.057045413171852556,-0.9965125985590284
220,5,2,196,280,189.125,201.962,127.968,141.918,189.125,201.962,0.9424826788873247,-0.0578216160515818,1.0003042949389065
220,5,3,418,180,203.047,213.492,142.968,151.918,203.047,213.547,1.1830024497795104,-0.0562845813626557,1.2392870311421662
220,5,4,741,179,214.742,224.98,152.968,161.918,214.723,224.98,1.123927249262775,-0.071828335092288,1.195755584355063
220,5,5,1101,180,225.945,237.083,162.968,171.918,225.856,237.108,1.289022964466799,-0.07390098048244818,1.3629239449492472
220,5,6,1207,180,238.431,249.382,172.968,181.918,238.431,249.509,1.2377201812478247,-0.11090761461096892,1.3486277958587936
220,5,7,1568,280,250.785,268.407,182.968,196.918,250.763,268.407,1.2600595251680977,-0.07979930866676935,1.3398588338348671
