Colony_ID,Run,Interval,Light_Value,N_points,O2_start,O2_end,DeltaT_min,DeltaT_max,O2_min,O2_max,Slope,Avg_Blank_Slope,Blank_Corrected_Slope
234,5,1,0,301,300.649,292.079,197.908,212.908,292.079,305.907,-1.2572670579385696,-0.057045413171852556,-1.2002216447667171
234,5,2,196,281,187.639,200.209,127.908,141.908,187.582,200.209,0.8975419642117752,-0.0578216160515818,0.955363580263357
234,5,3,418,181,200.807,212.731,142.908,151.908,200.807,212.731,1.2730074232603987,-0.0562845813626557,1.3292920046230545
234,5,4,741,180,214.166,226.482,152.908,161.908,214.166,226.506,1.3926599348859277,-0.071828335092288,1.4644882699782156
234,5,5,1101,181,228.001,244.241,162.908,171.908,227.84,244.292,1.846773276954797,-0.07390098048244818,1.9206742574372453
234,5,6,1207,181,246.391,264.402,172.908,181.908,246.391,264.402,2.1171462305561737,-0.11090761461096892,2.2280538451671426
234,5,7,1568,281,266.521,298.359,182.908,196.908,266.521,298.415,2.2580514956561943,-0.07979930866676935,2.3378508043229638
