Colony_ID,Run,Interval,Light_Value,N_points,O2_start,O2_end,DeltaT_min,DeltaT_max,O2_min,O2_max,Slope,Avg_Blank_Slope,Blank_Corrected_Slope
28,3,1,0,300,286.825,278.141,302.468,317.418,278.141,290.315,-1.0396440383736862,-0.057045413171852556,-0.9825986252018337
28,3,2,196,240,200.5,204.884,234.468,246.418,200.5,204.998,0.37919874590713454,-0.0578216160515818,0.43702036195871635
28,3,3,418,180,205.506,212.875,247.468,256.418,205.313,212.875,0.9092385716749922,-0.0562845813626557,0.9655231530376479
28,3,4,741,180,213.871,225.616,257.468,266.418,213.871,225.616,1.3985907596720089,-0.071828335092288,1.4704190947642968
28,3,5,1101,180,227.153,241.206,267.468,276.418,227.153,241.206,1.580697546984041,-0.07390098048244818,1.6545985274664892
28,3,6,1207,180,242.674,258.014,277.468,286.418,242.674,258.014,1.7261952624463963,-0.11090761461096892,1.8371028770573652
28,3,7,1568,280,259.697,284.6,287.468,301.418,259.697,284.735,1.8133117206880345,-0.07979930866676935,1.893111029354804
