Colony_ID,Run,Interval,Light_Value,N_points,O2_start,O2_end,DeltaT_min,DeltaT_max,O2_min,O2_max,Slope,Avg_Blank_Slope,Blank_Corrected_Slope
26,1,1,0,300,337.435,331.663,69.553,84.503,331.367,343.766,-1.0628249216846486,-0.057045413171852556,-1.005779508512796
26,1,2,196,271,207.064,220.192,0,13.503,207.064,220.192,0.9911745296325132,-0.0578216160515818,1.048996145684095
26,1,3,418,180,221.238,233.539,14.553,23.503,221.238,233.539,1.4678923715471577,-0.0562845813626557,1.5241769529098135
26,1,4,741,180,234.971,251.667,24.553,33.503,234.971,251.812,1.9471483135541103,-0.071828335092288,2.0189766486463983
26,1,5,1101,180,253.751,273.356,34.553,43.504,253.751,273.523,2.2308294746617414,-0.07390098048244818,2.3047304551441896
26,1,6,1207,180,275.679,297.166,44.553,53.503,275.679,297.191,2.4155029426947747,-0.11090761461096892,2.5264105573057436
26,1,7,1568,280,299.759,334.99,54.553,68.503,299.638,334.99,2.5400186511657448,-0.07979930866676935,2.619817959832514
