Colony_ID,Run,Interval,Light_Value,N_points,O2_start,O2_end,DeltaT_min,DeltaT_max,O2_min,O2_max,Slope,Avg_Blank_Slope,Blank_Corrected_Slope
242,5,1,0,300,294.618,285.495,198.011,212.961,285.44,300.35,-1.2829146973206358,-0.057045413171852556,-1.2258692841487833
242,5,2,196,280,157.736,170.207,128.011,141.962,157.736,170.207,0.8971572918667782,-0.0578216160515818,0.9549789079183599
242,5,3,418,180,171.18,184.697,143.012,151.962,171.18,184.697,1.5359112782492923,-0.0562845813626557,1.592195859611948
242,5,4,741,179,186.352,200.142,153.012,161.962,186.352,200.142,1.529326476482755,-0.071828335092288,1.601154811575043
242,5,5,1101,180,201.777,222.664,163.011,171.961,201.736,222.664,2.428996934103871,-0.07390098048244818,2.502897914586319
242,5,6,1207,180,225.507,248.19,173.012,181.962,225.466,248.19,2.669896514681112,-0.11090761461096892,2.780804129292081
242,5,7,1568,280,251.03,291.582,183.011,196.962,251.03,291.582,2.934883624961956,-0.07979930866676935,3.0146829336287255
