Colony_ID,Run,Interval,Light_Value,N_points,O2_start,O2_end,DeltaT_min,DeltaT_max,O2_min,O2_max,Slope,Avg_Blank_Slope,Blank_Corrected_Slope
206,2,1,0,300,257.829,256.335,194.417,209.367,256.335,261.897,-0.6553803974503019,-0.057045413171852556,-0.5983349842784493
206,2,2,196,280,201.796,208.214,123.417,137.367,201.71,208.389,0.48395108070219633,-0.0578216160515818,0.5417726967537781
206,2,3,418,180,208.918,214.898,138.417,147.367,208.87,214.905,0.757286249331184,-0.0562845813626557,0.8135708306938397
206,2,4,741,180,215.663,223.712,148.417,157.367,215.663,223.712,0.9247301772842583,-0.071828335092288,0.9965585123765464
206,2,5,1101,200,224.665,234.379,158.417,168.367,224.665,234.379,0.9709089696645306,-0.07390098048244818,1.0448099501469787
206,2,6,1207,180,235.198,243.523,169.417,178.367,235.198,243.523,0.903843693537849,-0.11090761461096892,1.014751308148818
206,2,7,1568,280,244.555,257.068,179.417,193.367,244.516,257.068,0.9024973283762078,-0.07979930866676935,0.9822966370429771
