Colony_ID,Run,Interval,Light_Value,N_points,O2_start,O2_end,DeltaT_min,DeltaT_max,O2_min,O2_max,Slope,Avg_Blank_Slope,Blank_Corrected_Slope
12,5,1,0,300,279.032,274.01,198.213,213.164,273.949,283.331,-0.9635438016081657,-0.057045413171852556,-0.9064983884363131
12,5,2,196,280,188.348,199.524,128.213,142.164,188.213,199.566,0.8547651416028256,-0.0578216160515818,0.9125867576544073
12,5,3,418,180,200.541,210.635,143.214,152.163,200.369,210.661,1.1637036525508015,-0.0562845813626557,1.2199882339134573
12,5,4,741,180,211.859,222.425,153.214,162.163,211.834,222.425,1.1753228860196347,-0.071828335092288,1.2471512211119227
12,5,5,1101,180,223.729,237.083,163.214,172.164,223.729,237.083,1.5414084821657728,-0.07390098048244818,1.615309462648221
12,5,6,1207,180,238.602,252.477,173.213,182.164,238.602,252.477,1.576232071265381,-0.11090761461096892,1.6871396858763499
12,5,7,1568,280,254.292,277.085,183.213,197.163,254.165,277.319,1.6544581579944764,-0.07979930866676935,1.7342574666612458
