Colony_ID,Run,Interval,Light_Value,N_points,O2_start,O2_end,DeltaT_min,DeltaT_max,O2_min,O2_max,Slope,Avg_Blank_Slope,Blank_Corrected_Slope
blank,5,1,0,301,132.484,132.032,198.115,213.115,131.966,132.755,-0.05587488694743307,-0.057045413171852556,0.001170526224419488
blank,5,2,196,281,136.846,136.18,128.115,142.114,136.143,136.988,-0.042618412487233595,-0.0578216160515818,0.015203203564348206
blank,5,3,418,181,136.116,135.639,143.115,152.115,135.622,136.288,-0.049640158175454474,-0.0562845813626557,0.006644423187201223
blank,5,4,741,180,135.605,134.944,153.114,162.115,134.944,135.717,-0.0719904773708091,-0.071828335092288,-1.6214227852109908e-4
blank,5,5,1101,181,134.954,134.291,163.114,172.114,134.291,135.011,-0.06053010287690468,-0.07390098048244818,0.0133708776055435
blank,5,6,1207,181,134.342,133.653,173.115,182.115,133.558,134.351,-0.07805522330599526,-0.11090761461096892,0.03285239130497365
blank,5,7,1568,281,133.545,132.58,183.115,197.114,132.544,133.604,-0.06916824388304992,-0.07979930866676935,0.010631064783719432
