Colony_ID,Run,Light_Value,Raw_Slope,Avg_Blank_Slope,Blank_Corrected_Slope
4,4,0,-0.7937330807645434,-0.057045413171852556,-0.7366876675926909
4,4,196,0.6795063365460255,-0.0578216160515818,0.7373279525976073
4,4,418,0.8561014169796676,-0.0562845813626557,0.9123859983423233
4,4,741,1.004543731691936,-0.071828335092288,1.0763720667842238
4,4,1101,1.0470875299493396,-0.07390098048244818,1.1209885104317878
4,4,1207,1.0796622121918327,-0.11090761461096892,1.1905698268028015
4,4,1568,1.0395022816030897,-0.07979930866676935,1.119301590269859
