Colony_ID,Run,Light_Value,Raw_Slope,Avg_Blank_Slope,Blank_Corrected_Slope
45,4,0,-0.7422333388050475,-0.057045413171852556,-0.685187925633195
45,4,196,0.28879755119855527,-0.0578216160515818,0.3466191672501371
45,4,418,0.596274905738382,-0.0562845813626557,0.6525594871010377
45,4,741,0.8774503976324834,-0.071828335092288,0.9492787327247715
45,4,1101,1.0297571914046202,-0.07390098048244818,1.1036581718870684
45,4,1207,1.1278434605776184,-0.11090761461096892,1.2387510751885873
45,4,1568,1.2921329034092646,-0.07979930866676935,1.371932212076034
