Colony_ID,Run,Interval,Light_Value,N_points,O2_start,O2_end,DeltaT_min,DeltaT_max,O2_min,O2_max,Slope,Avg_Blank_Slope,Blank_Corrected_Slope
209,3,1,0,300,246.971,239.289,302.363,317.312,239.289,250.016,-1.0620131556145536,-0.057045413171852556,-1.004967742442701
209,3,2,196,240,173.76,177.601,234.362,246.312,173.76,182.336,0.31038143684551567,-0.0578216160515818,0.3682030528970975
209,3,3,418,180,178.117,187.023,247.362,256.312,178.05,187.023,1.052426759166189,-0.0562845813626557,1.108711340528845
209,3,4,741,180,188.069,199.562,257.363,266.313,187.856,199.562,1.3188732187228278,-0.071828335092288,1.3907015538151157
209,3,5,1101,180,200.917,213.051,267.362,276.312,200.885,213.051,1.3671748725110056,-0.07390098048244818,1.4410758529934538
209,3,6,1207,180,214.433,226.845,277.362,286.313,214.433,226.845,1.3406847563282567,-0.11090761461096892,1.4515923709392256
209,3,7,1568,280,227.971,245.827,287.362,301.313,227.89,245.827,1.2991975584975952,-0.07979930866676935,1.3789968671643646
