Colony_ID,Run,Interval,Light_Value,N_points,O2_start,O2_end,DeltaT_min,DeltaT_max,O2_min,O2_max,Slope,Avg_Blank_Slope,Blank_Corrected_Slope
235,4,1,0,361,383.807,364.146,75.054,93.055,363.861,390.863,-2.153581675315666,-0.057045413171852556,-2.0965362621438133
235,4,2,196,281,187.808,208.17,5.054,19.054,187.808,208.17,1.5060387710185499,-0.0578216160515818,1.5638603870701318
235,4,3,418,181,209.65,229.244,20.055,29.055,209.65,229.244,2.309532304270232,-0.0562845813626557,2.3658168856328876
235,4,4,741,136,231.295,256.238,30.055,38.854,231.295,256.238,2.8893879217500587,-0.071828335092288,2.961216256842347
235,4,5,1101,181,259.951,290.424,40.055,49.055,259.951,290.424,3.427150998171851,-0.07390098048244818,3.5010519786542993
235,4,6,1207,181,293.858,327.018,50.054,59.054,293.858,327.018,3.770174438549294,-0.11090761461096892,3.881082053160263
235,4,7,1568,281,330.749,380.728,60.055,74.054,330.749,381.424,3.993586475403464,-0.07979930866676935,4.073385784070233
