Colony_ID,Run,Interval,Light_Value,N_points,O2_start,O2_end,DeltaT_min,DeltaT_max,O2_min,O2_max,Slope,Avg_Blank_Slope,Blank_Corrected_Slope
219,3,1,0,300,270.12,261.503,302.304,317.254,261.503,272.263,-0.9249929404398054,-0.057045413171852556,-0.8679475272679529
219,3,2,196,240,206.259,212.368,234.304,246.254,206.259,212.368,0.4916675027205466,-0.0578216160515818,0.5494891187721284
219,3,3,418,180,212.871,220.331,247.304,256.254,212.784,220.331,0.8636598081503684,-0.0562845813626557,0.919944389513024
219,3,4,741,180,221.139,230.46,257.304,266.254,221.032,230.56,1.095331685804768,-0.071828335092288,1.1671600208970558
219,3,5,1101,180,231.652,241.707,267.304,276.254,231.652,241.831,1.1321808605949346,-0.07390098048244818,1.2060818410773828
219,3,6,1207,180,243.01,253.021,277.304,286.254,242.993,253.021,1.1332960972166821,-0.11090761461096892,1.244203711827651
219,3,7,1568,280,254.227,269.263,287.304,301.254,254.025,269.263,1.0967287651298747,-0.07979930866676935,1.1765280737966441
