Colony_ID,Run,Interval,Light_Value,N_points,O2_start,O2_end,DeltaT_min,DeltaT_max,O2_min,O2_max,Slope,Avg_Blank_Slope,Blank_Corrected_Slope
225,1,1,0,300,382.983,375.874,69.401,84.35,375.874,394.013,-2.0219123355226136,-0.057045413171852556,-1.964866922350761
225,1,2,196,268,207.412,227.273,0,13.351,207.307,227.273,1.5704186715778992,-0.0578216160515818,1.628240287629481
225,1,3,418,180,228.652,245.247,14.401,23.35,228.652,245.247,2.023018551559317,-0.0562845813626557,2.0793031329219724
225,1,4,741,180,247.507,269.625,24.4,33.35,247.507,269.625,2.7043877600838675,-0.071828335092288,2.7762160951761556
225,1,5,1101,180,272.587,298.96,34.401,43.35,272.587,298.96,3.03925682267091,-0.07390098048244818,3.113157803153358
225,1,6,1207,180,302.222,330.992,44.401,53.35,302.222,330.992,3.282008976860201,-0.11090761461096892,3.39291659147117
225,1,7,1568,280,334.529,379.579,54.401,68.35,334.365,379.579,3.2646063183138954,-0.07979930866676935,3.344405626980665
