Colony_ID,Run,Interval,Light_Value,N_points,O2_start,O2_end,DeltaT_min,DeltaT_max,O2_min,O2_max,Slope,Avg_Blank_Slope,Blank_Corrected_Slope
240,4,1,0,361,206.585,198.49,74.995,92.995,198.458,208.752,-0.6884956615436912,-0.057045413171852556,-0.6314502483718387
240,4,2,196,281,153.602,158.18,4.995,18.995,153.542,158.207,0.3292656097083562,-0.0578216160515818,0.38708722575993804
240,4,3,418,181,158.442,163.264,19.995,28.995,158.442,163.358,0.561329850749677,-0.0562845813626557,0.6176144321123327
240,4,4,741,136,163.858,170.836,29.995,38.795,163.858,170.836,0.794614215549996,-0.071828335092288,0.866442550642284
240,4,5,1101,181,171.925,180.421,39.995,48.995,171.861,180.459,0.9834858130375411,-0.07390098048244818,1.0573867935199892
240,4,6,1207,181,181.416,190.386,49.995,58.995,181.407,190.386,0.999606582919461,-0.11090761461096892,1.11051419753043
240,4,7,1568,281,191.3,205.685,59.995,73.995,191.3,205.685,1.0278949775652984,-0.07979930866676935,1.1076942862320678
