Colony_ID,Run,Light_Value,Raw_Slope,Avg_Blank_Slope,Blank_Corrected_Slope
211,4,0,-0.9930242258495201,-0.057045413171852556,-0.9359788126776676
211,4,196,0.6927416208496923,-0.0578216160515818,0.750563236901274
211,4,418,1.0783681306020498,-0.0562845813626557,1.1346527119647056
211,4,741,1.2757159373514448,-0.071828335092288,1.3475442724437328
211,4,1101,1.4523678409304739,-0.07390098048244818,1.526268821412922
211,4,1207,1.5034867727949046,-0.11090761461096892,1.6143943874058735
211,4,1568,1.5267623619584756,-0.07979930866676935,1.606561670625245
