Colony_ID,Run,Light_Value,Raw_Slope,Avg_Blank_Slope,Blank_Corrected_Slope
209,3,0,-1.0620131556145536,-0.057045413171852556,-1.004967742442701
209,3,196,0.31038143684551567,-0.0578216160515818,0.3682030528970975
209,3,418,1.052426759166189,-0.0562845813626557,1.108711340528845
209,3,741,1.3188732187228278,-0.071828335092288,1.3907015538151157
209,3,1101,1.3671748725110056,-0.07390098048244818,1.4410758529934538
209,3,1207,1.3406847563282567,-0.11090761461096892,1.4515923709392256
209,3,1568,1.2991975584975952,-0.07979930866676935,1.3789968671643646
