Colony_ID,Run,Light_Value,Raw_Slope,Avg_Blank_Slope,Blank_Corrected_Slope
12,5,0,-0.9635438016081657,-0.057045413171852556,-0.9064983884363131
12,5,196,0.8547651416028256,-0.0578216160515818,0.9125867576544073
12,5,418,1.1637036525508015,-0.0562845813626557,1.2199882339134573
12,5,741,1.1753228860196347,-0.071828335092288,1.2471512211119227
12,5,1101,1.5414084821657728,-0.07390098048244818,1.615309462648221
12,5,1207,1.576232071265381,-0.11090761461096892,1.6871396858763499
12,5,1568,1.6544581579944764,-0.07979930866676935,1.7342574666612458
