Colony_ID,Run,Light_Value,Raw_Slope,Avg_Blank_Slope,Blank_Corrected_Slope
212,1,0,-0.6053174087540651,-0.057045413171852556,-0.5482719955822126
212,1,196,0.41464580702202747,-0.0578216160515818,0.4724674230736093
212,1,418,0.5049956646102574,-0.0562845813626557,0.561280245972913
212,1,741,0.6297155685456732,-0.071828335092288,0.7015439036379613
212,1,1101,0.6488320210704852,-0.07390098048244818,0.7227330015529334
212,1,1207,0.7005321822904236,-0.11090761461096892,0.8114397969013925
212,1,1568,0.6876826710257872,-0.07979930866676935,0.7674819796925565
