Colony_ID,Run,Light_Value,Raw_Slope,Avg_Blank_Slope,Blank_Corrected_Slope
41,1,0,-1.528535585071728,-0.057045413171852556,-1.4714901718998754
41,1,196,0.8896583460328723,-0.0578216160515818,0.9474799620844541
41,1,418,1.2656566466028483,-0.0562845813626557,1.321941227965504
41,1,741,1.5061631552468224,-0.071828335092288,1.5779914903391103
41,1,1101,1.7995066051799262,-0.07390098048244818,1.8734075856623744
41,1,1207,1.984431024626559,-0.11090761461096892,2.095338639237528
41,1,1568,2.1124515652287346,-0.07979930866676935,2.192250873895504
