Colony_ID,Run,Light_Value,Raw_Slope,Avg_Blank_Slope,Blank_Corrected_Slope
206,2,0,-0.6553803974503019,-0.057045413171852556,-0.5983349842784493
206,2,196,0.48395108070219633,-0.0578216160515818,0.5417726967537781
206,2,418,0.757286249331184,-0.0562845813626557,0.8135708306938397
206,2,741,0.9247301772842583,-0.071828335092288,0.9965585123765464
206,2,1101,0.9709089696645306,-0.07390098048244818,1.0448099501469787
206,2,1207,0.903843693537849,-0.11090761461096892,1.014751308148818
206,2,1568,0.9024973283762078,-0.07979930866676935,0.9822966370429771
