Colony_ID,Run,Light_Value,Raw_Slope,Avg_Blank_Slope,Blank_Corrected_Slope
248,5,0,-1.269276450835039,-0.057045413171852556,-1.2122310376631864
248,5,196,1.1801718990796959,-0.0578216160515818,1.2379935151312778
248,5,418,1.7462241485677308,-0.0562845813626557,1.8025087299303866
248,5,741,1.6640005679372263,-0.071828335092288,1.7358289030295142
248,5,1101,2.1302278554998226,-0.07390098048244818,2.204128835982271
248,5,1207,2.3226700186739637,-0.11090761461096892,2.4335776332849326
248,5,1568,2.6038483703426047,-0.07979930866676935,2.683647679009374
