Colony_ID,Run,Light_Value,Raw_Slope,Avg_Blank_Slope,Blank_Corrected_Slope
234,5,0,-1.2572670579385696,-0.057045413171852556,-1.2002216447667171
234,5,196,0.8975419642117752,-0.0578216160515818,0.955363580263357
234,5,418,1.2730074232603987,-0.0562845813626557,1.3292920046230545
234,5,741,1.3926599348859277,-0.071828335092288,1.4644882699782156
234,5,1101,1.846773276954797,-0.07390098048244818,1.9206742574372453
234,5,1207,2.1171462305561737,-0.11090761461096892,2.2280538451671426
234,5,1568,2.2580514956561943,-0.07979930866676935,2.3378508043229638
