Colony_ID,Run,Light_Value,Raw_Slope,Avg_Blank_Slope,Blank_Corrected_Slope
blank,5,0,-0.05587488694743307,-0.057045413171852556,0.001170526224419488
blank,5,196,-0.042618412487233595,-0.0578216160515818,0.015203203564348206
blank,5,418,-0.049640158175454474,-0.0562845813626557,0.006644423187201223
blank,5,741,-0.0719904773708091,-0.071828335092288,-1.6214227852109908e-4
blank,5,1101,-0.06053010287690468,-0.07390098048244818,0.0133708776055435
blank,5,1207,-0.07805522330599526,-0.11090761461096892,0.03285239130497365
blank,5,1568,-0.06916824388304992,-0.07979930866676935,0.010631064783719432
