Colony_ID,Run,Light_Value,Raw_Slope,Avg_Blank_Slope,Blank_Corrected_Slope
235,4,0,-2.153581675315666,-0.057045413171852556,-2.0965362621438133
235,4,196,1.5060387710185499,-0.0578216160515818,1.5638603870701318
235,4,418,2.309532304270232,-0.0562845813626557,2.3658168856328876
235,4,741,2.8893879217500587,-0.071828335092288,2.961216256842347
235,4,1101,3.427150998171851,-0.07390098048244818,3.5010519786542993
235,4,1207,3.770174438549294,-0.11090761461096892,3.881082053160263
235,4,1568,3.993586475403464,-0.07979930866676935,4.073385784070233
