Colony_ID,Run,Light_Value,Raw_Slope,Avg_Blank_Slope,Blank_Corrected_Slope
236,5,0,-1.3225926019351975,-0.057045413171852556,-1.265547188763345
236,5,196,0.5960154831653773,-0.0578216160515818,0.6538370992169591
236,5,418,1.1795604564410131,-0.0562845813626557,1.235845037803669
236,5,741,1.161280554053234,-0.071828335092288,1.233108889145522
236,5,1101,1.971437857272166,-0.07390098048244818,2.0453388377546142
236,5,1207,2.19372105414401,-0.11090761461096892,2.304628668754979
236,5,1568,2.4458249160101246,-0.07979930866676935,2.525624224676894
