Colony_ID,Run,Light_Value,Raw_Slope,Avg_Blank_Slope,Blank_Corrected_Slope
247,3,0,-1.4911814458797537,-0.057045413171852556,-1.4341360327079011
247,3,196,0.48300654438180307,-0.0578216160515818,0.5408281604333849
247,3,418,1.3687454545439746,-0.0562845813626557,1.4250300359066304
247,3,741,2.114806143706464,-0.071828335092288,2.186634478798752
247,3,1101,2.5989221996485714,-0.07390098048244818,2.6728231801310196
247,3,1207,2.959656927353953,-0.11090761461096892,3.070564541964922
247,3,1568,3.143899762398705,-0.07979930866676935,3.2236990710654743
