Colony_ID,Run,Light_Value,Raw_Slope,Avg_Blank_Slope,Blank_Corrected_Slope
204,1,0,-0.6814676311263709,-0.057045413171852556,-0.6244222179545184
204,1,196,0.5532561960339397,-0.0578216160515818,0.6110778120855215
204,1,418,0.7204087413960415,-0.0562845813626557,0.7766933227586972
204,1,741,0.9023192293593765,-0.071828335092288,0.9741475644516645
204,1,1101,0.9718488610427914,-0.07390098048244818,1.0457498415252395
204,1,1207,1.0297077154359644,-0.11090761461096892,1.1406153300469333
204,1,1568,0.996681325012666,-0.07979930866676935,1.0764806336794355
