Colony_ID,Run,Light_Value,Raw_Slope,Avg_Blank_Slope,Blank_Corrected_Slope
226,2,0,-2.3614223925795628,-0.057045413171852556,-2.30437697940771
226,2,196,1.5634052241894945,-0.0578216160515818,1.6212268402410763
226,2,418,2.3596741244381905,-0.0562845813626557,2.415958705800846
226,2,741,2.856893695061418,-0.071828335092288,2.9287220301537062
226,2,1101,2.864863735211208,-0.07390098048244818,2.9387647156936563
226,2,1207,3.3374813774861947,-0.11090761461096892,3.4483889920971635
226,2,1568,3.1642686874558255,-0.07979930866676935,3.244067996122595
