Colony_ID,Run,Light_Value,Raw_Slope,Avg_Blank_Slope,Blank_Corrected_Slope
221,4,0,-1.3226628439419772,-0.057045413171852556,-1.2656174307701247
221,4,196,0.5390374209082868,-0.0578216160515818,0.5968590369598685
221,4,418,1.0694379758675272,-0.0562845813626557,1.125722557230183
221,4,741,1.4418807729916796,-0.071828335092288,1.5137091080839675
221,4,1101,1.5755496271767528,-0.07390098048244818,1.649450607659201
221,4,1207,1.5539040804130062,-0.11090761461096892,1.664811695023975
221,4,1568,1.511894404433219,-0.07979930866676935,1.5916937130999884
