Colony_ID,Run,Light_Value,Raw_Slope,Avg_Blank_Slope,Blank_Corrected_Slope
27,2,0,-2.6179870855386094,-0.057045413171852556,-2.5609416723667566
27,2,196,1.1452788232671074,-0.0578216160515818,1.2031004393186893
27,2,418,1.8885523990003295,-0.0562845813626557,1.9448369803629852
27,2,741,2.6443528983294105,-0.071828335092288,2.7161812334216986
27,2,1101,3.1253579229530657,-0.07390098048244818,3.199258903435514
27,2,1207,3.451530437942774,-0.11090761461096892,3.562438052553743
27,2,1568,3.5566737819066856,-0.07979930866676935,3.636473090573455
