Colony_ID,Run,Light_Value,Raw_Slope,Avg_Blank_Slope,Blank_Corrected_Slope
3,3,0,-0.6709686787566943,-0.057045413171852556,-0.6139232655848418
3,3,196,0.3848086656346719,-0.0578216160515818,0.44263028168625373
3,3,418,0.6076316510715746,-0.0562845813626557,0.6639162324342303
3,3,741,0.6713633529121353,-0.071828335092288,0.7431916880044234
3,3,1101,0.679410231171958,-0.07390098048244818,0.7533112116544062
3,3,1207,0.7105615231041565,-0.11090761461096892,0.8214691377151254
3,3,1568,0.7542040709598321,-0.07979930866676935,0.8340033796266014
