Colony_ID,Run,Light_Value,Raw_Slope,Avg_Blank_Slope,Blank_Corrected_Slope
241,4,0,-1.6465503448368988,-0.057045413171852556,-1.5895049316650463
241,4,196,1.3331374417615056,-0.0578216160515818,1.3909590578130875
241,4,418,2.037156564242729,-0.0562845813626557,2.0934411456053845
241,4,741,2.401068183202867,-0.071828335092288,2.4728965182951552
241,4,1101,2.4438038896294874,-0.07390098048244818,2.5177048701119356
241,4,1207,2.5149602374969926,-0.11090761461096892,2.6258678521079615
241,4,1568,2.521449244823419,-0.07979930866676935,2.6012485534901884
