Colony_ID,Run,Light_Value,Raw_Slope,Avg_Blank_Slope,Blank_Corrected_Slope
20,2,0,-1.1807238204284043,-0.057045413171852556,-1.1236784072565518
20,2,196,0.9867776428206129,-0.0578216160515818,1.0445992588721946
20,2,418,1.4925090405992032,-0.0562845813626557,1.548793621961859
20,2,741,1.7780110049335458,-0.071828335092288,1.8498393400258337
20,2,1101,1.8482251717292277,-0.07390098048244818,1.922126152211676
20,2,1207,1.8139882058170544,-0.11090761461096892,1.9248958204280233
20,2,1568,1.838386362718862,-0.07979930866676935,1.9181856713856313
