Colony_ID,Run,Light_Value,Raw_Slope,Avg_Blank_Slope,Blank_Corrected_Slope
1,1,0,-1.3532657894641222,-0.057045413171852556,-1.2962203762922697
1,1,196,1.0941277308499258,-0.0578216160515818,1.1519493469015076
1,1,418,1.4185737626664414,-0.0562845813626557,1.4748583440290972
1,1,741,1.5134968051452926,-0.071828335092288,1.5853251402375805
1,1,1101,1.5416789319649706,-0.07390098048244818,1.6155799124474188
1,1,1207,1.6051724207997593,-0.11090761461096892,1.7160800354107282
1,1,1568,1.6044040646472086,-0.07979930866676935,1.684203373313978
