Colony_ID,Run,Light_Value,Raw_Slope,Avg_Blank_Slope,Blank_Corrected_Slope
233,3,0,-1.3705100090748932,-0.057045413171852556,-1.3134645959030407
233,3,196,0.5633008986519391,-0.0578216160515818,0.6211225147035209
233,3,418,1.1020781188353281,-0.0562845813626557,1.158362700197984
233,3,741,1.586390133628423,-0.071828335092288,1.6582184687207109
233,3,1101,1.812604566794694,-0.07390098048244818,1.8865055472771421
233,3,1207,2.224879919499095,-0.11090761461096892,2.335787534110064
233,3,1568,2.430867030039898,-0.07979930866676935,2.5106663387066672
