Colony_ID,Run,Light_Value,Raw_Slope,Avg_Blank_Slope,Blank_Corrected_Slope
225,1,0,-2.0219123355226136,-0.057045413171852556,-1.964866922350761
225,1,196,1.5704186715778992,-0.0578216160515818,1.628240287629481
225,1,418,2.023018551559317,-0.0562845813626557,2.0793031329219724
225,1,741,2.7043877600838675,-0.071828335092288,2.7762160951761556
225,1,1101,3.03925682267091,-0.07390098048244818,3.113157803153358
225,1,1207,3.282008976860201,-0.11090761461096892,3.39291659147117
225,1,1568,3.2646063183138954,-0.07979930866676935,3.344405626980665
