Colony_ID,Run,Light_Value,Raw_Slope,Avg_Blank_Slope,Blank_Corrected_Slope
244,2,0,-1.4524925972231437,-0.057045413171852556,-1.3954471840512912
244,2,196,0.41683785735820805,-0.0578216160515818,0.47465947340978987
244,2,418,0.967284245197043,-0.0562845813626557,1.0235688265596987
244,2,741,1.638204721346258,-0.071828335092288,1.710033056438546
244,2,1101,2.061266754635738,-0.07390098048244818,2.1351677351181864
244,2,1207,2.220946389487154,-0.11090761461096892,2.331854004098123
244,2,1568,2.6170937780492287,-0.07979930866676935,2.696893086715998
