Colony_ID,Run,Light_Value,Raw_Slope,Avg_Blank_Slope,Blank_Corrected_Slope
42,2,0,-1.0299906144984359,-0.057045413171852556,-0.9729452013265834
42,2,196,0.6144418415273977,-0.0578216160515818,0.6722634575789794
42,2,418,1.0306319083105226,-0.0562845813626557,1.0869164896731784
42,2,741,1.388174116436365,-0.071828335092288,1.460002451528653
42,2,1101,1.6398928990664943,-0.07390098048244818,1.7137938795489425
42,2,1207,1.7442311601617189,-0.11090761461096892,1.8551387747726877
42,2,1568,1.8386552103424825,-0.07979930866676935,1.918454519009252
