Colony_ID,Run,Light_Value,Raw_Slope,Avg_Blank_Slope,Blank_Corrected_Slope
243,1,0,-1.2648957823789913,-0.057045413171852556,-1.2078503692071387
243,1,196,0.667219095544458,-0.0578216160515818,0.7250407115960398
243,1,418,1.168397758185449,-0.0562845813626557,1.2246823395481048
243,1,741,1.6435370282807227,-0.071828335092288,1.7153653633730106
243,1,1101,1.8257780611650176,-0.07390098048244818,1.8996790416474658
243,1,1207,1.9534522540954167,-0.11090761461096892,2.0643598687063855
243,1,1568,2.162617453608998,-0.07979930866676935,2.2424167622757674
