Colony_ID,Run,Light_Value,Raw_Slope,Avg_Blank_Slope,Blank_Corrected_Slope
28,3,0,-1.0396440383736862,-0.057045413171852556,-0.9825986252018337
28,3,196,0.37919874590713454,-0.0578216160515818,0.43702036195871635
28,3,418,0.9092385716749922,-0.0562845813626557,0.9655231530376479
28,3,741,1.3985907596720089,-0.071828335092288,1.4704190947642968
28,3,1101,1.580697546984041,-0.07390098048244818,1.6545985274664892
28,3,1207,1.7261952624463963,-0.11090761461096892,1.8371028770573652
28,3,1568,1.8133117206880345,-0.07979930866676935,1.893111029354804
