Colony_ID,Run,Light_Value,Raw_Slope,Avg_Blank_Slope,Blank_Corrected_Slope
44,3,0,-0.9582175046794897,-0.057045413171852556,-0.9011720915076372
44,3,196,0.557670716380397,-0.0578216160515818,0.6154923324319788
44,3,418,1.1526949705717757,-0.0562845813626557,1.2089795519344315
44,3,741,1.7261525500107902,-0.071828335092288,1.797980885103078
44,3,1101,1.978737655646204,-0.07390098048244818,2.052638636128652
44,3,1207,2.241638661110371,-0.11090761461096892,2.35254627572134
44,3,1568,2.410059473791071,-0.07979930866676935,2.4898587824578406
