Colony_ID,Run,Light_Value,Raw_Slope,Avg_Blank_Slope,Blank_Corrected_Slope
29,4,0,-1.480389153955483,-0.057045413171852556,-1.4233437407836305
29,4,196,0.42951522332966324,-0.0578216160515818,0.48733683938124506
29,4,418,0.9841661802471843,-0.0562845813626557,1.04045076160984
29,4,741,1.47758904094172,-0.071828335092288,1.549417376034008
29,4,1101,1.9208534882544432,-0.07390098048244818,1.9947544687368914
29,4,1207,2.2497426906557383,-0.11090761461096892,2.360650305266707
29,4,1568,2.5508645482567744,-0.07979930866676935,2.630663856923544
