Colony_ID,Run,Light_Value,Raw_Slope,Avg_Blank_Slope,Blank_Corrected_Slope
26,1,0,-1.0628249216846486,-0.057045413171852556,-1.005779508512796
26,1,196,0.9911745296325132,-0.0578216160515818,1.048996145684095
26,1,418,1.4678923715471577,-0.0562845813626557,1.5241769529098135
26,1,741,1.9471483135541103,-0.071828335092288,2.0189766486463983
26,1,1101,2.2308294746617414,-0.07390098048244818,2.3047304551441896
26,1,1207,2.4155029426947747,-0.11090761461096892,2.5264105573057436
26,1,1568,2.5400186511657448,-0.07979930866676935,2.619817959832514
