Colony_ID,Run,Light_Value,Raw_Slope,Avg_Blank_Slope,Blank_Corrected_Slope
220,5,0,-1.053558011730881,-0.057045413171852556,-0.9965125985590284
220,5,196,0.9424826788873247,-0.0578216160515818,1.0003042949389065
220,5,418,1.1830024497795104,-0.0562845813626557,1.2392870311421662
220,5,741,1.123927249262775,-0.071828335092288,1.195755584355063
220,5,1101,1.289022964466799,-0.07390098048244818,1.3629239449492472
220,5,1207,1.2377201812478247,-0.11090761461096892,1.3486277958587936
220,5,1568,1.2600595251680977,-0.07979930866676935,1.3398588338348671
