Colony_ID,Run,Light_Value,Raw_Slope,Avg_Blank_Slope,Blank_Corrected_Slope
238,2,0,-0.8493698960487436,-0.057045413171852556,-0.7923244828768911
238,2,196,0.40193900315214925,-0.0578216160515818,0.45976061920373107
238,2,418,0.777987874464089,-0.0562845813626557,0.8342724558267447
238,2,741,1.0983341146655297,-0.071828335092288,1.1701624497578176
238,2,1101,1.221420748805506,-0.07390098048244818,1.2953217292879542
238,2,1207,1.330573944174845,-0.11090761461096892,1.4414815587858139
238,2,1568,1.820911506947739,-0.07979930866676935,1.9007108156145085
