Colony_ID,Run,Light_Value,Raw_Slope,Avg_Blank_Slope,Blank_Corrected_Slope
blank,2,0,-0.058215939396272044,-0.057045413171852556,-0.001170526224419488
blank,2,196,-0.07302481961593,-0.0578216160515818,-0.015203203564348206
blank,2,418,-0.06292900454985692,-0.0562845813626557,-0.006644423187201223
blank,2,741,-0.07166619281376692,-0.071828335092288,1.621422785210852e-4
blank,2,1101,-0.08727185808799168,-0.07390098048244818,-0.013370877605543494
blank,2,1207,-0.14376000591594257,-0.11090761461096892,-0.03285239130497365
blank,2,1568,-0.0904303734504888,-0.07979930866676935,-0.010631064783719446
