Colony_ID,Run,Interval,Light_Value,N_points,O2_start,O2_end,DeltaT_min,DeltaT_max,O2_min,O2_max,Slope
206,5,1,0,300,67.84550498338871,63.41350498338869,75.705,90.655,63.41350498338869,69.6535049833887,-0.5960720220417319
206,5,2,118,274,-0.3189379562043939,3.5760620437956163,0,13.655,-0.3189379562043939,3.624062043795618,0.294732491262706
206,5,3,201,180,4.200331491712689,8.831331491712689,14.705,23.655,4.044331491712683,8.831331491712689,0.6099275556066563
206,5,4,373,200,9.613388059701492,18.092388059701506,24.705,34.656,9.613388059701492,18.14838805970149,0.9200416003787051
206,5,5,734,180,19.53137016574584,29.387370165745835,35.705,44.655,19.53137016574584,29.403370165745855,1.1165340682790323
206,5,6,1089,180,30.992198895027627,41.50619889502761,45.705,54.655,30.990198895027618,41.54219889502761,1.200716573735333
206,5,7,1360,180,43.24012154696132,54.11912154696131,55.705,64.655,43.24012154696132,54.11912154696131,1.2059197316887373
206,5,8,1647,180,55.7774585635359,66.64345856353589,65.706,74.655,55.7774585635359,66.64345856353589,1.1973701671594397
