Colony_ID,Run,Interval,Light_Value,N_points,O2_start,O2_end,DeltaT_min,DeltaT_max,O2_min,O2_max,Slope
221,2,1,0,300,48.475486666666654,40.79848666666666,189.532,204.483,40.47248666666667,49.636486666666656,-0.734209743086973
221,2,2,118,205,-0.09181280788175172,-2.2588128078817533,112.277,122.482,-2.4118128078817733,-0.09181280788175172,-0.17599858498261864
221,2,3,201,280,1.5382678571428414,1.2602678571428498,123.532,137.483,0.7792678571428553,1.7072678571428526,0.011899835974857024
221,2,4,373,180,5.111805555555549,7.52080555555554,138.532,147.482,4.9898055555555345,7.52080555555554,0.23772911159264426
221,2,5,734,180,10.396455555555548,15.467455555555546,148.533,157.482,10.254455555555552,15.467455555555546,0.5568541848519434
221,2,6,1089,180,18.42817222222223,24.80317222222223,158.532,167.482,18.22017222222223,24.80317222222223,0.7118432886659312
221,2,7,1360,180,27.69177777777776,34.81077777777776,168.532,177.483,27.37477777777778,34.81077777777776,0.8439359186085648
221,2,8,1647,200,37.551620000000014,46.206620000000015,178.532,188.482,37.52062000000001,46.25162,0.8944115583222931
