Colony_ID,Run,Interval,Light_Value,N_points,O2_start,O2_end,DeltaT_min,DeltaT_max,O2_min,O2_max,Slope
211,1,1,0,301,146.05898333333334,135.76798333333335,65.298,80.299,135.76698333333331,151.84098333333333,-1.642984663318609
211,1,2,118,321,134.567090625,123.228090625,81.298,97.299,122.64409062499999,134.798090625,-0.4188881440270408
211,1,3,201,287,4.759384083044978,23.215384083044995,0,14.298,4.622384083044977,23.215384083044995,1.35663244679868
211,1,4,373,181,25.203077777777793,42.257077777777795,15.298,24.298,25.12507777777779,42.257077777777795,1.9386953829173128
211,1,5,734,181,44.425016666666664,65.72901666666664,25.299,34.298,44.425016666666664,65.72901666666664,2.3976651837237903
211,1,6,1089,181,68.72650555555558,91.90250555555556,35.298,44.298,68.66150555555558,91.90250555555556,2.6169788291426777
211,1,7,1360,181,95.297583333333307,118.98658333333333,45.299,54.298,95.297583333333307,118.98658333333333,2.6269783392305652
211,1,8,1647,181,121.64781111111114,142.8998111111111,55.299,64.298,121.64781111111114,142.8998111111111,2.352324339331198
