Colony_ID,Run,Interval,Light_Value,N_points,O2_start,O2_end,DeltaT_min,DeltaT_max,O2_min,O2_max,Slope
226,1,1,0,300,49.22998333333334,41.20898333333332,65.549,80.499,41.00798333333333,51.54998333333333,-0.882625857449389
226,1,2,118,320,40.96309062500001,33.653090625000004,81.549,97.499,33.52509062500002,40.96309062500001,-0.35385860532968827
226,1,3,201,291,-4.0766159169550065,-3.1216159169550224,0,14.499,-4.405615916955014,-3.014615916955023,0.10184016360665861
226,1,4,373,180,-2.2519222222222197,1.7510777777777946,15.549,24.499,-2.431922222222198,1.7510777777777946,0.4668925859875819
226,1,5,734,180,2.605016666666671,9.539016666666669,25.549,34.499,2.515016666666668,9.598016666666666,0.8357049877483245
226,1,6,1089,180,11.133505555555558,20.517505555555573,35.549,44.499,11.133505555555558,20.766505555555568,1.095176462317212
226,1,7,1360,180,22.235583333333324,33.602583333333314,45.549,54.499,22.235583333333324,33.602583333333314,1.2520275696733572
226,1,8,1647,180,35.652811111111106,47.74481111111112,55.549,64.499,35.652811111111106,47.74481111111112,1.3826253715707222
