Colony_ID,Run,Interval,Light_Value,N_points,O2_start,O2_end,DeltaT_min,DeltaT_max,O2_min,O2_max,Slope
234,5,1,0,301,47.98450498338869,41.32750498338871,75.543,90.543,41.293504983388715,50.184504983388706,-0.7447185555754141
234,5,2,118,272,-3.405937956204383,-4.323937956204389,0,13.543,-4.72293795620439,-3.207937956204404,-0.07864624961470155
234,5,3,201,181,-4.417668508287306,-3.2846685082872966,14.543,23.543,-4.766668508287296,-3.242668508287295,0.16627157534783707
234,5,4,373,201,-2.908611940298499,1.5053880597014881,24.543,34.543,-3.1576119402984943,1.5733880597015002,0.4976839322042705
234,5,5,734,181,2.2683701657458357,9.032370165745846,35.543,44.544,2.2683701657458357,9.077370165745862,0.8105544521235764
234,5,6,1089,181,10.357198895027608,19.721198895027612,45.543,54.543,10.357198895027608,19.721198895027612,1.0402531222727553
234,5,7,1360,181,20.81412154696133,32.06912154696133,55.543,64.543,20.81412154696133,32.06912154696133,1.163753527739583
234,5,8,1647,181,33.6104585635359,45.873458563535905,65.543,74.543,33.6104585635359,46.61445856353592,1.3635630486630592
