Colony_ID,Run,Interval,Light_Value,N_points,O2_start,O2_end,DeltaT_min,DeltaT_max,O2_min,O2_max,Slope
19,3,1,0,300,73.25850000000003,58.80250000000001,301.532,316.482,58.80250000000001,76.46750000000003,-1.0477652047417865
19,3,2,118,265,-1.8322623574144359,-3.748262357414461,226.281,239.482,-3.860262357414456,-1.8322623574144359,-0.03156077740576667
19,3,3,201,180,-3.047927777777801,-0.7319277777777984,240.532,249.482,-3.411927777777805,-0.5109277777777947,0.3830526375508667
19,3,4,373,180,0.40639999999999077,6.912399999999991,250.532,259.482,0.3643999999999892,6.977399999999989,0.8522942426978731
19,3,5,734,200,8.800655000000006,20.542655000000025,260.532,270.483,8.577655000000021,20.611655000000013,1.2825897390051222
19,3,6,1089,180,22.8154777777778,36.57447777777779,271.532,280.482,22.8154777777778,36.57447777777779,1.5611804472776878
19,3,7,1360,180,39.17673888888888,53.463738888888884,281.533,290.482,38.987738888888885,53.463738888888884,1.7041481610936193
19,3,8,1647,180,56.308155555555544,70.79115555555555,291.533,300.483,56.03015555555558,70.97415555555554,1.6412482898813607
