Colony_ID,Run,Interval,Light_Value,N_points,O2_start,O2_end,DeltaT_min,DeltaT_max,O2_min,O2_max,Slope
233,4,1,0,301,70.97268,60.08167999999998,417.554,432.554,60.08167999999998,74.07768000000002,-1.2379746017900342
233,4,2,118,281,-1.4205142857142903,-5.516514285714294,342.554,356.555,-5.560514285714277,-1.4205142857142903,-0.23265540338958104
233,4,3,201,181,-5.077877777777758,-3.9998777777777548,357.555,366.555,-5.435877777777762,-3.9378777777777714,0.16870139541526916
233,4,4,373,181,-3.1280888888888967,2.9629111111111115,367.555,376.555,-3.1280888888888967,3.004911111111113,0.6948294510243315
233,4,5,734,181,4.534938888888888,15.44193888888887,377.555,386.555,4.42993888888887,15.44193888888887,1.3037835716007988
233,4,6,1089,181,17.5625,32.18050000000002,387.555,396.555,17.5625,253.14750000000004,1.6371059386043438
233,4,7,1360,181,34.59536666666668,50.483366666666655,397.554,406.555,34.59536666666668,50.483366666666655,1.7708267644331037
233,4,8,1647,181,53.15538333333333,68.91438333333335,407.554,416.555,53.15538333333333,68.91438333333335,1.689768192094439
