Colony_ID,Run,Interval,Light_Value,N_points,O2_start,O2_end,DeltaT_min,DeltaT_max,O2_min,O2_max,Slope
20,3,1,0,300,60.48750000000001,53.36849999999998,301.482,316.432,53.29649999999998,62.29849999999999,-0.7539650021306489
20,3,2,118,264,-0.5592623574144397,-1.3492623574144602,226.281,239.431,-1.7952623574144582,-0.5592623574144397,0.02166628716096012
20,3,3,201,180,-0.7569277777778041,2.216072222222209,240.481,249.432,-0.7689277777778045,2.25407222222222,0.38708158805334786
20,3,4,373,180,3.226399999999984,9.373400000000004,250.481,259.432,3.1493999999999858,9.607399999999984,0.7741004815368295
20,3,5,734,200,11.223655000000008,21.118655000000018,260.481,270.431,10.966655000000003,21.118655000000018,1.0572328276495864
20,3,6,1089,180,23.216477777777783,33.5174777777778,271.482,280.432,23.026477777777785,33.5174777777778,1.1638246503243375
20,3,7,1360,180,35.584738888888864,46.19573888888888,281.481,290.432,35.584738888888864,46.30373888888889,1.1969102276114885
20,3,8,1647,180,48.51115555555555,58.89915555555555,291.481,300.431,48.42515555555556,58.89915555555555,1.1750349920194676
