Colony_ID,Run,Interval,Light_Value,N_points,O2_start,O2_end,DeltaT_min,DeltaT_max,O2_min,O2_max,Slope
209,1,1,0,300,14.219983333333317,10.756983333333324,65.354,80.303,10.658983333333339,15.812983333333335,-0.45425247040359423
209,1,2,118,320,11.012090625000013,7.083090625000011,81.354,97.304,6.881090625000013,11.012090625000013,-0.1411979629848039
209,1,3,201,287,-32.19861591695502,-27.07761591695501,0,14.304,-32.19861591695502,-27.06161591695502,0.36469665748782076
209,1,4,373,180,-26.1169222222222,-21.103922222222224,15.354,24.304,-26.1169222222222,-21.04392222222222,0.5658680361755052
209,1,5,734,180,-19.905983333333324,-13.769983333333329,25.354,34.304,-20.005983333333347,-13.597983333333332,0.7208314326640362
209,1,6,1089,180,-12.301494444444444,-5.170494444444444,35.354,44.304,-12.301494444444444,-5.095494444444427,0.8200205297903614
209,1,7,1360,180,-3.455416666666679,4.365583333333319,45.354,54.304,-3.5614166666666733,4.3875833333333105,0.8754980179644747
209,1,8,1647,180,5.6758111111111305,13.15181111111113,55.354,64.304,5.6758111111111305,13.26681111111111,0.8376039214669868
