Colony_ID,Run,Interval,Temperature,N_points,O2_start,O2_end,DeltaT_min,DeltaT_max,O2_min,O2_max,Slope,Avg_Blank_Slope,Blank_Corrected_Slope
237,2,1,18,103,213.04,239.116,Inf,-Inf,213.04,239.174,0.5213129419989629,-0.05297627622446299,0.5742892182234259
237,2,2,22,106,210.911,254.036,Inf,-Inf,210.882,254.036,0.8249477846052822,-0.0749550795075065,0.8999028641127886
237,2,3,25,110,196.459,247.775,Inf,-Inf,196.459,247.775,0.9508568760305898,-0.08026978182675235,1.0311266578573421
237,2,4,28,112,188.63,239.904,Inf,-Inf,188.63,239.904,0.9283555965579249,-0.08903181523167222,1.0173874117895971
237,2,5,31,114,179.032,229.785,Inf,-Inf,178.888,229.785,0.9627226474372879,-0.13228776444304594,1.0950104118803339
237,2,6,34,111,166.137,197.394,Inf,-Inf,166.137,197.394,0.5550879684907583,-0.13657568199563241,0.6916636504863907
237,2,7,38,108,147.546,134.376,Inf,-Inf,134.376,147.546,-0.2723827837361235,-0.13444437812915122,-0.1379384056069723
