Colony_ID,Run,Interval,Temperature,N_points,O2_start,O2_end,DeltaT_min,DeltaT_max,O2_min,O2_max,Slope,Avg_Blank_Slope,Blank_Corrected_Slope
238,3,1,18,105,220.355,258.676,Inf,-Inf,220.355,258.676,0.7856842545019584,-0.05297627622446299,0.8386605307264214
238,3,2,22,114,215.524,271.297,Inf,-Inf,215.321,271.297,1.0566524798587515,-0.0749550795075065,1.131607559366258
238,3,3,25,111,202.688,275.552,Inf,-Inf,202.431,275.552,1.4529845217238333,-0.08026978182675235,1.5332543035505857
238,3,4,28,106,196.286,276.76,Inf,-Inf,196.286,276.76,1.4953066553276966,-0.08903181523167222,1.5843384705593688
238,3,5,31,106,180.441,253.109,Inf,-Inf,180.441,253.109,1.4240444335185856,-0.13228776444304594,1.5563321979616316
238,3,6,34,116,161.486,214.786,Inf,-Inf,161.486,214.786,0.933747518799225,-0.13657568199563241,1.0703232007948573
238,3,7,38,109,151.839,132.14,Inf,-Inf,132.14,151.839,-0.48777908105052403,-0.13444437812915122,-0.3533347029213728
