Colony_ID,Run,Interval,Temperature,N_points,O2_start,O2_end,DeltaT_min,DeltaT_max,O2_min,O2_max,Slope,Avg_Blank_Slope,Blank_Corrected_Slope
211,3,1,18,105,222.905,262.496,Inf,-Inf,222.905,262.496,0.8141223889849684,-0.05297627622446299,0.8670986652094314
211,3,2,22,114,217.813,265.025,Inf,-Inf,217.596,265.025,0.9235423051255546,-0.0749550795075065,0.998497384633061
211,3,3,25,111,205.526,260.778,Inf,-Inf,204.874,260.778,1.2530342897898898,-0.08026978182675235,1.3333040716166422
211,3,4,28,106,197.475,265.669,Inf,-Inf,197.475,265.669,1.3866778878743624,-0.08903181523167222,1.4757097031060347
211,3,5,31,106,182.032,245.024,Inf,-Inf,182.032,245.024,1.2807373170264873,-0.13228776444304594,1.4130250814695333
211,3,6,34,116,163.136,189.085,Inf,-Inf,162.603,189.085,0.5126284746410059,-0.13657568199563241,0.6492041566366383
211,3,7,38,109,151.53,117.281,Inf,-Inf,117.281,151.53,-0.6414547705393657,-0.13444437812915122,-0.5070103924102145
