Colony_ID,Run,Interval,Temperature,N_points,O2_start,O2_end,DeltaT_min,DeltaT_max,O2_min,O2_max,Slope,Avg_Blank_Slope,Blank_Corrected_Slope
244,5,1,18,111,233.722,275.853,Inf,-Inf,231.993,275.853,0.9361084207982184,-0.05297627622446299,0.9890846970226814
244,5,2,22,107,223.442,288.016,Inf,-Inf,222.404,288.016,1.344122412131516,-0.0749550795075065,1.4190774916390225
244,5,3,25,104,211.627,283.712,Inf,-Inf,211.627,283.712,1.517487818716159,-0.08026978182675235,1.5977576005429113
244,5,4,28,108,196.43,280.159,Inf,-Inf,196.015,280.159,1.6697207662666746,-0.08903181523167222,1.758752581498347
244,5,5,31,112,178.633,263.936,Inf,-Inf,178.364,263.936,1.679088789201664,-0.13228776444304594,1.81137655364471
244,5,6,34,108,173.571,227.497,Inf,-Inf,173.218,227.497,1.0017103290138172,-0.13657568199563241,1.1382860110094497
244,5,7,38,113,148.643,138.657,Inf,-Inf,138.657,149.366,-0.34064370147661804,-0.13444437812915122,-0.20619932334746682
