Colony_ID,Run,Interval,Temperature,N_points,O2_start,O2_end,DeltaT_min,DeltaT_max,O2_min,O2_max,Slope,Avg_Blank_Slope,Blank_Corrected_Slope
241,4,1,18,114,213.092,285.854,Inf,-Inf,208.415,285.854,1.5430752428366528,-0.05297627622446299,1.5960515190611158
241,4,2,22,109,217.967,321.514,Inf,-Inf,216.21,321.514,2.188615765803142,-0.0749550795075065,2.2635708453106487
241,4,3,25,106,204.328,333.825,Inf,-Inf,203.443,333.825,2.581242921395105,-0.08026978182675235,2.6615127032218573
241,4,4,28,112,194.951,336.735,Inf,-Inf,191.866,336.735,2.971710228877782,-0.08903181523167222,3.060742044109454
241,4,5,31,115,184.351,298.691,Inf,-Inf,182.995,298.691,2.358270129870118,-0.13228776444304594,2.490557894313164
241,4,6,34,110,166.662,247.085,Inf,-Inf,164.105,247.085,1.8945680632962385,-0.13657568199563241,2.031143745291871
241,4,7,38,109,151.035,137.188,Inf,-Inf,137.188,153.819,-0.5947766798419037,-0.13444437812915122,-0.4603323017127525
