Colony_ID,Run,Interval,Temperature,N_points,O2_start,O2_end,DeltaT_min,DeltaT_max,O2_min,O2_max,Slope,Avg_Blank_Slope,Blank_Corrected_Slope
221,2,1,18,103,216.551,241.529,Inf,-Inf,216.513,241.529,0.5265246184851147,-0.05297627622446299,0.5795008947095777
221,2,2,22,106,216.083,239.942,Inf,-Inf,216.083,239.942,0.4326673950468397,-0.0749550795075065,0.5076224745543462
221,2,3,25,110,203.137,234.905,Inf,-Inf,203.137,234.905,0.5683855769230769,-0.08026978182675235,0.6486553587498293
221,2,4,28,112,195.202,230.772,Inf,-Inf,194.934,230.772,0.7117110461718303,-0.08903181523167222,0.8007428614035026
221,2,5,31,114,187.055,223.369,Inf,-Inf,187.055,223.369,0.6852192038624314,-0.13228776444304594,0.8175069683054773
221,2,6,34,111,172.286,177.853,Inf,-Inf,171.443,177.853,0.16093366833924141,-0.13657568199563241,0.2975093503348738
221,2,7,38,108,156.513,132.349,Inf,-Inf,132.349,156.513,-0.4204470175975208,-0.13444437812915122,-0.28600263946836957
