Colony_ID,Run,Interval,Temperature,N_points,O2_start,O2_end,DeltaT_min,DeltaT_max,O2_min,O2_max,Slope,Avg_Blank_Slope,Blank_Corrected_Slope
blank,1,1,18,101,232.745,229.224,Inf,-Inf,229.161,232.745,-0.06396952935952324,-0.05297627622446299,-0.01099325313506025
blank,1,2,22,102,218.121,213.452,Inf,-Inf,213.452,218.121,-0.08562159678992282,-0.0749550795075065,-0.010666517282416313
blank,1,3,25,107,207.765,202.311,Inf,-Inf,202.311,207.765,-0.09877956969123428,-0.08026978182675235,-0.01850978786448193
blank,1,4,28,107,183.342,179.917,Inf,-Inf,167.769,184.441,-0.09704264650989726,-0.08903181523167222,-0.008010831278225036
blank,1,5,31,114,180.598,171.866,Inf,-Inf,171.866,180.598,-0.16329322552425998,-0.13228776444304594,-0.031005461081214047
blank,1,6,34,108,169.865,162.299,Inf,-Inf,162.24,169.865,-0.1268809928251869,-0.13657568199563241,0.009694689170445525
blank,1,7,38,109,152.057,143.268,Inf,-Inf,143.268,152.057,-0.15511483487370836,-0.13444437812915122,-0.020670456744557142
