Colony_ID,Run,Interval,Temperature,N_points,O2_start,O2_end,DeltaT_min,DeltaT_max,O2_min,O2_max,Slope,Avg_Blank_Slope,Blank_Corrected_Slope
209,2,1,18,103,168.962,185.123,Inf,-Inf,168.962,185.274,0.3638988241175268,-0.05297627622446299,0.41687510034198977
209,2,2,22,106,170.379,188.6,Inf,-Inf,170.379,188.6,0.3421827268087117,-0.0749550795075065,0.4171378063162182
209,2,3,25,110,160.284,186.384,Inf,-Inf,160.284,186.408,0.519055466707035,-0.08026978182675235,0.5993252485337873
209,2,4,28,112,153.589,180.34,Inf,-Inf,153.589,180.34,0.46364579392943617,-0.08903181523167222,0.5526776091611084
209,2,5,31,114,145.51,170.916,Inf,-Inf,145.254,171.188,0.4721446875952725,-0.13228776444304594,0.6044324520383184
209,2,6,34,111,130.025,138.408,Inf,-Inf,129.915,138.553,0.18441573761991195,-0.13657568199563241,0.32099141961554434
209,2,7,38,108,110.351,91.026,Inf,-Inf,91.026,110.351,-0.3955882759755419,-0.13444437812915122,-0.2611438978463907
