Colony_ID,Run,Interval,Temperature,N_points,O2_start,O2_end,DeltaT_min,DeltaT_max,O2_min,O2_max,Slope,Avg_Blank_Slope,Blank_Corrected_Slope
240,1,1,18,102,235.179,295.337,Inf,-Inf,235.179,295.337,1.2578393417044254,-0.05297627622446299,1.3108156179288883
240,1,2,22,102,224.151,297.081,Inf,-Inf,224.151,297.081,1.4659511938575334,-0.0749550795075065,1.5409062733650398
240,1,3,25,107,208.944,292.983,Inf,-Inf,208.562,292.983,1.6644675012639394,-0.08026978182675235,1.7447372830906918
240,1,4,28,107,188.066,289.547,Inf,-Inf,188.066,289.547,2.002597700611356,-0.08903181523167222,2.091629515843028
240,1,5,31,114,182.349,286.746,Inf,-Inf,182.349,286.746,2.2413607436334564,-0.13228776444304594,2.3736485080765024
240,1,6,34,108,170.509,242.52,Inf,-Inf,170.258,242.52,1.5239775151852222,-0.13657568199563241,1.6605531971808545
240,1,7,38,109,153.41,145.527,Inf,-Inf,145.527,153.41,-0.18797506135356373,-0.13444437812915122,-0.05353068322441251
