Colony_ID,Run,Interval,Temperature,N_points,O2_start,O2_end,DeltaT_min,DeltaT_max,O2_min,O2_max,Slope,Avg_Blank_Slope,Blank_Corrected_Slope
42,2,1,18,103,218.089,252.011,Inf,-Inf,218.019,252.011,0.7099817946604091,-0.05297627622446299,0.7629580708848721
42,2,2,22,106,215.366,258.714,Inf,-Inf,215.366,258.714,0.8874602362254154,-0.0749550795075065,0.9624153157329218
42,2,3,25,110,200.713,254.036,Inf,-Inf,200.327,254.036,1.076299699232455,-0.08026978182675235,1.1565694810592073
42,2,4,28,112,193.924,236.762,Inf,-Inf,192.172,236.762,0.9588766678208395,-0.08903181523167222,1.0479084830525116
42,2,5,31,114,183.325,234.743,Inf,-Inf,182.404,234.743,1.0837327572259117,-0.13228776444304594,1.2160205216689577
42,2,6,34,111,167.159,195.28,Inf,-Inf,167.051,195.28,0.5566775740359744,-0.13657568199563241,0.6932532560316068
42,2,7,38,108,150.574,130.016,Inf,-Inf,130.016,150.574,-0.4182957275207705,-0.13444437812915122,-0.28385134939161927
