Colony_ID,Run,Interval,Temperature,N_points,O2_start,O2_end,DeltaT_min,DeltaT_max,O2_min,O2_max,Slope,Avg_Blank_Slope,Blank_Corrected_Slope
243,1,1,18,102,231.083,271.059,Inf,-Inf,231.025,271.059,0.8670766136097942,-0.05297627622446299,0.9200528898342571
243,1,2,22,102,218.532,273.461,Inf,-Inf,218.532,273.461,1.1309320200531254,-0.0749550795075065,1.205887099560632
243,1,3,25,107,208.078,257.22,Inf,-Inf,207.099,257.22,0.9411798319327723,-0.08026978182675235,1.0214496137595246
243,1,4,28,107,184.062,242.532,Inf,-Inf,184.062,242.532,1.1198192204301056,-0.08903181523167222,1.2088510356617779
243,1,5,31,114,181.133,235.042,Inf,-Inf,181.133,235.042,0.9805545981381614,-0.13228776444304594,1.1128423625812074
243,1,6,34,108,170.393,210.421,Inf,-Inf,169.914,210.421,0.8226692357440435,-0.13657568199563241,0.9592449177396759
243,1,7,38,109,154.27,135.704,Inf,-Inf,135.704,154.27,-0.26720121457489643,-0.13444437812915122,-0.1327568364457452
