Colony_ID,Run,Interval,Temperature,N_points,O2_start,O2_end,DeltaT_min,DeltaT_max,O2_min,O2_max,Slope,Avg_Blank_Slope,Blank_Corrected_Slope
44,5,1,18,111,223.908,250.069,Inf,-Inf,223.518,250.069,0.5400167624387326,-0.05297627622446299,0.5929930386631956
44,5,2,22,107,215.311,252.445,Inf,-Inf,215.311,252.445,0.7278139430188437,-0.0749550795075065,0.8027690225263502
44,5,3,25,104,207.374,255.506,Inf,-Inf,207.374,255.506,0.9573755483554351,-0.08026978182675235,1.0376453301821875
44,5,4,28,108,192.871,246.292,Inf,-Inf,192.632,246.292,1.0420657960212636,-0.08903181523167222,1.1310976112529358
44,5,5,31,112,177.108,233.814,Inf,-Inf,177.065,233.814,1.0485624823253912,-0.13228776444304594,1.1808502467684372
44,5,6,34,108,172.042,201.604,Inf,-Inf,172.042,201.604,0.5750494078454942,-0.13657568199563241,0.7116250898411266
44,5,7,38,113,147.892,138.815,Inf,-Inf,138.815,148.595,-0.2974861314778668,-0.13444437812915122,-0.16304175334871557
