Colony_ID,Run,Interval,Temperature,N_points,O2_start,O2_end,DeltaT_min,DeltaT_max,O2_min,O2_max,Slope,Avg_Blank_Slope,Blank_Corrected_Slope
212,1,1,18,102,229.887,257.137,Inf,-Inf,229.645,257.137,0.6390492023005493,-0.05297627622446299,0.6920254785250123
212,1,2,22,102,214.035,251.548,Inf,-Inf,213.551,251.548,0.8316823969489824,-0.0749550795075065,0.9066374764564888
212,1,3,25,107,208.24,248.71,Inf,-Inf,200.815,364.456,0.9892497985616592,-0.08026978182675235,1.0695195803884114
212,1,4,28,107,184.461,243.548,Inf,-Inf,184.043,243.548,1.3460752469912192,-0.08903181523167222,1.4351070622228914
212,1,5,31,114,179.551,240.921,Inf,-Inf,178.594,240.921,1.3458378132006854,-0.13228776444304594,1.4781255776437314
212,1,6,34,108,171.448,195.439,Inf,-Inf,168.104,195.439,0.6493226578550279,-0.13657568199563241,0.7858983398506603
212,1,7,38,109,153.199,103.909,Inf,-Inf,103.909,153.199,-0.8329903467776896,-0.13444437812915122,-0.6985459686485384
