Colony_ID,Run,Interval,Temperature,N_points,O2_start,O2_end,DeltaT_min,DeltaT_max,O2_min,O2_max,Slope,Avg_Blank_Slope,Blank_Corrected_Slope
234,4,1,18,114,214.159,258.727,Inf,-Inf,213.637,258.727,0.9103138534789358,-0.05297627622446299,0.9632901297033988
234,4,2,22,109,221.669,280.04,Inf,-Inf,221.342,280.04,1.1574997011580739,-0.0749550795075065,1.2324547806655803
234,4,3,25,106,210.113,280.218,Inf,-Inf,209.94,280.218,1.3359689458484054,-0.08026978182675235,1.4162387276751578
234,4,4,28,112,197.126,284.848,Inf,-Inf,196.815,284.848,1.8058428102925212,-0.08903181523167222,1.8948746255241935
234,4,5,31,115,188.254,274.322,Inf,-Inf,188.254,274.322,1.5841995444197017,-0.13228776444304594,1.7164873088627477
234,4,6,34,110,169.028,216.528,Inf,-Inf,168.732,216.528,1.0390577200147038,-0.13657568199563241,1.175633402010336
234,4,7,38,109,153.798,140.44,Inf,-Inf,140.44,153.798,-0.29342853839038135,-0.13444437812915122,-0.15898416026123013
