Colony_ID,Run,Interval,Temperature,N_points,O2_start,O2_end,DeltaT_min,DeltaT_max,O2_min,O2_max,Slope,Avg_Blank_Slope,Blank_Corrected_Slope
248,5,1,18,111,232.361,303.693,Inf,-Inf,231.366,303.693,1.4197121336605196,-0.05297627622446299,1.4726884098849826
248,5,2,22,107,222.183,337.95,Inf,-Inf,222.183,337.95,2.2572329219045772,-0.0749550795075065,2.3321880014120837
248,5,3,25,104,213.444,352.668,Inf,-Inf,213.444,352.668,2.852064319890635,-0.08026978182675235,2.932334101717387
248,5,4,28,107,197.549,367.731,Inf,-Inf,197.436,367.731,3.486764797480532,-0.08903181523167222,3.575796612712204
248,5,5,31,112,180.875,350.994,Inf,-Inf,180.874,350.994,3.5212448494354778,-0.13228776444304594,3.653532613878524
248,5,6,34,108,176.556,272.391,Inf,-Inf,176.322,272.391,1.9800505982906027,-0.13657568199563241,2.1166262802862352
248,5,7,38,113,152.435,135.252,Inf,-Inf,135.252,153.197,-0.5367753086733925,-0.13444437812915122,-0.4023309305442413
