Colony_ID,Run,Interval,Temperature,N_points,O2_start,O2_end,DeltaT_min,DeltaT_max,O2_min,O2_max,Slope,Avg_Blank_Slope,Blank_Corrected_Slope
27,3,1,18,105,224.891,252.557,Inf,-Inf,224.73,252.557,0.5874388746803063,-0.05297627622446299,0.6404151509047693
27,3,2,22,114,221.934,259.641,Inf,-Inf,220.029,259.641,0.8060510532311037,-0.0749550795075065,0.8810061327386102
27,3,3,25,111,206.573,263.24,Inf,-Inf,182.053,263.24,1.008385514350946,-0.08026978182675235,1.0886552961776983
27,3,4,28,106,199.631,258.707,Inf,-Inf,199.594,258.707,1.1612573260073262,-0.08903181523167222,1.2502891412389985
27,3,5,31,106,181.889,230.393,Inf,-Inf,181.831,230.393,0.8643414625641036,-0.13228776444304594,0.9966292270071495
27,3,6,34,116,167.293,197.14,Inf,-Inf,165.545,197.14,0.6313818746727746,-0.13657568199563241,0.767957556668407
27,3,7,38,109,155.484,137.715,Inf,-Inf,137.715,155.484,-0.38872061712515393,-0.13444437812915122,-0.2542762389960027
