Colony_ID,Run,Interval,Temperature,N_points,O2_start,O2_end,DeltaT_min,DeltaT_max,O2_min,O2_max,Slope,Avg_Blank_Slope,Blank_Corrected_Slope
43,3,1,18,105,228.556,267.183,Inf,-Inf,228.556,267.183,0.8003024225727197,-0.05297627622446299,0.8532786987971827
43,3,2,22,114,223.775,281.148,Inf,-Inf,223.253,281.148,1.1669378133584534,-0.0749550795075065,1.2418928928659598
43,3,3,25,111,211.226,271.2,Inf,-Inf,211.025,271.2,1.1323575226016402,-0.08026978182675235,1.2126273044283926
43,3,4,28,106,204.55,280.839,Inf,-Inf,204.55,280.839,1.4987471244420345,-0.08903181523167222,1.5877789396737068
43,3,5,31,106,187.844,255.079,Inf,-Inf,187.844,255.079,1.3550117718908379,-0.13228776444304594,1.487299536333884
43,3,6,34,116,168.706,215.018,Inf,-Inf,168.597,215.018,0.9010478882508943,-0.13657568199563241,1.0376235702465268
43,3,7,38,109,158.57,138.402,Inf,-Inf,138.402,158.57,-0.4591249508916591,-0.13444437812915122,-0.3246805727625079
