Colony_ID,Run,Interval,Temperature,N_points,O2_start,O2_end,DeltaT_min,DeltaT_max,O2_min,O2_max,Slope,Avg_Blank_Slope,Blank_Corrected_Slope
225,2,1,18,103,221.307,256.834,Inf,-Inf,221.307,256.834,0.7345064490033598,-0.05297627622446299,0.7874827252278228
225,2,2,22,106,218.501,268.29,Inf,-Inf,218.501,268.29,0.9707141708798743,-0.0749550795075065,1.0456692503873808
225,2,3,25,110,203.486,264.131,Inf,-Inf,203.486,264.131,1.1471559822978732,-0.08026978182675235,1.2274257641246256
225,2,4,28,112,195.761,261.761,Inf,-Inf,195.761,261.761,1.1740174798520442,-0.08903181523167222,1.2630492950837164
225,2,5,31,114,186.858,249.54,Inf,-Inf,186.858,249.54,1.3114735925676093,-0.13228776444304594,1.4437613570106553
225,2,6,34,111,172.108,212.87,Inf,-Inf,172.108,212.87,0.7833672215750724,-0.13657568199563241,0.9199429035707049
225,2,7,38,108,153.549,136.523,Inf,-Inf,136.523,153.549,-0.4199384799567213,-0.13444437812915122,-0.28549410182757007
