Colony_ID,Run,Interval,Temperature,N_points,O2_start,O2_end,DeltaT_min,DeltaT_max,O2_min,O2_max,Slope,Avg_Blank_Slope,Blank_Corrected_Slope
204,3,1,18,105,216.331,234.123,Inf,-Inf,216.331,234.123,0.3783471341246532,-0.05297627622446299,0.4313234103491162
204,3,2,22,114,213.121,229.866,Inf,-Inf,211.939,229.866,0.3896609037090011,-0.0749550795075065,0.4646159832165076
204,3,3,25,111,201.798,231.777,Inf,-Inf,200.04,231.777,0.7605948683625907,-0.08026978182675235,0.8408646501893431
204,3,4,28,106,193.875,231.036,Inf,-Inf,193.705,231.036,0.8033527189228671,-0.08903181523167222,0.8923845341545393
204,3,5,31,106,176.862,213.617,Inf,-Inf,176.848,213.617,0.7841174898086988,-0.13228776444304594,0.9164052542517447
204,3,6,34,116,162.051,177.803,Inf,-Inf,160.765,177.803,0.39996864451763536,-0.13657568199563241,0.5365443265132678
204,3,7,38,109,152.197,128.283,Inf,-Inf,128.283,152.197,-0.43462788306409195,-0.13444437812915122,-0.3001835049349407
