Colony_ID,Run,Interval,Temperature,N_points,O2_start,O2_end,DeltaT_min,DeltaT_max,O2_min,O2_max,Slope,Avg_Blank_Slope,Blank_Corrected_Slope
1,5,1,18,111,231.626,251.685,Inf,-Inf,230.759,251.685,0.4531081551708345,-0.05297627622446299,0.5060844313952975
1,5,2,22,107,222.152,249.821,Inf,-Inf,222.05,249.821,0.6014206543385532,-0.0749550795075065,0.6763757338460596
1,5,3,25,104,212.801,248.433,Inf,-Inf,212.552,248.433,0.80887527961982,-0.08026978182675235,0.8891450614465723
1,5,4,28,108,199.656,242.546,Inf,-Inf,199.177,242.546,0.9181369358330557,-0.08903181523167222,1.0071687510647278
1,5,5,31,112,182.654,229.247,Inf,-Inf,182.373,229.247,0.9544349206349215,-0.13228776444304594,1.0867226850779674
1,5,6,34,108,177.178,200.341,Inf,-Inf,176.442,200.341,0.465478026175734,-0.13657568199563241,0.6020537081713664
1,5,7,38,113,153.116,123.844,Inf,-Inf,123.844,153.116,-0.5767061115699509,-0.13444437812915122,-0.44226173344079966
