Colony_ID,Run,Interval,Temperature,N_points,O2_start,O2_end,DeltaT_min,DeltaT_max,O2_min,O2_max,Slope,Avg_Blank_Slope,Blank_Corrected_Slope
247,3,1,18,105,171.146,198.088,Inf,-Inf,171.146,198.088,0.5601334056517021,-0.05297627622446299,0.6131096818761651
247,3,2,22,114,169.49,209.852,Inf,-Inf,169.017,209.852,0.7619385177219233,-0.0749550795075065,0.8368935972294298
247,3,3,25,111,160.331,210.545,Inf,-Inf,159.825,210.545,0.9698619322290172,-0.08026978182675235,1.0501317140557695
247,3,4,28,106,154.954,207.133,Inf,-Inf,154.954,207.133,1.0282722366585153,-0.08903181523167222,1.1173040518901876
247,3,5,31,106,139.296,185.927,Inf,-Inf,139.296,185.927,0.9865526322602478,-0.13228776444304594,1.1188403967032938
247,3,6,34,116,121.413,155.446,Inf,-Inf,121.335,155.446,0.6095429269811133,-0.13657568199563241,0.7461186089767458
247,3,7,38,109,105.882,90.338,Inf,-Inf,90.338,105.882,-0.2867823963085607,-0.13444437812915122,-0.1523380181794095
