Colony_ID,Run,Interval,Temperature,N_points,O2_start,O2_end,DeltaT_min,DeltaT_max,O2_min,O2_max,Slope,Avg_Blank_Slope,Blank_Corrected_Slope
41,1,1,18,101,227.876,289.602,Inf,-Inf,227.876,289.602,1.3375444825310119,-0.05297627622446299,1.3905207587554749
41,1,2,22,102,214.647,318.74,Inf,-Inf,214.647,318.74,2.265487054409006,-0.0749550795075065,2.3404421339165125
41,1,3,25,107,199.883,307.774,Inf,-Inf,199.449,307.774,2.230620716783217,-0.08026978182675235,2.310890498609969
41,1,4,28,107,178.442,305.589,Inf,-Inf,178.442,305.589,2.657505758172823,-0.08903181523167222,2.7465375734044954
41,1,5,31,114,174.065,295.123,Inf,-Inf,174.065,295.123,2.367396222318719,-0.13228776444304594,2.499683986761765
41,1,6,34,108,160.973,230.766,Inf,-Inf,160.973,230.766,1.4268391078436244,-0.13657568199563241,1.563414789839257
41,1,7,38,109,145.062,122.743,Inf,-Inf,122.743,145.062,-0.5314326337272364,-0.13444437812915122,-0.39698825559808515
