Colony_ID,Run,Interval,Temperature,N_points,O2_start,O2_end,DeltaT_min,DeltaT_max,O2_min,O2_max,Slope,Avg_Blank_Slope,Blank_Corrected_Slope
242,4,1,18,114,210.75,260.214,Inf,-Inf,207.853,260.214,1.0413035396930135,-0.05297627622446299,1.0942798159174765
242,4,2,22,109,219.02,285.787,Inf,-Inf,218.887,285.787,1.3241890716866394,-0.0749550795075065,1.3991441511941458
242,4,3,25,106,207.741,288.804,Inf,-Inf,207.704,288.804,1.623205662138895,-0.08026978182675235,1.7034754439656474
242,4,4,28,112,195.648,293.656,Inf,-Inf,195.453,293.656,1.8716827232096689,-0.08903181523167222,1.9607145384413411
242,4,5,31,115,187.279,281.968,Inf,-Inf,187.117,281.968,1.796006026994492,-0.13228776444304594,1.928293791437538
242,4,6,34,110,167.703,228.901,Inf,-Inf,167.249,228.901,1.2223320257159207,-0.13657568199563241,1.3589077077115532
242,4,7,38,109,154.791,148.78,Inf,-Inf,148.78,158.139,-0.2402660464820864,-0.13444437812915122,-0.10582166835293519
