Colony_ID,Run,Interval,Temperature,N_points,O2_start,O2_end,DeltaT_min,DeltaT_max,O2_min,O2_max,Slope,Avg_Blank_Slope,Blank_Corrected_Slope
12,2,1,18,103,216.158,235.255,Inf,-Inf,216.072,235.255,0.40090643289294997,-0.05297627622446299,0.45388270911741296
12,2,2,22,106,213.721,237.162,Inf,-Inf,213.514,237.162,0.5229469826588742,-0.0749550795075065,0.5979020621663806
12,2,3,25,110,199.076,231.84,Inf,-Inf,198.744,231.84,0.7476807145170903,-0.08026978182675235,0.8279504963438427
12,2,4,28,112,191.97,236.473,Inf,-Inf,191.936,236.473,0.9543848057354504,-0.08903181523167222,1.0434166209671225
12,2,5,31,114,184.483,223.367,Inf,-Inf,183.21,223.386,0.9391047967182298,-0.13228776444304594,1.0713925611612758
12,2,6,34,111,165.305,185.145,Inf,-Inf,164.832,185.145,0.462130474176983,-0.13657568199563241,0.5987061561726155
12,2,7,38,108,148.134,125.578,Inf,-Inf,125.578,148.134,-0.4394232245693855,-0.13444437812915122,-0.30497884644023426
