Colony_ID,Run,Interval,Temperature,N_points,O2_start,O2_end,DeltaT_min,DeltaT_max,O2_min,O2_max,Slope,Avg_Blank_Slope,Blank_Corrected_Slope
45,2,1,18,103,165.301,190.805,Inf,-Inf,165.301,190.805,0.5324332479832333,-0.05297627622446299,0.5854095242076963
45,2,2,22,106,166.55,204.37,Inf,-Inf,166.434,204.37,0.7460394903033285,-0.0749550795075065,0.820994569810835
45,2,3,25,110,155.105,201.72,Inf,-Inf,155.105,201.72,0.866033024031834,-0.08026978182675235,0.9463028058585864
45,2,4,28,112,149.273,203.068,Inf,-Inf,149.246,203.068,0.9313473030070392,-0.08903181523167222,1.0203791182387114
45,2,5,31,114,139.593,184.893,Inf,-Inf,139.593,184.893,0.8449824918506318,-0.13228776444304594,0.9772702562936777
45,2,6,34,111,124.732,145.916,Inf,-Inf,124.732,145.916,0.4003846717308735,-0.13657568199563241,0.536960353726506
45,2,7,38,108,102.644,88.449,Inf,-Inf,88.449,102.644,-0.28951457174638334,-0.13444437812915122,-0.15507019361723212
