Colony_ID,Run,Interval,Temperature,N_points,O2_start,O2_end,DeltaT_min,DeltaT_max,O2_min,O2_max,Slope,Avg_Blank_Slope,Blank_Corrected_Slope
19,1,1,18,102,180.871,190.081,Inf,-Inf,180.726,190.081,0.1933277612142551,-0.05297627622446299,0.2463040374387181
19,1,2,22,102,172.205,181.332,Inf,-Inf,172.132,181.332,0.18312552683258745,-0.0749550795075065,0.25808060634009394
19,1,3,25,107,165.084,174.247,Inf,-Inf,164.161,174.247,0.20381429040862156,-0.08026978182675235,0.2840840722353739
19,1,4,28,107,145.205,158.733,Inf,-Inf,145.205,158.733,0.2549773753902962,-0.08903181523167222,0.34400919062196844
19,1,5,31,114,141.555,153.432,Inf,-Inf,141.215,153.432,0.18781469866569472,-0.13228776444304594,0.3201024631087407
19,1,6,34,108,131.155,130.317,Inf,-Inf,128.966,131.155,0.039143141657867274,-0.13657568199563241,0.1757188236534997
19,1,7,38,109,112.174,92.359,Inf,-Inf,92.359,112.174,-0.2893641503922736,-0.13444437812915122,-0.15491977226312237
