Colony_ID,Run,Interval,Temperature,N_points,O2_start,O2_end,DeltaT_min,DeltaT_max,O2_min,O2_max,Slope,Avg_Blank_Slope,Blank_Corrected_Slope
239,5,1,18,111,234.366,267.011,Inf,-Inf,233.687,267.011,0.6769907351035032,-0.05297627622446299,0.7299670113279662
239,5,2,22,107,224.14,269.103,Inf,-Inf,224.115,269.103,0.9096543644874877,-0.0749550795075065,0.9846094439949942
239,5,3,25,104,214.059,267.912,Inf,-Inf,213.918,267.912,1.0693013812295338,-0.08026978182675235,1.1495711630562861
239,5,4,28,107,197.266,263.055,Inf,-Inf,196.865,263.055,1.2965610075946987,-0.08903181523167222,1.385592822826371
239,5,5,31,112,179.293,248.839,Inf,-Inf,178.933,248.839,1.3626778280542962,-0.13228776444304594,1.4949655924973422
239,5,6,34,108,173.806,216.127,Inf,-Inf,173.338,216.127,0.8260428388742727,-0.13657568199563241,0.9626185208699051
239,5,7,38,113,148.275,139.264,Inf,-Inf,139.264,148.275,-0.2804345477517875,-0.13444437812915122,-0.14599016962263628
