Colony_ID,Run,Interval,Temperature,N_points,O2_start,O2_end,DeltaT_min,DeltaT_max,O2_min,O2_max,Slope,Avg_Blank_Slope,Blank_Corrected_Slope
46,3,1,18,105,175.02,208.522,Inf,-Inf,175.02,208.522,0.7060518267590272,-0.05297627622446299,0.7590281029834902
46,3,2,22,114,174.447,217.233,Inf,-Inf,174.148,217.233,0.8046851190399663,-0.0749550795075065,0.8796401985474728
46,3,3,25,111,166.007,217.534,Inf,-Inf,165.484,217.534,1.0171429302155641,-0.08026978182675235,1.0974127120423165
46,3,4,28,106,161.617,226.731,Inf,-Inf,161.617,226.731,1.2506322930800533,-0.08903181523167222,1.3396641083117256
46,3,5,31,106,145.482,208.863,Inf,-Inf,145.482,208.863,1.301398119364373,-0.13228776444304594,1.4336858838074191
46,3,6,34,116,127.947,165.879,Inf,-Inf,127.947,165.879,0.700680261792639,-0.13657568199563241,0.8372559437882714
46,3,7,38,109,114.677,102.371,Inf,-Inf,102.371,114.677,-0.33926229739253,-0.13444437812915122,-0.20481791926337878
