Colony_ID,Run,Interval,Temperature,N_points,O2_start,O2_end,DeltaT_min,DeltaT_max,O2_min,O2_max,Slope,Avg_Blank_Slope,Blank_Corrected_Slope
202,4,1,18,114,210.109,222.197,Inf,-Inf,208.931,222.325,0.2586265722640698,-0.05297627622446299,0.3116028484885328
202,4,2,22,109,218.538,229.858,Inf,-Inf,217.759,229.858,0.2768861066264295,-0.0749550795075065,0.351841186133936
202,4,3,25,106,207.825,227.539,Inf,-Inf,207.353,227.539,0.4368263732273143,-0.08026978182675235,0.5170961550540667
202,4,4,28,112,196.833,225.695,Inf,-Inf,195.653,225.695,0.6467647533383927,-0.08903181523167222,0.7357965685700649
202,4,5,31,115,188.307,215.216,Inf,-Inf,187.392,215.216,0.5834088240290198,-0.13228776444304594,0.7156965884720657
202,4,6,34,110,168.944,179.086,Inf,-Inf,167.077,179.086,0.290553278707878,-0.13657568199563241,0.4271289607035104
202,4,7,38,109,157.047,129.669,Inf,-Inf,129.669,157.047,-0.5471619686373109,-0.13444437812915122,-0.4127175905081597
