Colony_ID,Run,Interval,Temperature,N_points,O2_start,O2_end,DeltaT_min,DeltaT_max,O2_min,O2_max,Slope,Avg_Blank_Slope,Blank_Corrected_Slope
233,1,1,18,102,234.326,264.895,Inf,-Inf,233.993,264.895,0.7033567817568372,-0.05297627622446299,0.7563330579813002
233,1,2,22,102,218.883,269.639,Inf,-Inf,218.883,269.639,1.0549967331914747,-0.0749550795075065,1.1299518126989812
233,1,3,25,107,207.138,256.702,Inf,-Inf,206.168,256.702,1.021728465731676,-0.08026978182675235,1.1019982475584285
233,1,4,28,107,185.123,234.354,Inf,-Inf,184.776,234.354,1.0081325917746518,-0.08903181523167222,1.097164407006324
233,1,5,31,114,180.601,221.224,Inf,-Inf,179.848,221.224,0.8589009009429337,-0.13228776444304594,0.9911886653859796
233,1,6,34,108,170.503,202.829,Inf,-Inf,167.725,202.829,0.7900850011557687,-0.13657568199563241,0.9266606831514012
233,1,7,38,109,153.388,141.678,Inf,-Inf,141.678,153.388,-0.24187700033856593,-0.13444437812915122,-0.10743262220941471
