Colony_ID,Run,Interval,Temperature,N_points,O2_start,O2_end,DeltaT_min,DeltaT_max,O2_min,O2_max,Slope,Avg_Blank_Slope,Blank_Corrected_Slope
206,2,1,18,103,252.224,330.791,Inf,-Inf,252.224,330.791,1.6879994934751361,-0.05297627622446299,1.740975769699599
206,2,2,22,106,244.758,335.191,Inf,-Inf,244.469,335.191,1.7836521252159054,-0.0749550795075065,1.858607204723412
206,2,3,25,110,229.29,359.28,Inf,-Inf,229.264,359.28,2.487679199620961,-0.08026978182675235,2.567948981447713
206,2,4,28,112,214.254,379.673,Inf,-Inf,213.857,379.673,3.274858592582066,-0.08903181523167222,3.3638904078137384
206,2,5,31,114,204.704,346.517,Inf,-Inf,203.494,346.517,2.9976802315783395,-0.13228776444304594,3.1299679960213855
206,2,6,34,111,185.149,263.162,Inf,-Inf,185.149,263.162,1.5402457458327439,-0.13657568199563241,1.6768214278283762
206,2,7,38,108,182.421,118.808,Inf,-Inf,118.808,185.003,-0.8088901423937237,-0.13444437812915122,-0.6744457642645725
