Colony_ID,Run,Interval,Temperature,N_points,O2_start,O2_end,DeltaT_min,DeltaT_max,O2_min,O2_max,Slope,Avg_Blank_Slope,Blank_Corrected_Slope
26,2,1,18,103,208.994,246.913,Inf,-Inf,208.994,247.007,0.8248043218978736,-0.05297627622446299,0.8777805981223366
26,2,2,22,106,207.713,265.865,Inf,-Inf,207.713,265.865,1.154157588918803,-0.0749550795075065,1.2291126684263094
26,2,3,25,110,195.399,259.118,Inf,-Inf,195.399,259.118,1.1996647960702307,-0.08026978182675235,1.279934577896983
26,2,4,28,112,187.084,261.862,Inf,-Inf,187.084,261.862,1.379093589991678,-0.08903181523167222,1.4681254052233503
26,2,5,31,114,180.078,243.168,Inf,-Inf,180.078,243.168,1.3282675817847904,-0.13228776444304594,1.4605553462278364
26,2,6,34,111,165.569,212.617,Inf,-Inf,165.569,212.617,0.86290095880486,-0.13657568199563241,0.9994766408004924
26,2,7,38,108,147.626,132.415,Inf,-Inf,132.415,147.626,-0.39351371790436745,-0.13444437812915122,-0.25906933977521623
