Colony_ID,Run,Interval,Temperature,N_points,O2_start,O2_end,DeltaT_min,DeltaT_max,O2_min,O2_max,Slope,Avg_Blank_Slope,Blank_Corrected_Slope
219,4,1,18,115,205.152,218.129,Inf,-Inf,203.881,218.129,0.29733786408817653,-0.05297627622446299,0.3503141403126395
219,4,2,22,109,212.747,220.395,Inf,-Inf,212.083,220.432,0.1814974869216314,-0.0749550795075065,0.2564525664291379
219,4,3,25,106,200.761,213.969,Inf,-Inf,200.161,213.969,0.2715913544162945,-0.08026978182675235,0.3518611362430468
219,4,4,28,112,189.1,210.455,Inf,-Inf,188.461,210.455,0.46814677566697893,-0.08903181523167222,0.5571785908986512
219,4,5,31,115,180.81,204.64,Inf,-Inf,180.623,204.64,0.4476266639584192,-0.13228776444304594,0.5799144284014651
219,4,6,34,110,162.404,165.438,Inf,-Inf,161.466,165.438,0.07590492927000365,-0.13657568199563241,0.21248061126563605
219,4,7,38,109,147.004,127.443,Inf,-Inf,127.443,147.004,-0.339592836456794,-0.13444437812915122,-0.20514845832764278
