Colony_ID,Run,Interval,Temperature,N_points,O2_start,O2_end,DeltaT_min,DeltaT_max,O2_min,O2_max,Slope,Avg_Blank_Slope,Blank_Corrected_Slope
201,1,1,18,102,177.309,195.091,Inf,-Inf,177.154,195.091,0.3967117209834192,-0.05297627622446299,0.4496879972078822
201,1,2,22,102,168.488,184.151,Inf,-Inf,168.373,184.151,0.3169750397497804,-0.0749550795075065,0.39193011925728694
201,1,3,25,107,160.58,178.207,Inf,-Inf,159.467,178.207,0.37942470746997264,-0.08026978182675235,0.45969448929672496
201,1,4,28,107,140.835,164.321,Inf,-Inf,140.731,164.321,0.4518338326635001,-0.08903181523167222,0.5408656478951723
201,1,5,31,114,135.76,159.174,Inf,-Inf,135.479,159.174,0.41020641726869966,-0.13228776444304594,0.5424941817117456
201,1,6,34,108,125.695,132.629,Inf,-Inf,124.151,132.752,0.18511389675996565,-0.13657568199563241,0.32168957875559806
201,1,7,38,109,102.831,86.049,Inf,-Inf,86.049,102.831,-0.3052198624904464,-0.13444437812915122,-0.1707754843612952
