Colony_ID,Run,Interval,Temperature,N_points,O2_start,O2_end,DeltaT_min,DeltaT_max,O2_min,O2_max,Slope,Avg_Blank_Slope,Blank_Corrected_Slope
214,4,1,18,114,247.644,264.181,Inf,-Inf,244.104,264.181,0.4035298005833171,-0.05297627622446299,0.4565060768077801
214,4,2,22,109,254.254,277.01,Inf,-Inf,253.101,277.01,0.5946521252652431,-0.0749550795075065,0.6696072047727496
214,4,3,25,106,239.331,278.489,Inf,-Inf,238.049,278.489,0.9735400986610289,-0.08026978182675235,1.0538098804877811
214,4,4,28,112,226.139,277.879,Inf,-Inf,225.218,277.879,1.114247477894049,-0.08903181523167222,1.2032792931257212
214,4,5,31,115,214.62,266.998,Inf,-Inf,214.032,266.998,1.0363604416767995,-0.13228776444304594,1.1686482061198455
214,4,6,34,110,192.061,221.464,Inf,-Inf,190.137,221.464,0.7124823728685107,-0.13657568199563241,0.8490580548641431
214,4,7,38,109,174.757,147.356,Inf,-Inf,147.356,174.757,-0.5480227816585916,-0.13444437812915122,-0.4135784035294404
