Colony_ID,Run,Interval,Temperature,N_points,O2_start,O2_end,DeltaT_min,DeltaT_max,O2_min,O2_max,Slope,Avg_Blank_Slope,Blank_Corrected_Slope
226,2,1,18,103,216.784,252.759,Inf,-Inf,216.784,252.759,0.772549643377501,-0.05297627622446299,0.825525919601964
226,2,2,22,106,215.762,277.529,Inf,-Inf,215.762,277.529,1.2836237639373422,-0.0749550795075065,1.3585788434448487
226,2,3,25,110,202.124,274.932,Inf,-Inf,202.124,274.932,1.418170991767837,-0.08026978182675235,1.4984407735945893
226,2,4,28,112,195.965,271.111,Inf,-Inf,195.872,271.111,1.472681813687062,-0.08903181523167222,1.5617136289187343
226,2,5,31,114,185.707,250.639,Inf,-Inf,185.58,250.639,1.2760237180360021,-0.13228776444304594,1.4083114824790481
226,2,6,34,111,170.921,208.297,Inf,-Inf,170.921,208.297,0.7343800794428997,-0.13657568199563241,0.87095576143853215
226,2,7,38,108,153.37,138.499,Inf,-Inf,138.499,153.581,-0.31871971609052413,-0.13444437812915122,-0.1842753379613729
