Colony_ID,Run,Interval,Temperature,N_points,O2_start,O2_end,DeltaT_min,DeltaT_max,O2_min,O2_max,Slope,Avg_Blank_Slope,Blank_Corrected_Slope
203,1,1,18,102,268.986,294.129,Inf,-Inf,268.918,294.129,0.5694725568562649,-0.05297627622446299,0.6224488330807278
203,1,2,22,102,252.8,281.093,Inf,-Inf,252.713,281.093,0.6546012282118235,-0.0749550795075065,0.72955630771933
203,1,3,25,106,238.873,276.104,Inf,-Inf,237.643,276.104,0.8437207160204088,-0.08026978182675235,0.9239904978471611
203,1,4,28,107,210.737,255.91,Inf,-Inf,210.65,255.91,0.9021412380538739,-0.08903181523167222,0.9911730532855462
203,1,5,31,114,206.322,252.727,Inf,-Inf,205.933,252.727,0.7524524132506982,-0.13228776444304594,0.8847401776937441
203,1,6,34,108,195.394,213.296,Inf,-Inf,192.693,213.296,0.4300943714821728,-0.13657568199563241,0.5666700534778052
203,1,7,38,109,173.231,145.662,Inf,-Inf,145.662,173.231,-0.4569667341292485,-0.13444437812915122,-0.32252235600009727
