Colony_ID,Run,Interval,Temperature,N_points,O2_start,O2_end,DeltaT_min,DeltaT_max,O2_min,O2_max,Slope,Avg_Blank_Slope,Blank_Corrected_Slope
3,4,1,18,114,159.736,165.051,Inf,-Inf,157.235,165.051,0.17112353920120368,-0.05297627622446299,0.22409981542566668
3,4,2,22,109,168.421,171.616,Inf,-Inf,167.987,171.707,0.06045726576821603,-0.0749550795075065,0.13541234527572255
3,4,3,25,106,160.037,164.175,Inf,-Inf,159.172,164.175,0.11038517665130643,-0.08026978182675235,0.19065495847805877
3,4,4,28,112,149.88,157.293,Inf,-Inf,149.319,157.331,0.1580165932071558,-0.08903181523167222,0.24704840843882803
3,4,5,31,115,141.324,147.742,Inf,-Inf,140.722,147.742,0.13887944338739613,-0.13228776444304594,0.27116720783044207
3,4,6,34,110,121.977,117.775,Inf,-Inf,117.775,121.977,-0.09160887949260037,-0.13657568199563241,0.04496680250303205
3,4,7,38,109,103.984,87.152,Inf,-Inf,87.141,103.984,-0.272139840226888,-0.13444437812915122,-0.13769546209773675
