Colony_ID,Run,Interval,Temperature,N_points,O2_start,O2_end,DeltaT_min,DeltaT_max,O2_min,O2_max,Slope,Avg_Blank_Slope,Blank_Corrected_Slope
235,3,1,18,105,224.243,295.533,Inf,-Inf,224.243,295.533,1.526475928005725,-0.05297627622446299,1.579452204230188
235,3,2,22,114,221.296,327.361,Inf,-Inf,220.561,327.361,2.079660839790345,-0.0749550795075065,2.1546159192978513
235,3,3,25,111,209.145,347.877,Inf,-Inf,208.446,347.877,2.8329401709401734,-0.08026978182675235,2.9132099527669255
235,3,4,28,106,203.394,354.708,Inf,-Inf,203.394,354.708,3.001670914030729,-0.08903181523167222,3.0907027292624014
235,3,5,31,106,186.458,340.152,Inf,-Inf,186.458,340.152,3.1575137346580853,-0.13228776444304594,3.2898014991011313
235,3,6,34,116,165.928,267.819,Inf,-Inf,165.928,267.819,1.835808717424962,-0.13657568199563241,1.9723843994205943
235,3,7,38,109,158.158,141.266,Inf,-Inf,141.266,158.569,-0.5353056285178204,-0.13444437812915122,-0.40086125038866915
