Colony_ID,Run,Interval,Temperature,N_points,O2_start,O2_end,DeltaT_min,DeltaT_max,O2_min,O2_max,Slope,Avg_Blank_Slope,Blank_Corrected_Slope
4,5,1,18,111,226.746,253.854,Inf,-Inf,226.27,253.854,0.606004510218463,-0.05297627622446299,0.658980786442926
4,5,2,22,107,215.436,249.515,Inf,-Inf,215.005,249.515,0.7374224780375296,-0.0749550795075065,0.812377557545036
4,5,3,25,104,204.868,249.265,Inf,-Inf,204.472,249.265,1.0420603768953067,-0.08026978182675235,1.122330158722059
4,5,4,28,108,190.56,250.912,Inf,-Inf,190.026,250.912,1.2631934030089629,-0.08903181523167222,1.3522252182406351
4,5,5,31,112,175.017,233.93,Inf,-Inf,174.321,233.93,1.236894959155172,-0.13228776444304594,1.369182723598218
4,5,6,34,108,169.675,201.673,Inf,-Inf,168.997,201.673,0.6965818173464922,-0.13657568199563241,0.8331574993421246
4,5,7,38,113,143.994,114.86,Inf,-Inf,114.86,143.994,-0.5837685464945572,-0.13444437812915122,-0.449324168365406
