Colony_ID,Run,Interval,Temperature,N_points,O2_start,O2_end,DeltaT_min,DeltaT_max,O2_min,O2_max,Slope,Avg_Blank_Slope,Blank_Corrected_Slope
2,3,1,18,105,224.791,256.412,Inf,-Inf,224.688,256.412,0.6670746127435938,-0.05297627622446299,0.7200508889680568
2,3,2,22,114,218.649,255.974,Inf,-Inf,217.56,255.974,0.7279685679466382,-0.0749550795075065,0.8029236474541447
2,3,3,25,111,205.574,266.828,Inf,-Inf,205.03,266.828,1.2783919958966654,-0.08026978182675235,1.3586617777234178
2,3,4,28,106,200.643,271.026,Inf,-Inf,200.643,271.026,1.389107323472109,-0.08903181523167222,1.4781391387037812
2,3,5,31,106,187.585,223.772,Inf,-Inf,187.333,223.772,0.7722917866652812,-0.13228776444304594,0.9045795511083271
2,3,6,34,116,166.868,178.841,Inf,-Inf,165.49,178.841,0.25810270699719534,-0.13657568199563241,0.39467838899282776
2,3,7,38,109,156.799,120.941,Inf,-Inf,120.941,156.799,-0.6245017134540027,-0.13444437812915122,-0.4900573353248515
