Colony_ID,Run,Interval,Temperature,N_points,O2_start,O2_end,DeltaT_min,DeltaT_max,O2_min,O2_max,Slope,Avg_Blank_Slope,Blank_Corrected_Slope
blank,5,1,18,111,230.383,227.328,Inf,-Inf,227.201,230.383,-0.041983023089402736,-0.05297627622446299,0.010993253135060256
blank,5,2,22,107,220.828,217.302,Inf,-Inf,217.302,220.828,-0.06428856222509019,-0.0749550795075065,0.010666517282416313
blank,5,3,25,104,211.6,208.308,Inf,-Inf,208.21,211.686,-0.06175999396227041,-0.08026978182675235,0.018509787864481937
blank,5,4,28,108,196.934,192.727,Inf,-Inf,192.687,196.934,-0.0810209839534472,-0.08903181523167222,0.008010831278225022
blank,5,5,31,112,181.354,175.669,Inf,-Inf,175.669,181.354,-0.10128230336183189,-0.13228776444304594,0.031005461081214047
blank,5,6,34,108,174.788,166.186,Inf,-Inf,166.186,174.788,-0.14627037116607797,-0.13657568199563241,-0.009694689170445553
blank,5,7,38,113,149.831,142.523,Inf,-Inf,142.512,149.831,-0.11377392138459408,-0.13444437812915122,0.020670456744557142
