Colony_ID,Run,Interval,Temperature,N_points,O2_start,O2_end,DeltaT_min,DeltaT_max,O2_min,O2_max,Slope,Avg_Blank_Slope,Blank_Corrected_Slope
210,5,1,18,111,175.77,205.504,Inf,-Inf,175.147,205.504,0.6524058914960402,-0.05297627622446299,0.7053821677205032
210,5,2,22,107,169.935,217.276,Inf,-Inf,169.799,217.276,1.0189857146083334,-0.0749550795075065,1.0939407941158399
210,5,3,25,104,162.764,222.953,Inf,-Inf,162.764,222.953,1.288644380834405,-0.08026978182675235,1.3689141626611574
210,5,4,28,107,149.583,214.208,Inf,-Inf,148.93,214.208,1.4355155015396606,-0.08903181523167222,1.5245473167713328
210,5,5,31,112,133.869,199.062,Inf,-Inf,133.25,199.062,1.2753310467144336,-0.13228776444304594,1.4076188111574797
210,5,6,34,108,127.411,152.612,Inf,-Inf,127.077,152.612,0.4983217896267475,-0.13657568199563241,0.6348974716223799
210,5,7,38,113,100.332,77.177,Inf,-Inf,77.177,100.332,-0.30662663233430826,-0.13444437812915122,-0.17218225420515704
