Colony_ID,Run,Interval,Temperature,N_points,O2_start,O2_end,DeltaT_min,DeltaT_max,O2_min,O2_max,Slope,Avg_Blank_Slope,Blank_Corrected_Slope
29,1,1,18,102,223.964,262.922,Inf,-Inf,223.964,262.922,0.821346386478544,-0.05297627622446299,0.874322662703007
29,1,2,22,102,212.53,262.203,Inf,-Inf,212.53,262.203,1.0102877615943406,-0.0749550795075065,1.085242841101847
29,1,3,25,107,200.816,259.929,Inf,-Inf,200.248,259.929,1.2498179058535956,-0.08026978182675235,1.330087687680348
29,1,4,28,107,179.058,240.852,Inf,-Inf,179.058,240.852,1.177978611664648,-0.08903181523167222,1.2670104268963203
29,1,5,31,114,175.466,228.712,Inf,-Inf,175.466,228.712,1.1579731717383805,-0.13228776444304594,1.2902609361814266
29,1,6,34,108,165.633,193.792,Inf,-Inf,165.228,193.792,0.5766319531395661,-0.13657568199563241,0.7132076351351985
29,1,7,38,109,148.177,124.324,Inf,-Inf,124.324,148.177,-0.4700756054199872,-0.13444437812915122,-0.335631227290836
