Colony_ID,Run,Interval,Temperature,N_points,O2_start,O2_end,DeltaT_min,DeltaT_max,O2_min,O2_max,Slope,Avg_Blank_Slope,Blank_Corrected_Slope
205,3,1,18,105,261.486,303.422,Inf,-Inf,261.486,303.422,0.9057619409465891,-0.05297627622446299,0.9587382171710521
205,3,2,22,114,254.581,304.706,Inf,-Inf,253.148,304.706,1.1242784049997794,-0.0749550795075065,1.1992334845072858
205,3,3,25,111,238.323,309.019,Inf,-Inf,237.474,309.019,1.4943528920341524,-0.08026978182675235,1.5746226738609048
205,3,4,28,106,229.871,305.515,Inf,-Inf,229.681,305.515,1.5374884893432776,-0.08903181523167222,1.62652030457495
205,3,5,31,106,209.802,284.11,Inf,-Inf,207.388,284.11,1.4784401575288355,-0.13228776444304594,1.6107279219718815
205,3,6,34,116,189.128,233.887,Inf,-Inf,186.149,233.887,1.016074030455834,-0.13657568199563241,1.1526497124514665
205,3,7,38,109,178.749,140.584,Inf,-Inf,140.584,178.749,-0.8082249646473936,-0.13444437812915122,-0.6737805865182424
