Colony_ID,Run,Interval,Light_Value,N_points,O2_start,O2_end,DeltaT_min,DeltaT_max,O2_min,O2_max,Slope
238,4,1,0,301,11.41676000000001,3.9567600000000027,406.411,421.411,3.8867600000000095,11.478760000000023,-0.5146667933519479
238,4,2,205,319,-9.00774276527332,-11.00174276527332,329.512,345.411,-11.024742765273317,-9.00774276527332,-0.10695790042414413
238,4,3,344,201,-9.6541,-9.506100000000004,346.41,356.411,-10.093099999999993,-9.335100000000011,0.050458842726786614
238,4,4,666,201,-8.525355000000019,-6.675355000000025,357.411,367.41,-8.552355000000006,-6.503354999999999,0.1880413006604997
238,4,5,923,201,-5.3625749999999925,-2.3925749999999937,368.411,378.411,-5.394575000000003,-2.313574999999986,0.2820413988384814
238,4,6,1145,201,-0.9470300000000123,2.5209700000000055,379.411,389.411,-1.0860299999999938,2.5209700000000055,0.34541786995177465
238,4,7,1495,301,4.33723333333333,9.59323333333333,390.411,405.411,4.0362333333333424,9.709233333333344,0.388215143146683
