Colony_ID,Run,Interval,Light_Value,N_points,O2_start,O2_end,DeltaT_min,DeltaT_max,O2_min,O2_max,Slope
205,2,1,0,300,93.99369666666666,88.42169666666666,192.116,207.066,88.23969666666665,94.49269666666663,-0.4658611515364065
205,2,2,205,292,64.3172046979866,67.02420469798659,115.516,130.067,63.993204697986585,67.1862046979866,0.1786456949661689
205,2,3,344,200,67.65622000000002,70.45722,131.117,141.066,67.65622000000002,70.45722,0.2665970162981046
205,2,4,666,200,71.19565,74.97665,142.117,152.066,71.12764999999999,75.10565,0.37925045676984315
205,2,5,923,220,76.05956363636363,80.70156363636363,153.116,164.066,75.74056363636365,80.74556363636364,0.42414550582514876
205,2,6,1145,200,81.68413999999999,85.79813999999999,165.116,175.067,81.50013999999999,85.86514,0.42181602694193815
205,2,7,1495,300,87.01953666666665,93.0935366666667,176.117,191.066,86.88153666666668,93.41853666666668,0.4026201889470468
