Colony_ID,Run,Interval,Light_Value,N_points,O2_start,O2_end,DeltaT_min,DeltaT_max,O2_min,O2_max,Slope
214,3,1,0,301,52.85271666666668,45.11571666666666,301.134,316.134,45.059716666666674,53.93371666666664,-0.68943458070533
214,3,2,205,285,-9.31566898954705,-7.344668989547046,223.926,238.134,-9.776668989547034,-7.101668989547051,0.21360035490296184
214,3,3,344,201,-5.706559999999996,-0.4525600000000054,240.133,250.134,-5.706559999999996,-0.4115600000000086,0.5412904552795434
214,3,4,666,221,1.1234363636363867,9.719436363636362,251.134,262.134,0.9484363636363753,9.719436363636362,0.8057853598907363
214,3,5,923,201,11.572959999999995,21.09396000000001,263.134,273.134,11.572959999999995,21.09396000000001,0.9407338085124958
214,3,6,1145,201,22.990700000000004,32.97370000000001,274.133,284.134,22.96369999999999,32.97370000000001,0.9787119635631937
214,3,7,1495,301,35.14444666666668,50.35844666666668,285.134,300.134,35.14444666666668,50.46744666666666,1.018184962828218
