Colony_ID,Run,Interval,Light_Value,N_points,O2_start,O2_end,DeltaT_min,DeltaT_max,O2_min,O2_max,Slope
20,1,1,0,300,73.71133222591365,64.93633222591362,80.395,95.345,64.93633222591362,73.86333222591364,-0.5723919363966223
20,1,2,205,300,-10.012355481727553,-0.6293554817275719,0.395,15.344,-10.348355481727566,-0.43735548172756467,0.7021889198011092
20,1,3,344,200,0.7214527363183834,10.129452736318399,16.394,26.345,0.1894527363184011,10.129452736318399,0.9728415643104179
20,1,4,666,200,11.205606965174127,23.084606965174146,27.394,37.344,11.205606965174127,23.100606965174137,1.200821477667421
20,1,5,923,200,24.47262189054726,37.19862189054726,38.395,48.345,24.47262189054726,37.19862189054726,1.2585719429496778
20,1,6,1145,200,38.46239303482585,51.30339303482586,49.395,59.344,38.46239303482585,51.47739303482584,1.2876373789076956
20,1,7,1495,300,53.0612126245847,72.38521262458471,60.395,75.345,53.0612126245847,72.551212624584707,1.2638546243513238
