Colony_ID,Run,Interval,Light_Value,N_points,O2_start,O2_end,DeltaT_min,DeltaT_max,O2_min,O2_max,Slope
blank,5,1,0,300,0.1734033333333116,-0.26259666666666703,506.444,521.394,-0.36959666666666635,0.40840333333332524,-0.032252960723026684
blank,5,2,205,260,0.28328846153846143,-0.38471153846154493,432.444,445.394,-0.4727115384615388,0.46728846153845893,-0.05787795612021154
blank,5,3,344,200,0.21289500000000317,-0.2261049999999898,446.444,456.394,-0.4431049999999743,0.34889500000002727,-0.04975837465737615
blank,5,4,666,200,0.28957500000001346,-0.2154250000000104,457.444,467.394,-0.354424999999992,0.3645750000000021,-0.04775126524039566
blank,5,5,923,200,0.3513349999999775,-0.254665000000017,468.444,478.394,-0.2926649999999995,0.3513349999999775,-0.041676436211410664
blank,5,6,1145,200,0.2525849999999821,-0.2784149999999954,479.444,489.394,-0.39641500000001884,0.3945850000000064,-0.05160016479939241
blank,5,7,1495,300,0.4310299999999927,-0.21596999999999866,490.444,505.394,-0.522970000000015,0.4690300000000036,-0.04999167378016787
