Colony_ID,Run,Interval,Light_Value,N_points,O2_start,O2_end,DeltaT_min,DeltaT_max,O2_min,O2_max,Slope
28,1,1,0,300,81.89733222591363,67.17033222591365,80.195,95.145,67.07333222591362,81.89733222591363,-1.006491930325767
28,1,2,205,300,-8.499355481727576,-5.690355481727579,0.196,15.145,-9.031355481727559,-5.453355481727556,0.2490092179664719
28,1,3,344,200,-5.039547263681612,2.105452736318398,16.195,26.145,-5.039547263681612,2.105452736318398,0.7328301155460365
28,1,4,666,200,3.169606965174154,15.634606965174129,27.195,37.145,3.169606965174154,15.634606965174129,1.282759252492612
28,1,5,923,200,17.523621890547247,33.41662189054725,38.195,48.146,17.31962189054724,33.41662189054725,1.62015665352095
28,1,6,1145,200,35.46039303482587,52.76739303482586,49.196,59.145,35.306393034825845,52.76739303482586,1.7514307950358792
28,1,7,1495,300,55.15121262458473,82.24021262458473,60.196,75.146,55.142212624584715,82.24021262458473,1.8214319530840315
