Colony_ID,Run,Interval,Light_Value,N_points,O2_start,O2_end,DeltaT_min,DeltaT_max,O2_min,O2_max,Slope
blank,2,1,0,300,-0.23830333333333442,-0.3533033333333435,192.379,207.329,-0.3533033333333435,0.3646966666666458,-0.015312969352442637
blank,2,2,205,298,0.41520469798658155,0.12020469798659406,115.485,130.329,-0.3847953020134014,0.43320469798658223,-0.033019435947904754
blank,2,3,344,200,0.24422000000001276,-0.22677999999999088,131.379,141.33,-0.5667799999999943,0.4442200000000014,-0.06092420206202927
blank,2,4,666,200,0.3366499999999917,-0.16634999999999422,142.379,152.329,-0.40835000000001287,0.5056500000000028,-0.051643151115945966
blank,2,5,923,220,0.1875636363636488,-0.3474363636363762,153.379,164.329,-0.4544363636363755,0.45656363636362585,-0.05164884900900286
blank,2,6,1145,200,0.2251399999999819,-0.11986000000001695,165.379,175.33,-0.4298599999999908,0.4931399999999826,-0.0565057035783497
blank,2,7,1495,300,0.37253666666666163,-0.459463333333332,176.379,191.329,-0.7074633333333225,0.8005366666666589,-0.06907065136584317
