Colony_ID,Run,Interval,Light_Value,N_points,O2_start,O2_end,DeltaT_min,DeltaT_max,O2_min,O2_max,Slope
221,4,1,0,300,-10.832239999999985,-16.785239999999988,406.379,421.329,-16.90724,-9.998239999999981,-0.5255786693252438
221,4,2,205,317,-60.76574276527333,-57.357742765273315,329.53,345.329,-61.33174276527333,-57.35674276527331,0.25996556428554124
221,4,3,344,200,-55.96510000000001,-51.7201,346.379,356.329,-55.9701,-51.703100000000006,0.4338571196148835
221,4,4,666,200,-50.24035500000002,-44.284355000000005,357.379,367.329,-50.36435500000002,-44.284355000000005,0.5887245394897912
221,4,5,923,200,-42.780575,-36.388575,368.379,378.329,-42.93157500000001,-36.148574999999994,0.6829336732377008
221,4,6,1145,200,-34.384029999999996,-27.100030000000004,379.38,389.33,-34.487030000000004,-26.701030000000003,0.7706328111332345
221,4,7,1495,300,-24.844766666666658,-12.982766666666663,390.379,405.329,-24.844766666666658,-12.901766666666674,0.8188738484992446
