Colony_ID,Run,Interval,Light_Value,N_points,O2_start,O2_end,DeltaT_min,DeltaT_max,O2_min,O2_max,Slope
234,2,1,0,301,53.63569666666666,47.350696666666664,192.226,207.225,47.12369666666666,54.59569666666667,-0.5295962352999811
234,2,2,205,295,14.0202046979866,14.917204697986591,115.526,130.225,13.723204697986603,15.328204697986592,0.08174447757168331
234,2,3,344,201,15.680219999999991,17.720220000000012,131.226,141.225,15.484219999999993,18.082220000000007,0.23297030740795974
234,2,4,666,201,18.68365,23.96365,142.225,152.225,18.67165,23.96365,0.52408045332051445
234,2,5,923,221,24.615563636363646,31.432563636363625,153.225,164.225,24.615563636363646,31.80056363636365,0.639018745993007
234,2,6,1145,201,32.742140000000006,40.12613999999999,165.226,175.225,32.742140000000006,40.37413999999998,0.7120583975681957
234,2,7,1495,301,41.90853666666666,52.64953666666668,176.225,191.225,41.73953666666665,52.88553666666667,0.7290633995270119
