Colony_ID,Run,Interval,Light_Value,N_points,O2_start,O2_end,DeltaT_min,DeltaT_max,O2_min,O2_max,Slope
236,3,1,0,300,27.330716666666632,22.821716666666646,301.395,316.344,22.733716666666652,28.694716666666665,-0.42859477767535115
236,3,2,205,289,-15.860668989547037,-15.352668989547055,223.937,238.344,-16.05166898954704,-14.885668989547042,0.0340728940136778
236,3,3,344,200,-14.021559999999994,-11.599559999999997,240.395,250.345,-14.345560000000006,-11.586559999999992,0.2773713355564509
236,3,4,666,220,-10.32456363636362,-5.073563636363616,251.395,262.345,-10.491563636363622,-4.755563636363632,0.5154446141543665
236,3,5,923,200,-3.3470399999999927,2.9649599999999907,263.395,273.344,-3.3470399999999927,3.2929599999999937,0.650387453745493
236,3,6,1145,200,4.562700000000007,11.193700000000007,274.394,284.345,4.562700000000007,11.551700000000011,0.6499687305333822
236,3,7,1495,300,13.772446666666667,25.298446666666678,285.394,300.345,13.72944666666669,25.321446666666702,0.777749619002488
