Colony_ID,Run,Interval,Light_Value,N_points,O2_start,O2_end,DeltaT_min,DeltaT_max,O2_min,O2_max,Slope
2,1,1,0,300,6.160332225913635,3.2343322259136187,80.351,95.301,3.0593322259136357,6.359332225913619,-0.2102835793579914
2,1,2,205,300,-10.529355481727578,-9.565355481727579,0.352,15.301,-10.854355481727566,-9.509355481727567,0.08437105756250794
2,1,3,344,200,-9.22354726368161,-7.4655472636816,16.351,26.301,-9.256547263681597,-7.426547263681613,0.17629103400149213
2,1,4,666,200,-7.060393034825864,-4.614393034825866,27.351,37.301,-7.060393034825864,-4.5123930348258625,0.25924373750493723
2,1,5,923,200,-4.072378109452757,-1.4073781094527362,38.351,48.301,-4.129378109452745,-1.391378109452745,0.2615367213088686
2,1,6,1145,200,-0.9786069651741514,1.5983930348258468,49.351,59.301,-0.9866069651741327,1.5983930348258468,0.2595961671653388
2,1,7,1495,300,2.265212624584734,6.123212624584738,60.351,75.301,2.265212624584734,6.123212624584738,0.24634067782821079
