Colony_ID,Run,Interval,Light_Value,N_points,O2_start,O2_end,DeltaT_min,DeltaT_max,O2_min,O2_max,Slope
27,1,1,0,301,67.38433222591365,57.057332225913655,80.1,95.1,57.057332225913655,67.70733222591363,-0.7074312024173692
27,1,2,205,301,-7.375355481727581,-4.72635548172758,0.1,15.099,-7.997355481727567,-4.72635548172758,0.2206655283440893
27,1,3,344,201,-4.525547263681602,1.2384527363184077,16.099,26.1,-4.525547263681602,1.2384527363184077,0.5916937184693604
27,1,4,666,201,2.0616069651741498,11.790606965174135,27.099,37.1,1.921606965174135,11.843606965174132,1.0221003211286925
27,1,5,923,201,13.342621890547264,25.45262189054725,38.1,48.1,13.071621890547249,25.45262189054725,1.2436478910067683
27,1,6,1145,201,26.947393034825865,41.10739303482586,49.1,59.1,26.947393034825865,41.10739303482586,1.4014516000575663
27,1,7,1495,301,43.09921262458474,66.9022126245847,60.1,75.1,43.069212624584736,66.9022126245847,1.5955546794091742
