Colony_ID,Run,Interval,Light_Value,N_points,O2_start,O2_end,DeltaT_min,DeltaT_max,O2_min,O2_max,Slope
237,2,1,0,300,144.23969666666665,135.94069666666667,192.274,207.224,135.91269666666665,147.19669666666664,-1.0937322441604764
237,2,2,205,295,59.06420469798658,58.892204697986585,115.523,130.224,57.39720469798658,59.06420469798658,0.14510960474133675
237,2,3,344,200,59.73022,64.91722000000001,131.275,141.224,59.63022000000001,64.91722000000001,0.6253774035355689
237,2,4,666,200,66.31764999999999,76.84764999999999,142.274,152.224,66.16065,76.84764999999999,1.1209669553493502
237,2,5,923,220,78.66056363636363,94.42256363636366,153.274,164.224,78.66056363636363,94.47656363636364,1.486081780047008
237,2,6,1145,200,96.71114,112.93414000000001,165.274,175.224,96.58413999999999,112.93414000000001,1.6443037931468412
237,2,7,1495,300,115.71753666666666,141.76353666666665,176.274,191.224,115.71753666666666,141.82853666666665,1.7562122055766247
