Colony_ID,Run,Interval,Light_Value,N_points,O2_start,O2_end,DeltaT_min,DeltaT_max,O2_min,O2_max,Slope
43,2,1,0,300,125.34169666666668,116.23369666666667,192.167,207.117,116.22169666666667,126.41869666666668,-0.8063372741089117
43,2,2,205,293,54.19620469798659,55.638204697986595,115.511,130.117,53.95320469798659,55.638204697986595,0.12412124457251951
43,2,3,344,200,56.33622,60.695220000000006,131.167,141.117,56.11322000000001,60.82921999999999,0.4963018248719612
43,2,4,666,200,61.83064999999999,70.80765,142.167,152.117,61.83064999999999,70.80765,0.9575791198806545
43,2,5,923,220,72.44056363636363,85.24556363636364,153.167,164.117,72.30656363636365,85.24556363636364,1.182032939862152
43,2,6,1145,200,86.86014,99.97714000000002,165.167,175.117,86.86014,100.08514000000002,1.3168476987251656
43,2,7,1495,300,102.58453666666668,123.57753666666667,176.167,191.117,102.30253666666664,123.57753666666667,1.4210879030035841
