Colony_ID,Run,Interval,Light_Value,N_points,O2_start,O2_end,DeltaT_min,DeltaT_max,O2_min,O2_max,Slope
blank,4,1,0,300,0.5217600000000004,-0.540239999999983,406.133,421.083,-0.7572399999999959,0.7357599999999991,-0.08050774396488601
blank,4,2,205,311,0.7012572347266826,-0.6557427652733168,329.586,345.083,-0.826742765273309,0.7522572347266703,-0.08775032869602464
blank,4,3,344,200,0.3609000000000151,-0.4070999999999856,346.133,356.083,-0.5601000000000056,0.5089000000000112,-0.0866146284815453
blank,4,4,666,200,0.3716450000000009,-0.5873550000000023,357.133,367.083,-0.6173550000000034,0.7356449999999768,-0.0957297113866
blank,4,5,923,200,0.4344250000000045,-0.5825749999999914,368.133,378.083,-0.6725749999999948,0.5944250000000011,-0.10123170219525941
blank,4,6,1145,200,0.6489699999999914,-0.5430300000000159,379.133,389.083,-0.6900300000000072,0.6609699999999918,-0.10385155301354838
blank,4,7,1495,300,0.6222333333333268,-0.7947666666666748,390.133,405.083,-0.8677666666666539,0.8482333333333258,-0.09873816913356548
