Colony_ID,Run,Interval,Light_Value,N_points,O2_start,O2_end,DeltaT_min,DeltaT_max,O2_min,O2_max,Slope
blank,3,1,0,300,0.3827166666666528,-0.601283333333356,301.291,316.241,-0.7112833333333413,0.5687166666666599,-0.07156078769437554
blank,3,2,205,287,0.049331010452959845,-0.34366898954704084,223.938,238.24,-0.5376689895470577,0.3773310104529628,-0.06199669268405236
blank,3,3,344,200,0.3664400000000114,-0.3615599999999972,240.291,250.241,-0.43255999999999517,0.44844000000000506,-0.07262657998042134
blank,3,4,666,220,0.4574363636363614,-0.32756363636363517,251.291,262.241,-0.6025636363636124,0.5934363636363855,-0.08520808855820147
blank,3,5,923,200,0.616960000000006,-0.5220400000000041,263.29,273.241,-0.5220400000000041,0.6339600000000019,-0.07508809754213083
blank,3,6,1145,200,0.5337000000000103,-0.59729999999999,274.291,284.241,-0.59729999999999,0.6476999999999862,-0.10112442493949186
blank,3,7,1495,300,0.8114466666666829,-0.7175533333333135,285.291,300.241,-0.8885533333333342,0.9234466666666776,-0.10524707983652055
