Colony_ID,Run,Interval,Light_Value,N_points,O2_start,O2_end,DeltaT_min,DeltaT_max,O2_min,O2_max,Slope
225,5,1,0,300,118.01140333333333,106.3924033333333,506.212,521.162,106.37040333333331,118.56740333333332,-0.9603250242064842
225,5,2,205,260,5.402288461538461,11.205288461538458,432.212,445.162,5.293288461538452,11.205288461538458,0.4809435856870135
225,5,3,344,200,12.202895000000012,21.965895000000017,446.212,456.162,12.202895000000012,21.965895000000017,1.0182555213866404
225,5,4,666,200,23.560575,38.54057499999999,457.212,467.162,23.560575,38.54057499999999,1.5346135206009168
225,5,5,923,200,40.517335,58.55033499999996,468.212,478.162,40.517335,58.55033499999996,1.8209568684864401
225,5,6,1145,200,61.108585000000005,80.685585,479.212,489.162,61.094584999999995,80.685585,1.9666875533589723
225,5,7,1495,300,83.33403000000001,114.98803000000001,490.212,505.162,83.27703,114.98803000000001,2.1380943673600963
