Colony_ID,Run,Interval,Light_Value,N_points,O2_start,O2_end,DeltaT_min,DeltaT_max,O2_min,O2_max,Slope
209,3,1,0,300,33.63071666666664,24.890716666666663,301.242,316.192,24.890716666666663,35.40071666666668,-0.8607922885216671
209,3,2,205,286,-50.419668989547034,-45.213668989547045,223.942,238.192,-50.98866898954705,-45.213668989547045,0.4538087115904491
209,3,3,344,200,-43.37056000000001,-35.34356,240.242,250.193,-43.39256,-35.34356,0.8206228523172853
209,3,4,666,220,-33.932563636363625,-22.317563636363616,251.243,262.193,-33.932563636363625,-21.85656363636363,1.0853351888365144
209,3,5,923,200,-19.782039999999995,-6.679040000000015,263.242,273.192,-19.992040000000003,-6.679040000000015,1.291087568896451
209,3,6,1145,200,-5.025300000000016,7.923699999999997,274.242,284.192,-5.025300000000016,8.411699999999996,1.3191300311674803
209,3,7,1495,300,10.938446666666664,30.758446666666657,285.242,300.192,10.938446666666664,31.220446666666703,1.3031393538400222
