Colony_ID,Run,Interval,Light_Value,N_points,O2_start,O2_end,DeltaT_min,DeltaT_max,O2_min,O2_max,Slope
203,3,1,0,301,26.97571666666667,22.845716666666647,301.288,316.288,22.845716666666647,27.676716666666636,-0.37555195668201113
203,3,2,205,288,-13.912668989547058,-11.001668989547056,223.94,238.288,-14.070668989547045,-10.818668989547035,0.23840402746261016
203,3,3,344,201,-9.652559999999994,-5.728560000000016,240.288,250.288,-9.692560000000014,-5.728560000000016,0.38593888292747863
203,3,4,666,221,-4.603563636363617,0.8754363636363678,251.288,262.288,-4.647563636363628,0.9874363636363626,0.4990582995337566
203,3,5,923,201,2.4569600000000094,7.9119599999999934,263.288,273.288,2.294960000000003,7.971959999999996,0.5645225442834145
203,3,6,1145,201,9.352699999999999,15.004699999999985,274.288,284.288,9.352699999999999,15.093699999999984,0.5355394171046379
203,3,7,1495,301,16.800446666666687,25.07244666666668,285.288,300.288,16.74544666666668,25.07244666666668,0.5447613210963081
