Colony_ID,Run,Interval,Light_Value,N_points,O2_start,O2_end,DeltaT_min,DeltaT_max,O2_min,O2_max,Slope
19,4,1,0,301,82.47376,74.67676000000003,406.179,421.179,74.47076000000001,83.14576000000002,-0.7142253980783493
19,4,2,205,313,-0.7267427652733147,6.783257234726676,329.582,345.179,-1.826742765273309,6.783257234726676,0.3918405207286636
19,4,3,344,201,8.376900000000006,18.5779,346.178,356.179,8.376900000000006,18.5779,0.9307345131790308
19,4,4,666,201,20.436645,31.646644999999978,357.179,367.179,20.436645,31.646644999999978,1.1337672835027368
19,4,5,923,201,33.874425,45.90242500000002,368.178,378.178,33.803425000000004,45.93142500000002,1.2067842890766056
19,4,6,1145,201,48.26496999999998,59.57097000000002,379.179,389.179,48.020970000000005,59.742969999999985,1.1749805476264827
19,4,7,1495,301,62.21323333333336,80.29423333333332,390.179,405.179,62.21323333333336,80.29423333333332,1.2177996971739469
