Colony_ID,Run,Interval,Light_Value,N_points,O2_start,O2_end,DeltaT_min,DeltaT_max,O2_min,O2_max,Slope
26,3,1,0,300,10.668716666666654,-0.8222833333333313,301.379,316.329,-1.2072833333333506,12.513716666666653,-1.0948442967603442
26,3,2,205,289,-72.93366898954704,-74.08966898954705,223.934,238.329,-75.04766898954705,-72.93366898954704,0.05547973015322306
26,3,3,344,200,-73.08055999999999,-67.85956000000002,240.379,250.329,-73.36156,-67.85956000000002,0.536253250109349
26,3,4,666,220,-66.60956363636362,-54.88956363636362,251.379,262.329,-66.60956363636362,-54.88956363636362,1.0690250027799582
26,3,5,923,200,-53.16404,-38.99804,263.379,273.329,-53.16404,-38.82104000000001,1.4461864498127595
26,3,6,1145,200,-36.543300000000016,-21.919299999999993,274.379,284.33,-36.543300000000016,-21.919299999999993,1.3892306723508057
26,3,7,1495,300,-18.62155333333331,7.290446666666668,285.38,300.329,-18.801553333333317,7.327446666666674,1.8710840137233424
