Colony_ID,Run,Interval,Light_Value,N_points,O2_start,O2_end,DeltaT_min,DeltaT_max,O2_min,O2_max,Slope
204,4,1,0,301,41.792760000000015,35.70276000000001,406.378,421.378,35.70276000000001,42.20176000000001,-0.48105261376065395
204,4,2,205,318,-6.705742765273328,-4.450742765273333,329.524,345.378,-7.23974276527332,-4.293742765273322,0.19795551167288208
204,4,3,344,201,-3.004099999999994,1.028899999999993,346.378,356.378,-3.0860999999999876,1.028899999999993,0.37523015676170784
204,4,4,666,201,1.9806449999999813,7.832644999999985,357.378,367.378,1.9806449999999813,7.844644999999986,0.5795308522370104
204,4,5,923,201,9.41942499999999,16.230424999999997,368.378,378.378,9.41942499999999,16.56842499999999,0.6803405206367807
204,4,6,1145,201,18.214969999999994,25.73596999999998,379.378,389.378,17.964969999999994,25.932969999999983,0.7593420749942472
204,4,7,1495,301,27.69623333333334,39.68423333333337,390.378,405.378,27.69623333333334,39.68423333333337,0.7725627926389682
