Colony_ID,Run,Interval,Light_Value,N_points,O2_start,O2_end,DeltaT_min,DeltaT_max,O2_min,O2_max,Slope
211,2,1,0,301,109.66769666666664,103.12369666666666,192.318,207.318,102.98569666666668,110.60969666666665,-0.6317331086809829
211,2,2,205,297,51.8232046979866,56.54220469798659,115.512,130.318,51.6992046979866,56.72020469798659,0.34807480092656545
211,2,3,344,201,57.53722000000002,63.004220000000004,131.318,141.318,57.51522,63.09822,0.5980308656860392
211,2,4,666,201,64.28365,72.41465,142.318,152.318,64.26165,72.42665,0.8459212966190294
211,2,5,923,221,73.93456363636363,83.55956363636363,153.318,164.318,73.83756363636363,83.55956363636363,0.8964286414857029
211,2,6,1145,201,84.87914,93.64913999999999,165.318,175.318,84.87914,93.81813999999997,0.879857037957132
211,2,7,1495,301,95.74653666666666,108.61453666666665,176.318,191.318,95.49353666666667,108.71953666666667,0.8591001596176568
