Colony_ID,Run,Interval,Light_Value,N_points,O2_start,O2_end,DeltaT_min,DeltaT_max,O2_min,O2_max,Slope
235,3,1,0,301,66.78171666666665,58.53071666666668,301.179,316.179,58.303716666666645,68.47771666666668,-0.7882539770770948
235,3,2,205,286,-6.772668989547043,-5.154668989547048,223.934,238.179,-7.2366689895470415,-5.08166898954704,0.16904740826185116
235,3,3,344,201,-3.8565600000000018,1.1814400000000091,240.179,250.179,-3.960560000000015,1.3984399999999937,0.5339678407305325
235,3,4,666,221,2.730436363636386,12.491436363636382,251.179,262.179,2.6904363636363655,12.501436363636373,0.8933892680922132
235,3,5,923,201,14.408960000000008,25.91896,263.178,273.178,14.386959999999988,25.91896,1.1509811291129957
235,3,6,1145,201,27.907699999999977,40.11970000000002,274.179,284.178,27.81970000000001,40.22570000000002,1.2621826385734414
235,3,7,1495,301,43.0954466666667,64.34144666666668,285.178,300.178,42.90844666666669,64.34144666666668,1.3950030766193302
