Colony_ID,Run,Interval,Light_Value,N_points,O2_start,O2_end,DeltaT_min,DeltaT_max,O2_min,O2_max,Slope
242,2,1,0,301,131.17469666666665,125.03269666666665,192.378,207.378,124.85469666666665,132.81869666666665,-0.5686436302871145
242,2,2,205,299,57.150204697986595,61.757204697986595,115.477,130.378,56.80420469798659,61.870204697986594,0.2972994367522027
242,2,3,344,201,62.37422000000001,68.38122000000001,131.378,141.378,62.37422000000001,68.38122000000001,0.584104338861336
242,2,4,666,201,69.34065000000001,77.97065,142.378,152.378,69.05265,78.23065,0.9328713016745179
242,2,5,923,221,79.80456363636364,91.76056363636363,153.378,164.378,79.48456363636365,92.08056363636362,1.1111328878478912
242,2,6,1145,201,93.83514000000002,106.05714,165.378,175.378,93.57114000000001,106.31114000000002,1.2772712047181425
242,2,7,1495,301,108.65053666666665,129.19153666666665,176.378,191.378,108.32753666666667,129.43953666666664,1.4006726617340144
