Colony_ID,Run,Interval,Light_Value,N_points,O2_start,O2_end,DeltaT_min,DeltaT_max,O2_min,O2_max,Slope
4,5,1,0,300,52.39340333333334,48.636403333333334,506.291,521.241,48.61040333333332,53.398403333333334,-0.3909484877084024
4,5,2,205,260,10.422288461538471,12.191288461538477,432.29,445.241,9.548288461538476,12.191288461538477,0.25063235990768234
4,5,3,344,200,12.982895000000013,16.824895000000026,446.29,456.241,12.963895000000008,17.024895000000015,0.4407118988792689
4,5,4,666,200,18.18157500000001,23.593575000000016,457.291,467.24,17.894575000000003,23.692575000000005,0.5801541302396245
4,5,5,923,200,24.832335,31.412334999999985,468.29,478.241,24.57433499999999,31.412334999999985,0.6421670117971083
4,5,6,1145,200,32.489585000000005,39.28358499999999,479.29,489.241,32.465585000000004,39.28358499999999,0.6868995129089949
4,5,7,1495,300,40.81802999999999,51.27102999999997,490.291,505.241,40.719030000000004,51.32302999999999,0.7028787960612558
