Colony_ID,Run,Interval,Light_Value,N_points,O2_start,O2_end,DeltaT_min,DeltaT_max,O2_min,O2_max,Slope
206,1,1,0,300,43.99033222591362,35.27033222591362,80.15,95.101,35.27033222591362,43.99033222591362,-0.5793360215814067
206,1,2,205,300,-10.649355481727554,-6.044355481727564,0.151,15.1,-10.649355481727554,-5.929355481727555,0.32976137253289756
206,1,3,344,200,-5.257547263681602,0.3394527363184068,16.15,26.1,-5.31454726368159,0.39545273631838995,0.6052417672828563
206,1,4,666,200,1.3156069651741404,9.28960696517413,27.15,37.101,1.2686069651741434,9.28960696517413,0.8222811915164286
206,1,5,923,200,10.358621890547255,19.197621890547254,38.151,48.1,10.358621890547255,19.197621890547254,0.8875307565811187
206,1,6,1145,200,20.576393034825855,29.34339303482585,49.15,59.1,20.312393034825845,29.34339303482585,0.9014668248819011
206,1,7,1495,300,30.751212624584724,43.82821262458472,60.151,75.101,30.751212624584724,43.84921262458474,0.8751175020163876
