Colony_ID,Run,Interval,Light_Value,N_points,O2_start,O2_end,DeltaT_min,DeltaT_max,O2_min,O2_max,Slope
1,5,1,0,300,96.1404033333333,86.5804033333333,506.411,521.362,86.3064033333333,96.77840333333333,-0.7721573894127595
1,5,2,205,260,4.522288461538466,12.054288461538476,432.412,445.361,4.292288461538476,12.289288461538462,0.6095312544644995
1,5,3,344,200,13.596895000000018,22.852895000000018,446.411,456.361,13.239895000000018,22.852895000000018,0.9312822377725146
1,5,4,666,200,24.24157500000001,37.067575000000005,457.411,467.361,24.24157500000001,37.25957500000001,1.3123029021269383
1,5,5,923,200,39.236335,53.150334999999984,468.411,478.361,39.022335,53.409335,1.4223840639268233
1,5,6,1145,200,55.25258500000001,69.61558500000001,479.412,489.361,55.25258500000001,69.71558499999998,1.442804999236285
1,5,7,1495,300,72.37003000000001,94.05602999999999,490.412,505.361,71.80202999999997,94.05602999999999,1.46740834680659
