Colony_ID,Run,Interval,Light_Value,N_points,O2_start,O2_end,DeltaT_min,DeltaT_max,O2_min,O2_max,Slope
29,1,1,0,300,51.341332225913646,38.02433222591364,80.305,95.255,37.86933222591364,51.341332225913646,-0.9013173728446768
29,1,2,205,300,-13.31735548172756,-10.618355481727576,0.305,15.255,-13.606355481727576,-10.46835548172757,0.23509186903411816
29,1,3,344,200,-10.0725472636816,-3.481547263681591,16.305,26.255,-10.089547263681595,-3.481547263681591,0.6661427643575292
29,1,4,666,200,-2.5563930348258737,7.4546069651741504,27.305,37.255,-2.6543930348258584,7.4546069651741504,1.0439613475835423
29,1,5,923,200,8.662621890547257,20.259621890547265,38.305,48.254,8.662621890547257,20.259621890547265,1.150280691168292
29,1,6,1145,200,21.413393034825873,33.050393034825845,49.304,59.255,21.413393034825873,33.12339303482585,1.1865696702460842
29,1,7,1495,300,34.82021262458471,51.69721262458472,60.304,75.255,34.82021262458471,51.934212624584745,1.1369258540083307
