Colony_ID,Run,Interval,Light_Value,N_points,O2_start,O2_end,DeltaT_min,DeltaT_max,O2_min,O2_max,Slope
241,4,1,0,300,47.839759999999984,39.75775999999999,406.305,421.255,39.639759999999995,48.278760000000005,-0.6542481576957591
241,4,2,205,315,-7.454742765273323,-5.875742765273316,329.554,345.255,-7.821742765273314,-5.801742765273332,0.12053990470066397
241,4,3,344,200,-4.487099999999998,-0.6540999999999997,346.305,356.255,-4.598099999999988,-0.6540999999999997,0.36852117436916737
241,4,4,666,200,0.7206449999999904,7.002645000000001,357.305,367.255,0.597645,7.088644999999985,0.6571957125039528
241,4,5,923,200,8.770425000000017,16.43742499999999,368.305,378.255,8.655425000000008,16.525425000000013,0.7890861403447438
241,4,6,1145,200,18.696969999999993,27.520970000000005,379.305,389.255,18.555970000000002,27.623969999999986,0.910740260503937
241,4,7,1495,300,29.878233333333327,45.46223333333333,390.304,405.255,29.656233333333347,45.46223333333333,1.0117278150246982
