Colony_ID,Run,Interval,Light_Value,N_points,O2_start,O2_end,DeltaT_min,DeltaT_max,O2_min,O2_max,Slope
226,4,1,0,300,122.91576,103.42176000000003,406.351,421.301,103.42176000000003,123.12376000000003,-1.5666553369046088
226,4,2,205,316,-4.762742765273316,-0.06674276527331813,329.544,345.301,-5.0957427652733145,0.14825723472668528,0.4412957884327588
226,4,3,344,200,1.8409000000000049,12.448900000000009,346.351,356.302,1.6948999999999899,12.448900000000009,1.1027185402836974
226,4,4,666,200,14.747644999999977,31.58964499999999,357.352,367.301,14.626644999999996,31.67064499999998,1.7925116377353585
226,4,5,923,200,34.773425,55.972425000000015,368.351,378.302,34.773425,56.123425000000026,2.146844159842127
226,4,6,1145,200,59.377969999999976,82.74996999999999,379.351,389.301,59.377969999999976,82.74996999999999,2.3701412496851684
226,4,7,1495,300,86.58723333333333,119.48723333333336,390.351,405.301,86.58723333333333,119.48723333333336,2.225229646753526
