Colony_ID,Run,Interval,Light_Value,N_points,O2_start,O2_end,DeltaT_min,DeltaT_max,O2_min,O2_max,Slope
248,2,1,0,300,135.79669666666666,125.09269666666665,192.321,207.272,124.69469666666669,137.02169666666668,-1.0143005525279571
248,2,2,205,296,51.89720469798658,56.09920469798658,115.519,130.272,51.6512046979866,56.2402046979866,0.31044005573484545
248,2,3,344,200,57.08722,64.19622000000001,131.321,141.272,57.056219999999996,64.19622000000001,0.7672115353558785
248,2,4,666,200,65.35964999999999,76.51265000000001,142.321,152.272,65.35964999999999,76.65365,1.1526155447778692
248,2,5,923,220,78.49956363636363,93.08256363636363,153.321,164.271,78.39556363636365,93.08256363636363,1.3320508102422937
248,2,6,1145,200,94.76114000000001,108.94614000000001,165.321,175.272,94.76114000000001,108.94614000000001,1.4118621406714493
248,2,7,1495,300,111.55153666666666,133.79753666666664,176.321,191.272,111.09653666666668,133.79753666666664,1.525050079763461
