Colony_ID,Run,Interval,Light_Value,N_points,O2_start,O2_end,DeltaT_min,DeltaT_max,O2_min,O2_max,Slope
blank,1,1,0,301,0.091332225913618,-0.004667774086357213,80.257,95.258,-0.2976677740863636,0.24233222591362846,0.005112650282494581
blank,1,2,205,301,2.614644518272428,-0.2973554817275783,0.257,15.258,-0.5133554817275581,2.68864451827244,4.677420897184925e-4
blank,1,3,344,201,-0.1095472636816055,0.0014527363183844955,16.258,26.257,-0.19454726368161346,0.23945273631838404,-0.011661937771135203
blank,1,4,666,201,0.12860696517412862,-0.02639303482587252,27.258,37.257,-0.3383930348258559,0.28060696517414385,-0.027806075168233274
blank,1,5,923,201,0.12862189054726514,-0.13537810945274487,38.257,48.258,-0.2653781094527403,0.23962189054725513,-0.0139476386770432
blank,1,6,1145,201,-0.027606965174129527,0.006393034825862287,49.258,59.258,-0.23760696517413749,0.2833930348258491,-0.023043535397576472
blank,1,7,1495,301,0.5402126245847398,-0.41578737541527744,60.257,75.257,-0.5047873754152761,0.5402126245847398,-0.04965926795884497
