Colony_ID,Run,Interval,Light_Value,N_points,O2_start,O2_end,DeltaT_min,DeltaT_max,O2_min,O2_max,Slope
12,2,1,0,300,126.05169666666666,120.40869666666669,192.427,207.377,120.40869666666669,127.71369666666664,-0.6087745802862783
12,2,2,205,299,50.81620469798659,58.487204697986584,115.475,130.378,50.81620469798659,58.674204697986596,0.49674230512561635
12,2,3,344,200,59.59721999999999,66.17722,131.428,141.377,59.59721999999999,66.19221999999999,0.6585968939525381
12,2,4,666,200,67.36064999999999,76.80465000000001,142.428,152.377,67.34264999999999,76.82565,0.9767497859214942
12,2,5,923,220,78.53356363636362,89.94556363636363,153.427,164.377,78.46856363636363,90.09856363636365,1.0910905330095095
12,2,6,1145,200,91.94313999999997,103.67313999999999,165.427,175.377,91.79813999999999,103.67313999999999,1.197848151246949
12,2,7,1495,300,106.02453666666668,124.38753666666668,176.428,191.378,105.89153666666664,124.59453666666667,1.251487335417118
