Colony_ID,Run,Interval,Light_Value,N_points,O2_start,O2_end,DeltaT_min,DeltaT_max,O2_min,O2_max,Slope
247,1,1,0,300,49.908332225913654,40.73133222591363,80.444,95.394,40.440332225913636,49.97233222591362,-0.6320374387900569
247,1,2,205,300,-13.650355481727559,-10.523355481727577,0.444,15.394,-13.650355481727559,-10.505355481727577,0.21475444943589025
247,1,3,344,200,-10.043547263681603,-5.130547263681592,16.444,26.394,-10.043547263681603,-4.9375472636816085,0.5425880951754066
247,1,4,666,200,-4.300393034825873,4.029606965174139,27.444,37.394,-4.300393034825873,4.238606965174142,0.8607080521953323
247,1,5,923,200,5.445621890547244,15.721621890547254,38.444,48.394,5.22662189054725,15.721621890547254,1.0512770416024657
247,1,6,1145,200,17.02739303482585,28.497393034825848,49.444,59.394,16.94439303482585,28.497393034825848,1.1607625491738816
247,1,7,1495,300,30.208212624584718,49.44221262458473,60.444,75.394,30.17521262458473,49.44221262458473,1.3091849694043134
