Colony_ID,Run,Interval,Light_Value,N_points,O2_start,O2_end,DeltaT_min,DeltaT_max,O2_min,O2_max,Slope
239,4,1,0,300,4.526759999999996,-3.4722399999999993,406.242,421.193,-3.790239999999983,4.852760000000018,-0.6115635658379975
239,4,2,205,313,-37.68574276527332,-36.92874276527331,329.586,345.192,-37.91174276527332,-36.67074276527333,0.045370875072264415
239,4,3,344,200,-35.88409999999999,-33.47409999999999,346.242,356.193,-36.06110000000001,-33.3501,0.24767605753168415
239,4,4,666,200,-32.41235500000002,-27.982355000000013,357.242,367.192,-32.50535500000001,-27.93435500000001,0.43656862214767606
239,4,5,923,200,-26.587574999999987,-20.28257500000001,368.242,378.192,-26.587574999999987,-20.275575000000003,0.6124652898837933
239,4,6,1145,200,-18.328030000000012,-11.799030000000016,379.242,389.192,-18.698030000000017,-11.482030000000009,0.6886799349162757
239,4,7,1495,300,-9.508766666666673,2.2472333333333268,390.242,405.192,-9.89276666666666,2.3422333333333256,0.8234909693675659
