Colony_ID,Run,Interval,Light_Value,N_points,O2_start,O2_end,DeltaT_min,DeltaT_max,O2_min,O2_max,Slope
240,5,1,0,301,125.62940333333333,110.0944033333333,506.318,521.318,110.0874033333333,126.48440333333335,-1.224803855265555
240,5,2,205,261,6.632288461538479,12.893288461538475,432.318,445.318,6.410288461538471,12.936288461538453,0.5703345137745911
240,5,3,344,201,13.99989500000001,24.795895,446.318,456.318,13.99989500000001,24.889895000000024,1.121849603656355
240,5,4,666,201,26.765575000000013,43.174575000000004,457.318,467.318,26.65957499999999,43.174575000000004,1.6948992107172705
240,5,5,923,201,45.192334999999986,64.77533499999998,468.318,478.318,45.192334999999986,64.79233499999998,1.9491363403954252
240,5,6,1145,201,67.18958499999997,87.779585,479.318,489.318,67.18958499999997,87.779585,2.0469367510317777
240,5,7,1495,301,90.67803,123.16803000000002,490.318,505.318,90.67803,123.16803000000002,2.1620813714343075
