Colony_ID,Run,Interval,Light_Value,N_points,O2_start,O2_end,DeltaT_min,DeltaT_max,O2_min,O2_max,Slope
3,2,1,0,300,111.00369666666666,105.80069666666668,192.212,207.162,105.75969666666668,111.89069666666666,-0.48164870184390446
3,2,2,205,294,65.5902046979866,70.31020469798659,115.516,130.162,65.5252046979866,70.31020469798659,0.28937399915718437
3,2,3,344,200,71.07522,75.35622000000001,131.212,141.162,70.95022,75.35622000000001,0.4505886169552983
3,2,4,666,200,76.34365,82.09164999999999,142.212,152.162,76.34365,82.22165000000001,0.5846386634687313
3,2,5,923,220,83.36356363636364,89.99956363636366,153.212,164.162,83.36356363636364,90.20356363636361,0.605950286531477
3,2,6,1145,200,91.46913999999998,98.05813999999998,165.212,175.162,91.05514,98.12013999999999,0.6952957211870294
3,2,7,1495,300,99.7185366666667,110.24853666666667,176.212,191.162,99.64753666666667,110.24853666666667,0.6860611452341102
