Colony_ID,Run,Interval,Light_Value,N_points,O2_start,O2_end,DeltaT_min,DeltaT_max,O2_min,O2_max,Slope
41,3,1,0,300,28.148716666666672,22.47771666666665,301.133,316.083,22.40571666666665,28.710716666666684,-0.4899872025987966
41,3,2,205,284,-5.671668989547044,-5.147668989547043,223.929,238.083,-5.9466689895470495,-4.937668989547035,0.0414836597706361
41,3,3,344,200,-4.20356000000001,-1.7005599999999959,240.133,250.083,-4.234560000000016,-1.7005599999999959,0.23480221079030122
41,3,4,666,220,-0.644563636363614,3.8234363636363753,251.133,262.083,-0.6895636363636299,3.8234363636363753,0.40753970617334107
41,3,5,923,200,5.273959999999988,10.070959999999985,263.133,273.083,5.273959999999988,10.111959999999982,0.48699346364842494
41,3,6,1145,200,11.698700000000002,16.038700000000006,274.133,284.083,11.5257,16.197699999999998,0.40976600823993814
41,3,7,1495,300,17.950446666666664,26.10244666666665,285.133,300.083,17.950446666666664,26.30444666666665,0.5511829854602567
