Colony_ID,Run,Interval,Light_Value,N_points,O2_start,O2_end,DeltaT_min,DeltaT_max,O2_min,O2_max,Slope
233,3,1,0,300,6.621716666666657,2.716716666666656,301.444,316.394,2.56871666666666,7.253716666666662,-0.38664206357654324
233,3,2,205,290,-11.34766898954706,-11.541668989547048,223.939,238.394,-11.606668989547046,-10.477668989547055,-0.06458117665707744
233,3,3,344,200,-10.68356,-10.153559999999999,240.444,250.394,-10.938559999999995,-10.051559999999995,0.0708579510336578
233,3,4,666,220,-9.242563636363627,-7.16956363636362,251.444,262.394,-9.396563636363624,-6.94556363636363,0.1899293609241254
233,3,5,923,200,-6.068039999999996,-3.735039999999998,263.444,273.394,-6.079039999999992,-3.725040000000007,0.2358539524991134
233,3,6,1145,200,-2.7102999999999895,-0.743300000000005,274.444,284.394,-2.7102999999999895,-0.42130000000000223,0.19496899141680962
233,3,7,1495,300,1.037446666666682,4.970446666666675,285.444,300.394,0.9314466666666874,5.021446666666691,0.27125348724137643
