Colony_ID,Run,Interval,Light_Value,N_points,O2_start,O2_end,DeltaT_min,DeltaT_max,O2_min,O2_max,Slope
42,1,1,0,301,-22.024667774086367,-29.333667774086365,80.346,95.346,-29.492667774086357,-21.806667774086378,-0.5051669090108593
42,1,2,205,301,-62.73935548172756,-61.70035548172757,0.346,15.346,-62.98235548172758,-61.475355481727576,0.0981199693607832
42,1,3,344,201,-61.15154726368161,-58.1435472636816,16.346,26.346,-61.3105472636816,-58.1435472636816,0.30234557707485965
42,1,4,666,201,-57.580393034825846,-52.30939303482586,27.346,37.346,-57.70839303482586,-52.30939303482586,0.542930640913079
42,1,5,923,201,-51.609378109452734,-44.853378109452734,38.346,48.346,-51.77337810945275,-44.853378109452734,0.6838159081799067
42,1,6,1145,201,-43.96360696517414,-36.153606965174134,49.346,59.346,-43.99060696517415,-36.153606965174134,0.7917999436060922
42,1,7,1495,301,-34.89878737541528,-22.282787375415268,60.346,75.346,-34.94678737541528,-22.282787375415268,0.8238605441869803
