Colony_ID,Run,Interval,Light_Value,N_points,O2_start,O2_end,DeltaT_min,DeltaT_max,O2_min,O2_max,Slope
44,4,1,0,301,51.17576,42.25576000000004,406.134,421.134,42.25576000000004,51.37176000000002,-0.6820349155138392
44,4,2,205,312,-6.12274276527333,-6.2207427652733145,329.577,345.134,-6.699742765273328,-6.049742765273322,0.028883439981304205
44,4,3,344,201,-4.857100000000003,-1.9051000000000045,346.133,356.134,-5.004099999999994,-1.8560999999999979,0.33625673645827486
44,4,4,666,201,-0.5613550000000203,5.713644999999985,357.134,367.134,-0.5853550000000212,5.713644999999985,0.6491643271787954
44,4,5,923,201,7.440425000000005,16.134424999999993,368.133,378.134,7.440425000000005,16.204425000000015,0.8754385630797217
44,4,6,1145,201,18.228970000000004,28.699970000000008,379.133,389.133,18.193970000000007,28.699970000000008,1.0571743096332913
44,4,7,1495,301,30.88323333333335,48.51923333333335,390.134,405.134,30.88323333333335,48.51923333333335,1.158013784372417
