Colony_ID,Run,Interval,Light_Value,N_points,O2_start,O2_end,DeltaT_min,DeltaT_max,O2_min,O2_max,Slope
210,3,1,0,300,71.42571666666666,63.48971666666668,301.335,316.285,63.48971666666668,72.91471666666664,-0.8013348058761138
210,3,2,205,288,-12.759668989547038,-7.97066898954705,223.937,238.285,-13.311668989547059,-7.886668989547047,0.47216149611990327
210,3,3,344,200,-6.148560000000003,2.299440000000004,240.335,250.285,-6.148560000000003,2.3354400000000055,0.8495228233179033
210,3,4,666,220,4.222436363636376,16.609436363636377,251.335,262.284,4.0654363636363655,16.676436363636384,1.161681542250487
210,3,5,923,200,18.98895999999999,31.336960000000005,263.335,273.284,18.95295999999999,31.495959999999997,1.2519341542551488
210,3,6,1145,200,33.6087,46.927700000000016,274.334,284.285,33.6087,47.08370000000002,1.4230383030403242
210,3,7,1495,300,49.80044666666669,68.64744666666667,285.334,300.285,49.59044666666665,68.64744666666667,1.2625643763437429
