Colony_ID,Run,Interval,Light_Value,N_points,O2_start,O2_end,DeltaT_min,DeltaT_max,O2_min,O2_max,Slope
243,5,1,0,301,49.602403333333314,42.620403333333314,506.288,521.288,42.40540333333331,49.98440333333332,-0.5734071282600812
243,5,2,205,261,4.482288461538474,7.167288461538476,432.288,445.288,4.254288461538465,7.38628846153847,0.22706543202990065
243,5,3,344,201,7.976895000000013,12.163895000000025,446.288,456.288,7.976895000000013,12.230895000000004,0.44151703962466476
243,5,4,666,201,13.18357499999999,19.101574999999997,457.288,467.288,13.143574999999998,19.154574999999994,0.6131143545537843
243,5,5,923,201,20.321334999999976,27.19333499999999,468.288,478.288,20.195335,27.19333499999999,0.6930288754248554
243,5,6,1145,201,28.464585,35.52058499999998,479.288,489.288,28.280585000000002,35.544584999999984,0.7112557794993626
243,5,7,1495,301,36.779030000000006,48.20703,490.288,505.288,36.779030000000006,48.20703,0.7547860686575486
