Colony_ID,Run,Interval,Light_Value,N_points,O2_start,O2_end,DeltaT_min,DeltaT_max,O2_min,O2_max,Slope
202,4,1,0,301,44.18976000000001,41.738759999999985,406.257,421.258,41.63275999999999,45.153760000000005,-0.32662165011967226
202,4,2,205,315,0.6682572347266671,4.910257234726686,329.561,345.258,0.43725723472667255,5.000257234726689,0.26989615041806014
202,4,3,344,201,6.420899999999989,10.547899999999998,346.257,356.258,6.420899999999989,10.663900000000012,0.4286425840388773
202,4,4,666,201,12.027644999999978,17.09364499999998,357.257,367.257,11.871645000000001,17.116644999999977,0.5027595351618852
202,4,5,923,201,18.607425000000006,24.021424999999994,368.257,378.258,18.54242500000001,24.082425,0.5394897889835266
202,4,6,1145,201,25.800970000000007,31.419970000000006,379.258,389.258,25.682969999999983,31.430970000000002,0.5510132295424388
202,4,7,1495,301,33.42423333333335,42.20123333333336,390.258,405.257,33.16323333333335,42.20123333333336,0.5942714164439352
