Colony_ID,Run,Interval,Light_Value,N_points,O2_start,O2_end,DeltaT_min,DeltaT_max,O2_min,O2_max,Slope
201,1,1,0,300,-30.894667774086372,-35.34866777408638,80.242,95.192,-35.46766777408638,-30.894667774086372,-0.2897067420121966
201,1,2,205,300,-48.717355481727566,-47.570355481727574,0.242,15.192,-49.23235548172758,-47.52235548172757,0.10192293761801875
201,1,3,344,200,-47.31454726368159,-46.57454726368161,16.242,26.192,-47.5665472636816,-46.16454726368161,0.08654800520484907
201,1,4,666,200,-46.12939303482585,-43.812393034825845,27.242,37.192,-46.20039303482585,-43.701393034825855,0.23713791669986678
201,1,5,923,200,-43.466378109452734,-40.280378109452755,38.242,48.192,-43.58837810945275,-40.280378109452755,0.3014893910052492
201,1,6,1145,200,-39.83960696517414,-36.59560696517414,49.242,59.192,-40.068606965174155,-36.48460696517415,0.3257689063150458
201,1,7,1495,300,-35.855787375415275,-31.395787375415267,60.242,75.192,-36.01178737541528,-31.058787375415278,0.3001788329475366
