Colony_ID,Run,Interval,Light_Value,N_points,O2_start,O2_end,DeltaT_min,DeltaT_max,O2_min,O2_max,Slope
209,3,1,0,301,59.007473333333365,51.584473333333364,276.637,291.637,51.56147333333334,61.64947333333336,-0.8884589274800132
209,3,2,139,237,-8.692571428571426,-12.352571428571423,208.839,220.637,-12.40357142857144,-8.43357142857144,-0.2693586718929945
209,3,3,267,181,-11.212788888888866,-5.582788888888871,221.637,230.637,-11.212788888888866,-5.582788888888871,0.6296861798288488
209,3,4,385,181,-4.239272222222212,4.8767277777777736,231.638,240.638,-4.239272222222212,4.8767277777777736,1.064411558835981
209,3,5,716,181,6.793849999999992,18.193849999999998,241.637,250.637,6.793849999999992,18.193849999999998,1.3034671737406498
209,3,6,930,181,20.450872222222216,33.150872222222205,251.638,260.637,20.450872222222216,33.150872222222205,1.4287637163905131
209,3,7,1243,281,35.55017142857142,56.37617142857141,261.638,275.637,35.55017142857142,56.37617142857141,1.4726934800427125
