Colony_ID,Run,Interval,Light_Value,N_points,O2_start,O2_end,DeltaT_min,DeltaT_max,O2_min,O2_max,Slope
211,3,1,0,300,40.73247333333333,36.949473333333344,276.507,291.457,36.949473333333344,42.064473333333325,-0.43610837012995796
211,3,2,139,232,-1.5645714285714405,-0.6665714285714159,208.912,220.457,-2.187571428571431,-0.6185714285714141,0.13576058931860094
211,3,3,267,180,0.2462111111111085,3.8242111111111114,221.507,230.457,0.24221111111111782,3.8242111111111114,0.4184629784146594
211,3,4,385,180,4.93372777777779,10.220727777777796,231.507,240.457,4.854727777777782,10.270727777777779,0.62436548384536
211,3,5,716,180,11.790849999999978,18.155849999999987,241.507,250.457,11.781849999999991,18.173849999999987,0.7195028616316916
211,3,6,930,180,19.900872222222205,26.612872222222222,251.507,260.457,19.756872222222228,26.612872222222222,0.7559381463606731
211,3,7,1243,280,28.33617142857142,38.71217142857142,261.507,275.457,28.33617142857142,38.71217142857142,0.7347586269818753
