Colony_ID,Run,Interval,Light_Value,N_points,O2_start,O2_end,DeltaT_min,DeltaT_max,O2_min,O2_max,Slope
242,2,1,0,300,36.74370666666667,29.456706666666662,177.507,192.457,29.334706666666676,38.47470666666666,-0.7456697715999266
242,2,2,139,267,-14.610892193308558,-13.841892193308553,106.155,119.457,-14.91689219330857,-13.819892193308561,0.07648209919974132
242,2,3,267,180,-13.747733333333315,-11.297733333333326,120.507,129.457,-13.77873333333332,-11.297733333333326,0.3132333595594031
242,2,4,385,180,-10.45602222222223,-5.434022222222239,130.507,139.457,-10.724022222222231,-5.297022222222239,0.6351754735792638
242,2,5,716,180,-4.123599999999982,3.329400000000021,140.507,149.457,-4.187599999999975,3.329400000000021,0.8546617654836822
242,2,6,930,180,4.960494444444464,13.88449444444447,150.507,159.457,4.900494444444462,13.988494444444456,1.0414918414918461
242,2,7,1243,320,16.133643750000005,34.60564375000001,160.507,176.457,16.080643750000007,34.60564375000001,1.170350150568932
