Colony_ID,Run,Interval,Light_Value,N_points,O2_start,O2_end,DeltaT_min,DeltaT_max,O2_min,O2_max,Slope
226,4,1,0,320,20.172258461538462,15.070258461538458,377.753,393.703,14.899258461538466,20.893258461538466,-0.44335137183167267
226,4,2,139,272,-2.3487574626865637,-3.51675746268657,307.152,320.704,-3.847757462686559,-2.3487574626865637,-0.05937658992068335
226,4,3,267,180,-3.072795580110494,-2.2227955801104997,321.753,330.703,-3.221795580110495,-2.2107955801104993,0.10988410311766407
226,4,4,385,180,-1.4792265193370326,1.1317734806629858,331.753,340.703,-1.586226519337032,1.1317734806629858,0.30866869561864474
226,4,5,716,180,2.1415469613259575,5.293546961325944,341.753,350.703,1.994546961325966,5.388546961325943,0.37589780952533014
226,4,6,930,200,6.610711442786055,10.685711442786072,351.754,361.703,6.562711442786053,10.685711442786072,0.40829387972095904
226,4,7,1243,280,11.97314590747331,18.48514590747331,362.753,376.703,11.97314590747331,18.48514590747331,0.46984747213452427
