Colony_ID,Run,Interval,Light_Value,N_points,O2_start,O2_end,DeltaT_min,DeltaT_max,O2_min,O2_max,Slope
44,4,1,0,322,63.405258461538466,51.30525846153844,377.644,393.694,51.30525846153844,65.95825846153846,-1.122532679073781
44,4,2,139,270,3.4082425373134413,1.99724253731344,307.138,320.594,1.8422425373134388,3.4772425373134297,-0.06638705166045958
44,4,3,267,180,2.6122044198895082,4.673204419889487,321.644,330.593,2.5232044198895096,4.7772044198895,0.31317787766847266
44,4,4,385,180,5.613773480662985,11.494773480662985,331.644,340.594,5.559773480662983,11.533773480662973,0.766609713667185
44,4,5,716,180,12.985546961325952,22.186546961325945,341.643,350.594,12.985546961325952,22.186546961325945,1.035291124861873
44,4,6,930,200,24.332711442786064,36.56271144278605,351.644,361.593,24.148711442786066,36.608711442786074,1.3063880511140962
44,4,7,1243,280,38.9291459074733,60.43114590747331,362.643,376.594,38.9291459074733,60.43114590747331,1.5762941891258064
