Colony_ID,Run,Interval,Light_Value,N_points,O2_start,O2_end,DeltaT_min,DeltaT_max,O2_min,O2_max,Slope
238,1,1,0,300,-1.1699833333333345,-7.255983333333319,70.696,85.647,-7.744983333333323,0.6900166666666792,-0.6853294027502842
238,1,2,139,274,-48.91784132841329,-47.70784132841331,0,13.646,-49.111841328413306,-47.4078413284133,0.12003235301661935
238,1,3,267,200,-47.52440499999997,-44.40040499999998,14.697,24.647,-47.62940499999999,-44.27140499999999,0.39931168359701263
238,1,4,385,180,-43.60352222222221,-38.16852222222221,25.697,34.647,-44.02652222222221,-38.16852222222221,0.5480668611040164
238,1,5,716,180,-37.56242777777777,-30.025427777777793,35.697,44.647,-37.56242777777777,-30.003427777777773,0.7823346690141758
238,1,6,930,180,-28.516638888888878,-20.292638888888888,45.697,54.647,-28.5986388888889,-19.93363888888888,0.9989917053354976
238,1,7,1243,280,-18.346382142857152,-2.997382142857134,55.697,69.647,-18.44738214285715,-2.8503821428571428,1.1288799705493162
