Colony_ID,Run,Interval,Light_Value,N_points,O2_start,O2_end,DeltaT_min,DeltaT_max,O2_min,O2_max,Slope
210,4,1,0,322,52.258258461538446,46.611258461538455,377.637,393.688,46.611258461538455,54.123258461538484,-0.6190633088713128
210,4,2,139,271,1.5552425373134326,3.054242537313428,307.139,320.637,0.9172425373134274,3.0802425373134383,0.18268532820068184
210,4,3,267,181,3.988204419889513,7.793204419889491,321.637,330.637,3.9482044198894926,7.824204419889497,0.4701222696016966
210,4,4,385,181,8.886773480662981,14.95777348066298,331.637,340.638,8.820773480662979,15.019773480662963,0.7371272995697402
210,4,5,716,181,16.444546961325955,23.867546961325957,341.637,350.638,16.315546961325964,23.867546961325957,0.8335688547269107
210,4,6,930,201,25.431711442786053,34.378711442786056,351.637,361.637,25.431711442786053,34.42071144278606,0.8970626381682868
210,4,7,1243,281,36.3941459074733,50.03214590747331,362.637,376.637,36.327145907473295,50.03214590747331,0.9760873540655218
