Colony_ID,Run,Interval,Light_Value,N_points,O2_start,O2_end,DeltaT_min,DeltaT_max,O2_min,O2_max,Slope
239,2,1,0,300,14.092706666666686,5.681706666666685,177.754,192.703,5.681706666666685,14.446706666666671,-0.6962543994193919
239,2,2,139,272,-15.624892193308568,-17.209892193308576,106.146,119.703,-17.33989219330857,-15.593892193308562,-0.10928622866593468
239,2,3,267,180,-17.214733333333328,-16.836733333333314,120.754,129.703,-17.50273333333334,-16.743733333333324,0.04605077975895504
239,2,4,385,180,-16.43402222222224,-13.741022222222227,130.753,139.704,-16.43402222222224,-13.619022222222242,0.325835301863788
239,2,5,716,180,-12.83159999999998,-8.651599999999974,140.753,149.703,-12.83159999999998,-8.58159999999998,0.499223186405591
239,2,6,930,180,-7.39150555555554,-1.668505555555555,150.754,159.704,-7.39150555555554,-1.5515055555555364,0.6695285486361092
239,2,7,1243,320,0.09864375000000791,12.312643750000007,160.753,176.703,0.05664375000000632,12.312643750000007,0.764372397279818
