Colony_ID,Run,Interval,Light_Value,N_points,O2_start,O2_end,DeltaT_min,DeltaT_max,O2_min,O2_max,Slope
219,5,1,0,300,95.69617,89.30116999999998,84.034,98.984,89.27917,96.15316999999999,-0.5508845424688988
219,5,2,139,281,48.17885000000001,48.88285000000002,12.979,26.984,47.70785000000001,48.91985,0.0790066554329643
219,5,3,267,180,50.28525000000002,52.84325000000001,28.034,36.984,50.12025,53.11525,0.3601536459982184
219,5,4,385,180,54.51082222222223,59.443822222222224,38.034,46.984,54.51082222222223,59.501822222222245,0.6040204546176825
219,5,5,716,180,61.46372222222223,67.98972222222224,48.034,56.984,61.33472222222224,67.98972222222224,0.7281858693407917
219,5,6,930,180,69.99576666666667,77.26876666666669,58.034,66.984,69.92076666666668,77.47276666666667,0.8128587949633096
219,5,7,1243,300,79.81607333333335,93.19507333333334,68.034,82.983,79.76207333333335,93.26107333333334,0.8872155659877471
