Colony_ID,Run,Interval,Light_Value,N_points,O2_start,O2_end,DeltaT_min,DeltaT_max,O2_min,O2_max,Slope
243,5,1,0,300,118.14816999999996,103.39716999999999,83.933,98.883,103.39716999999999,119.43416999999997,-1.2962219170272848
243,5,2,139,279,52.81585000000001,50.75185000000002,12.974,26.883,50.502849999999995,52.81585000000001,-0.084075136714393
243,5,3,267,180,51.957250000000016,54.302250000000015,27.933,36.883,51.63025000000002,54.55125000000001,0.3777195319531967
243,5,4,385,180,56.02882222222223,62.20482222222225,37.933,46.883,55.957822222222234,62.25682222222224,0.8095150766489143
243,5,5,716,180,64.51772222222223,74.04372222222224,47.933,56.883,64.40772222222225,74.04372222222224,1.0981171410748904
243,5,6,930,180,76.05676666666668,88.16976666666667,57.933,66.883,76.05676666666668,88.16976666666667,1.359609189614477
243,5,7,1243,300,91.23407333333336,114.71107333333333,67.933,82.883,91.23407333333336,114.91507333333334,1.5960501290231248
