Colony_ID,Run,Interval,Light_Value,N_points,O2_start,O2_end,DeltaT_min,DeltaT_max,O2_min,O2_max,Slope
247,3,1,0,300,89.47047333333333,76.71147333333332,276.644,291.594,76.71147333333332,92.57147333333333,-1.28315911829302
247,3,2,139,236,1.4724285714285656,1.3204285714285788,208.847,220.594,0.5534285714285829,1.4724285714285656,0.05919752287697376
247,3,3,267,180,2.3182111111111112,6.04421111111111,221.644,230.593,2.1212111111111085,6.04421111111111,0.5256183707505426
247,3,4,385,180,7.187727777777781,16.886727777777793,231.644,240.594,7.187727777777781,16.886727777777793,1.200438406329182
247,3,5,716,180,19.041849999999982,32.80384999999998,241.643,250.594,19.041849999999982,32.82585,1.6019387251161852
247,3,6,930,180,35.59287222222221,52.6978722222222,251.644,260.593,35.59287222222221,52.6978722222222,1.924430875846007
247,3,7,1243,280,55.94817142857141,85.86117142857142,261.644,275.594,55.84117142857144,85.86117142857142,2.1685164572206608
