Colony_ID,Run,Interval,Light_Value,N_points,O2_start,O2_end,DeltaT_min,DeltaT_max,O2_min,O2_max,Slope
202,5,1,0,300,119.98916999999997,108.89316999999997,83.983,98.933,108.89316999999997,120.83117000000001,-0.9484297471195656
202,5,2,139,280,53.07485,55.258849999999995,12.986,26.933,52.68985000000001,55.30185,0.21808543881203077
202,5,3,267,180,56.99025,61.838250000000016,27.983,36.933,56.84725,61.838250000000016,0.5847967525195963
202,5,4,385,180,63.63182222222224,71.45482222222225,37.983,46.933,63.612822222222235,71.52082222222222,0.9277872937244475
202,5,5,716,180,74.01672222222223,83.70772222222223,47.983,56.933,73.80972222222223,83.70772222222223,1.1040574264445242
202,5,6,930,180,86.03776666666667,96.42976666666667,57.983,66.933,86.03776666666667,96.60576666666668,1.1707079818752177
202,5,7,1243,300,99.39207333333334,117.17107333333337,67.983,82.933,99.39207333333334,117.17107333333337,1.1872051864898339
