Colony_ID,Run,Interval,Light_Value,N_points,O2_start,O2_end,DeltaT_min,DeltaT_max,O2_min,O2_max,Slope
205,2,1,0,301,70.15370666666666,58.49470666666667,177.5,192.5,58.49270666666666,72.68970666666667,-1.2845634884543078
205,2,2,139,268,-14.00989219330856,-12.143892193308574,106.151,119.5,-14.196892193308571,-12.030892193308574,0.18018152500487195
205,2,3,267,181,-11.787733333333335,-6.551733333333317,120.499,129.5,-11.937733333333313,-6.534733333333321,0.7118495587963367
205,2,4,385,181,-5.364022222222246,5.2829777777777736,130.5,139.499,-5.364022222222246,5.2829777777777736,1.283250227252444
205,2,5,716,181,7.087400000000002,20.765400000000028,140.499,149.5,6.969400000000007,20.765400000000028,1.557239196375938
205,2,6,930,181,22.865494444444465,37.845494444444455,150.5,159.499,22.865494444444465,37.845494444444455,1.6839198949363403
205,2,7,1243,321,40.66864375,67.50764375000003,160.5,176.499,40.66264375,67.64264375000002,1.7087314587336173
