Colony_ID,Run,Interval,Light_Value,N_points,O2_start,O2_end,DeltaT_min,DeltaT_max,O2_min,O2_max,Slope
2,2,1,0,300,-10.146293333333318,-17.33329333333333,177.697,192.647,-17.33329333333333,-8.602293333333336,-0.719616944262578
2,2,2,139,271,-63.84489219330857,-62.29989219330855,106.148,119.647,-64.21789219330856,-62.161892193308574,0.13745302443107071
2,2,3,267,180,-62.08373333333333,-58.71873333333332,120.697,129.647,-62.23273333333333,-58.650733333333335,0.45599347638406734
2,2,4,385,180,-57.52802222222223,-51.12702222222222,130.697,139.647,-57.62502222222224,-51.12102222222222,0.7663370873276603
2,2,5,716,180,-49.554599999999994,-41.693599999999975,140.696,149.647,-49.73059999999998,-41.54559999999998,0.9519484054639392
2,2,6,930,180,-40.03050555555555,-30.479505555555534,150.697,159.647,-40.03050555555555,-30.479505555555534,1.0351191504719817
2,2,7,1243,320,-28.548356249999983,-11.994356249999981,160.697,176.647,-28.548356249999983,-11.636356250000006,1.0451941013471748
