Colony_ID,Run,Interval,Light_Value,N_points,O2_start,O2_end,DeltaT_min,DeltaT_max,O2_min,O2_max,Slope
225,3,1,0,300,-18.097526666666653,-23.776526666666655,276.681,291.63,-23.776526666666655,-16.828526666666647,-0.5658092778310848
225,3,2,139,237,-52.73357142857142,-54.14757142857144,208.83,220.63,-54.35957142857143,-52.73357142857142,-0.07318141510241447
225,3,3,267,180,-53.67678888888889,-52.168788888888884,221.68,230.63,-53.67678888888889,-52.071788888888875,0.2029065015308423
225,3,4,385,180,-51.07427222222222,-47.73227222222221,231.68,240.63,-51.18927222222223,-47.53327222222222,0.36892690546388196
225,3,5,716,180,-46.398150000000015,-41.41915,241.68,250.63,-46.398150000000015,-41.30815000000001,0.603848750556244
225,3,6,930,180,-39.55012777777779,-33.5761277777778,251.68,260.63,-39.754127777777796,-33.4451277777778,0.6697720432073194
225,3,7,1243,280,-31.644828571428576,-20.142828571428566,261.68,275.63,-31.644828571428576,-20.142828571428566,0.8268491996945095
