Colony_ID,Run,Interval,Light_Value,N_points,O2_start,O2_end,DeltaT_min,DeltaT_max,O2_min,O2_max,Slope
27,3,1,0,301,41.429473333333334,32.03947333333335,276.532,291.532,31.94647333333333,43.04147333333333,-0.9267058812642927
27,3,2,139,233,0.3184285714285693,-2.0585714285714403,208.927,220.531,-2.1925714285714264,0.5424285714285588,-0.2425650802319949
27,3,3,267,181,-1.2977888888888742,-0.7237888888888904,221.531,230.532,-1.8497888888888667,-0.6977888888888799,0.11339970506720864
27,3,4,385,181,0.19072777777779493,4.568727777777781,231.532,240.532,0.13272777777777378,4.568727777777781,0.5474827918939609
27,3,5,716,181,5.810849999999988,12.379849999999976,241.532,250.532,5.810849999999988,12.617849999999976,0.7834434221560117
27,3,6,930,181,14.186872222222206,22.346872222222203,251.532,260.532,14.186872222222206,22.390872222222214,0.9483434728959562
27,3,7,1243,281,24.466171428571414,38.77117142857142,261.532,275.532,24.466171428571414,38.980171428571424,1.044169399292337
