Colony_ID,Run,Interval,Light_Value,N_points,O2_start,O2_end,DeltaT_min,DeltaT_max,O2_min,O2_max,Slope
blank,2,1,0,300,0.378706666666659,-0.303293333333329,177.62,192.57,-0.45329333333333466,0.4027066666666599,-0.04372820195397027
blank,2,2,139,269,0.14110780669142287,0.13410780669144629,106.164,119.57,-0.2238921933085578,0.2751078066914374,0.004512251277978875
blank,2,3,267,180,0.18126666666668712,-0.11773333333331948,120.62,129.57,-0.294733333333312,0.4112666666666769,-0.044923368696078506
blank,2,4,385,180,0.11397777777776241,-0.23702222222223668,130.62,139.57,-0.2840222222222337,0.39397777777776355,-0.05376370808410728
blank,2,5,716,180,0.3164000000000158,-0.30059999999997444,140.62,149.57,-0.3775999999999726,0.46340000000000714,-0.06942114820634036
blank,2,6,930,180,0.3794944444444468,-0.45550555555553274,150.62,159.57,-0.45550555555553274,0.3864944444444518,-0.06304156119586203
blank,2,7,1243,320,0.6876437500000065,-0.6003562500000044,160.62,176.57,-0.7713562499999966,0.7886437500000056,-0.07989088039148244
