Colony_ID,Run,Interval,Light_Value,N_points,O2_start,O2_end,DeltaT_min,DeltaT_max,O2_min,O2_max,Slope
blank,5,1,0,300,0.4371699999999805,-0.7678300000000036,83.983,98.933,-0.7778300000000229,0.6111699999999871,-0.09845940731212606
blank,5,2,139,280,0.972849999999994,-0.8461499999999944,12.977,26.933,-0.9721499999999992,1.0368500000000154,-0.12244745159160549
blank,5,3,267,180,0.5692500000000109,-0.5307499999999834,27.983,36.933,-0.5307499999999834,0.6672499999999957,-0.09080602676782494
blank,5,4,385,180,0.5868222222222244,-0.5081777777777745,37.983,46.933,-0.6881777777777529,0.6718222222222323,-0.11076940606751141
blank,5,5,716,180,0.5927222222222497,-0.7842777777777599,47.983,56.933,-0.7842777777777599,0.6697222222222479,-0.11210838628367417
blank,5,6,930,180,0.5077666666666687,-0.7142333333333113,57.983,66.933,-0.8232333333333202,0.6537666666666837,-0.1371846729122272
blank,5,7,1243,300,1.0190733333333526,-1.0899266666666563,67.983,82.933,-1.2859266666666542,1.0730733333333546,-0.1318537088185885
