Colony_ID,Run,Interval,Light_Value,N_points,O2_start,O2_end,DeltaT_min,DeltaT_max,O2_min,O2_max,Slope
20,4,1,0,321,42.92725846153846,37.75325846153845,377.688,393.688,37.42825846153846,44.52725846153845,-0.5445419625558086
20,4,2,139,272,-6.591757462686559,-4.840757462686582,307.144,320.688,-7.339757462686578,-4.840757462686582,0.19045716037621724
20,4,3,267,181,-4.1247955801104865,-0.27979558011048766,321.688,330.688,-4.142795580110487,-0.07579558011050835,0.4844998073384536
20,4,4,385,181,0.930773480662964,7.306773480662969,331.688,340.688,0.930773480662964,7.462773480662975,0.768245929853205
20,4,5,716,181,8.942546961325945,16.089546961325965,341.688,350.688,8.716546961325946,16.248546961325957,0.8116249734774942
20,4,6,930,201,17.54871144278607,26.058711442786063,351.687,361.688,17.54871144278607,26.058711442786063,0.8778077260858025
20,4,7,1243,281,28.12214590747331,40.583145907473295,362.688,376.687,27.823145907473304,40.605145907473315,0.9048266878006241
