Colony_ID,Run,Interval,Light_Value,N_points,O2_start,O2_end,DeltaT_min,DeltaT_max,O2_min,O2_max,Slope
28,4,1,0,324,123.79325846153844,104.98225846153846,377.548,393.698,104.98225846153846,128.53625846153844,-1.8629088801036024
28,4,2,139,268,-2.330757462686563,-1.8427574626865635,307.156,320.499,-3.7307574626865687,-1.8427574626865635,0.17506751431743045
28,4,3,267,180,-1.0167955801105109,6.867204419889504,321.548,330.498,-1.0307955801104924,6.867204419889504,1.0718757554702174
28,4,4,385,180,8.556773480662969,24.843773480662975,331.549,340.498,8.556773480662969,24.843773480662975,2.000482654004702
28,4,5,716,180,27.740546961325947,48.690546961325964,341.549,350.498,27.59454696132596,48.76454696132595,2.4044217404341373
28,4,6,930,200,52.23071144278609,77.68471144278604,351.548,361.499,52.20271144278607,77.68871144278606,2.617272729786984
28,4,7,1243,280,81.42114590747332,119.53614590747333,362.549,376.498,81.42114590747332,119.53614590747333,2.67619774928308
