Colony_ID,Run,Interval,Light_Value,N_points,O2_start,O2_end,DeltaT_min,DeltaT_max,O2_min,O2_max,Slope
12,1,1,0,300,44.88501666666667,40.072016666666684,70.643,85.594,40.072016666666684,46.41001666666668,-0.5695815211596846
12,1,2,139,273,6.028158671586709,9.107158671586717,0,13.593,5.837158671586707,9.262158671586718,0.24095311612338996
12,1,3,267,200,9.310595000000006,13.520595000000014,14.643,24.593,9.310595000000006,13.645595000000014,0.44524127441447536
12,1,4,385,180,14.13047777777777,19.512477777777775,25.644,34.593,14.13047777777777,19.61247777777777,0.636335795918855
12,1,5,716,180,20.44357222222223,26.287572222222224,35.644,44.594,20.44357222222223,26.434572222222215,0.6493397322563697
12,1,6,930,180,27.693361111111102,33.2583611111111,45.644,54.593,27.440361111111116,33.388361111111124,0.6540460041523122
12,1,7,1243,280,34.65361785714285,43.843617857142846,55.643,69.594,34.59061785714286,43.88061785714285,0.6655162323152446
