Colony_ID,Run,Interval,Light_Value,N_points,O2_start,O2_end,DeltaT_min,DeltaT_max,O2_min,O2_max,Slope
1,5,1,0,301,133.43517,122.03016999999997,83.767,98.767,122.03016999999997,135.56517,-1.1328090458645101
1,5,2,139,277,59.47085000000001,58.42885000000001,12.962,26.767,58.39085,59.47085000000001,-0.013628717040578393
1,5,3,267,181,60.01025000000001,63.89025000000001,27.767,36.767,59.796250000000015,63.89025000000001,0.5363513257915565
1,5,4,385,181,65.68782222222222,74.60982222222222,37.767,46.767,65.65382222222223,74.66982222222222,1.161401006436548
1,5,5,716,181,77.14872222222223,89.50372222222222,47.767,56.767,77.14872222222223,89.50372222222222,1.4226046158938257
1,5,6,930,181,92.25476666666668,105.59376666666668,57.767,66.767,92.25476666666668,105.59376666666668,1.5086348633792996
1,5,7,1243,301,108.61807333333337,130.91407333333336,67.767,82.767,108.61807333333337,130.91407333333336,1.4888295655478458
