Colony_ID,Run,Interval,Light_Value,N_points,O2_start,O2_end,DeltaT_min,DeltaT_max,O2_min,O2_max,Slope
220,4,1,0,325,71.60325846153845,60.55225846153846,377.507,393.707,60.55225846153846,74.83125846153845,-1.2250758879496686
220,4,2,139,267,1.499242537313421,0.38224253731343083,307.163,320.457,-0.0647574626865719,1.499242537313421,0.015927013867137473
220,4,3,267,180,1.0552044198894919,4.991204419889499,321.507,330.457,1.0552044198894919,4.991204419889499,0.5473160173160201
220,4,4,385,180,6.311773480662964,14.900773480662963,331.507,340.457,6.207773480662979,14.900773480662963,1.0902261786070304
220,4,5,716,180,16.722546961325946,28.408546961325953,341.507,350.457,16.722546961325946,28.408546961325953,1.3312659616515443
220,4,6,930,200,30.578711442786073,44.57571144278606,351.507,361.457,30.45071144278606,44.57571144278606,1.4405049377415107
220,4,7,1243,280,46.984145907473305,68.68814590747331,362.507,376.457,46.984145907473305,68.8761459074733,1.5761092724403922
