Colony_ID,Run,Interval,Light_Value,N_points,O2_start,O2_end,DeltaT_min,DeltaT_max,O2_min,O2_max,Slope
3,1,1,0,300,12.35701666666668,12.646016666666668,70.507,85.457,12.017016666666677,13.919016666666664,-0.14524245900533134
3,1,2,139,270,-0.5568413284132987,-1.7468413284132964,0,13.457,-1.873841328413306,-0.5568413284132987,-0.07327954381847498
3,1,3,267,200,-1.6394049999999822,-2.1354049999999916,14.507,24.457,-2.1354049999999916,-1.1184049999999957,-0.16471455145514546
3,1,4,385,180,-1.9545222222222094,-0.5855222222222096,25.507,34.457,-1.9545222222222094,-0.4265222222222178,0.03495369678864743
3,1,5,716,180,-0.20942777777779042,1.6055722222222073,35.507,44.457,-0.376427777777792,1.6055722222222073,0.10796858762399657
3,1,6,930,180,2.6013611111111175,5.3513611111111175,45.507,54.457,2.6013611111111175,5.5203611111111,0.24442370780782802
3,1,7,1243,280,6.224617857142846,11.486617857142846,55.507,69.457,6.0516178571428725,12.317617857142864,0.3136114056398407
