Colony_ID,Run,Interval,Light_Value,N_points,O2_start,O2_end,DeltaT_min,DeltaT_max,O2_min,O2_max,Slope
233,5,1,0,300,120.05116999999998,105.96417,84.034,98.983,105.88417000000001,121.14116999999996,-1.1655340376596781
233,5,2,139,281,51.369850000000014,49.70585,12.989,26.983,49.52985000000001,51.405850000000015,-0.15135525610831163
233,5,3,267,180,50.877250000000004,52.71424999999999,28.034,36.983,50.35825,52.87625,0.302044232846656
233,5,4,385,180,54.08482222222224,60.52682222222222,38.033,46.983,53.93282222222223,60.79482222222222,0.8703278856847142
233,5,5,716,180,62.80272222222223,73.31872222222225,48.034,56.983,62.80272222222223,73.59672222222224,1.2562145385162837
233,5,6,930,180,76.45176666666669,89.59076666666667,58.034,66.983,76.30776666666668,89.59076666666667,1.51114910392243
233,5,7,1243,300,93.04507333333333,116.92007333333333,68.033,82.983,93.03707333333335,116.94707333333332,1.6179051820037593
