Colony_ID,Run,Interval,Light_Value,N_points,O2_start,O2_end,DeltaT_min,DeltaT_max,O2_min,O2_max,Slope
236,3,1,0,301,58.25847333333334,42.810473333333334,276.72,291.72,42.68447333333333,61.02247333333335,-1.5468454434005248
236,3,2,139,239,-13.966571428571427,-19.40757142857143,208.814,220.72,-19.452571428571417,-13.966571428571427,-0.30618251005002156
236,3,3,267,181,-18.757788888888882,-16.95778888888887,221.72,230.72,-19.248788888888868,-16.940788888888875,0.34819257579986534
236,3,4,385,181,-15.677272222222228,-7.249272222222231,231.72,240.72,-15.83827222222223,-7.103272222222216,1.0714031318195716
236,3,5,716,181,-5.073149999999998,7.811849999999993,241.72,250.72,-5.073149999999998,7.811849999999993,1.5241920168698
236,3,6,930,181,10.375872222222227,25.565872222222225,251.72,260.72,10.278872222222219,25.736872222222217,1.7732425902328626
236,3,7,1243,281,28.695171428571427,55.03317142857145,261.72,275.72,28.695171428571427,55.03317142857145,1.912471987306074
