Colony_ID,Run,Interval,Light_Value,N_points,O2_start,O2_end,DeltaT_min,DeltaT_max,O2_min,O2_max,Slope
214,1,1,0,300,41.91101666666668,33.826016666666675,70.753,85.703,33.826016666666675,43.675016666666664,-0.8723654536707356
214,1,2,139,275,1.2461586715866986,0.7631586715866945,0,13.703,0.5341586715867095,1.2461586715866986,-0.01267501836601846
214,1,3,267,200,0.6355950000000234,2.913595000000015,14.753,24.703,0.6055950000000223,2.913595000000015,0.2728079074904745
214,1,4,385,180,3.3894777777777847,8.12447777777777,25.753,34.703,3.1964777777777726,8.12447777777777,0.601780254961132
214,1,5,716,180,8.934572222222215,15.617572222222208,35.753,44.704,8.91757222222222,15.618572222222213,0.7875330710197357
214,1,6,930,180,16.902361111111105,25.023361111111114,45.754,54.703,16.902361111111105,25.039361111111106,0.9061179062893991
214,1,7,1243,280,26.609617857142865,40.49561785714286,55.753,69.703,26.488617857142856,40.49561785714286,1.0233589466213584
