Colony_ID,Run,Interval,Light_Value,N_points,O2_start,O2_end,DeltaT_min,DeltaT_max,O2_min,O2_max,Slope
221,1,1,0,300,66.22101666666669,61.26901666666669,70.604,85.553,61.26901666666669,68.91901666666666,-0.8112448108465572
221,1,2,139,272,14.327158671586716,17.748158671586708,0,13.554,14.17115867158671,17.91115867158669,0.26407728420410936
221,1,3,267,200,18.097595000000013,22.671595000000025,14.604,24.554,18.020595000000014,22.77559500000001,0.5574122919041206
221,1,4,385,180,23.320477777777768,29.78147777777778,25.604,34.554,23.294477777777786,29.803477777777772,0.7971189979684484
221,1,5,716,180,30.97957222222223,39.06857222222223,35.604,44.553,30.942572222222225,39.06857222222223,0.9265508737754197
221,1,6,930,180,40.4723611111111,49.146361111111105,45.603,54.554,40.398361111111114,49.152361111111105,0.9729004087201335
221,1,7,1243,280,50.843617857142846,64.88061785714288,55.604,69.554,50.76661785714285,64.88061785714288,1.0110199338601968
