Colony_ID,Run,Interval,Light_Value,N_points,O2_start,O2_end,DeltaT_min,DeltaT_max,O2_min,O2_max,Slope
26,2,1,0,301,44.13570666666669,33.268706666666674,177.688,192.688,33.266706666666664,45.000706666666645,-0.9297158468504296
26,2,2,139,272,-13.27589219330855,-11.854892193308558,106.145,119.688,-13.63289219330855,-11.838892193308567,0.11483830811574117
26,2,3,267,181,-11.66773333333333,-8.789733333333317,120.687,129.687,-11.838733333333323,-8.554733333333331,0.3930730635901044
26,2,4,385,181,-7.741022222222227,-2.0140222222222235,130.688,139.688,-7.95802222222224,-1.931022222222225,0.7000667577423794
26,2,5,716,181,-0.8505999999999858,8.014400000000023,140.688,149.687,-0.8505999999999858,8.014400000000023,0.9111824824721749
26,2,6,930,181,9.368494444444451,19.09649444444446,150.687,159.688,9.085494444444464,19.09649444444446,1.1309995552657275
26,2,7,1243,321,21.056643750000006,41.69364375000001,160.688,176.688,21.056643750000006,41.70764375000002,1.2874074625774072
