Colony_ID,Run,Interval,Light_Value,N_points,O2_start,O2_end,DeltaT_min,DeltaT_max,O2_min,O2_max,Slope
213,2,1,0,301,81.62270666666666,70.19970666666666,177.611,192.61,70.1307066666667,83.79970666666668,-1.189610532619542
213,2,2,139,270,-12.139892193308555,-8.28389219330856,106.155,119.61,-12.280892193308574,-8.199892193308557,0.32079675243463657
213,2,3,267,181,-7.690733333333327,-2.0917333333333374,120.61,129.611,-7.877733333333339,-2.0917333333333374,0.697829042994786
213,2,4,385,181,-1.0320222222222242,9.328977777777766,130.61,139.61,-1.0320222222222242,9.328977777777766,1.2545918671462748
213,2,5,716,181,11.079400000000021,24.877400000000023,140.61,149.61,11.079400000000021,25.048400000000015,1.6157257276455257
213,2,6,930,181,27.419494444444467,43.686494444444435,150.61,159.61,27.234494444444465,43.80749444444447,1.8528469412984117
213,2,7,1243,321,46.55964374999999,78.90464375000002,160.611,176.61,46.55964374999999,78.90464375000002,2.017627823876634
