Colony_ID,Run,Interval,Light_Value,N_points,O2_start,O2_end,DeltaT_min,DeltaT_max,O2_min,O2_max,Slope
244,1,1,0,300,43.328016666666684,36.223016666666666,70.654,85.603,36.223016666666666,44.882016666666686,-0.721147970726137
244,1,2,139,273,2.931158671586701,2.404158671586714,0,13.604,2.2681586715867184,2.931158671586701,-0.03212328761607385
244,1,3,267,200,2.248595000000023,4.187595000000016,14.654,24.604,2.2195950000000266,4.212595000000022,0.2254403228010017
244,1,4,385,180,4.583477777777773,9.196477777777773,25.654,34.604,4.488477777777774,9.256477777777775,0.5784276832047874
244,1,5,716,180,9.902572222222233,16.575572222222206,35.654,44.604,9.902572222222233,16.71557222222222,0.7845922991447801
244,1,6,930,180,17.942361111111126,25.950361111111107,45.654,54.604,17.942361111111126,26.04836111111112,0.9230205898520475
244,1,7,1243,280,27.688617857142873,41.92261785714285,55.654,69.604,27.587617857142845,41.92261785714285,1.0314387978617907
