Colony_ID,Run,Interval,Light_Value,N_points,O2_start,O2_end,DeltaT_min,DeltaT_max,O2_min,O2_max,Slope
248,1,1,0,301,39.608016666666686,34.14901666666668,70.5,85.5,34.14901666666668,40.87701666666669,-0.5600591566515686
248,1,2,139,271,-0.7548413284133062,-0.14084132841330188,0,13.5,-0.8808413284132826,0.0651586715867154,0.05777182565828772
248,1,3,267,201,0.13759500000000457,2.727595000000008,14.5,24.5,-0.1894049999999936,2.7465950000000134,0.3336341412388732
248,1,4,385,181,3.1324777777777797,8.354477777777788,25.5,34.5,3.060477777777777,8.51547777777779,0.6232481017097928
248,1,5,716,181,9.339572222222216,16.16957222222223,35.5,44.5,9.339572222222216,16.16957222222223,0.7842274603821854
248,1,6,930,181,17.44536111111111,24.67336111111112,45.5,54.5,17.340361111111122,24.848361111111103,0.8233851412542218
248,1,7,1243,281,26.228617857142865,38.13661785714285,55.5,69.499,26.13861785714286,38.38261785714286,0.8707282659099623
