Colony_ID,Run,Interval,Light_Value,N_points,O2_start,O2_end,DeltaT_min,DeltaT_max,O2_min,O2_max,Slope
blank,3,1,0,300,0.6204733333333365,-0.7235266666666575,276.721,291.671,-0.8235266666666519,0.7184733333333497,-0.08715117033621315
blank,3,2,139,238,0.39942857142858657,-0.40357142857143913,208.82,220.671,-0.6575714285714298,0.69742857142856,-0.08871501878054514
blank,3,3,267,180,0.1842111111111251,-0.3397888888888758,221.721,230.671,-0.6757888888888886,0.6312111111111278,-0.06908166051437246
blank,3,4,385,180,0.42872777777779447,-0.3642722222222119,231.721,240.671,-0.5662722222222101,0.5397277777777845,-0.07841634131066154
blank,3,5,716,180,0.23184999999998013,-0.5501500000000021,241.721,250.671,-0.5501500000000021,0.5188499999999863,-0.08961119697586756
blank,3,6,930,180,0.27987222222222385,-0.5031277777777916,251.722,260.671,-0.6601277777777739,0.724872222222217,-0.08737016713076291
blank,3,7,1243,280,0.8141714285714272,-0.7198285714285646,261.721,275.672,-0.8498285714285885,0.8581714285714099,-0.09441255919863337
