Colony_ID,Run,Interval,Light_Value,N_points,O2_start,O2_end,DeltaT_min,DeltaT_max,O2_min,O2_max,Slope
42,1,1,0,300,51.41201666666669,42.66001666666668,70.705,85.654,42.51501666666667,54.17001666666667,-0.9813198477192452
42,1,2,139,274,-1.2758413284132928,-1.552841328413308,0,13.655,-1.8398413284132857,-1.1938413284132992,-0.008336392641473412
42,1,3,267,200,-1.4894049999999766,1.1075950000000034,14.705,24.655,-1.8284049999999752,1.1075950000000034,0.309952142284143
42,1,4,385,180,1.4454777777777679,7.049477777777781,25.704,34.655,1.3254777777777917,7.123477777777765,0.7277050688584403
42,1,5,716,180,8.134572222222232,16.89957222222222,35.705,44.654,8.134572222222232,16.89957222222222,0.9927717313337718
42,1,6,930,180,18.39736111111111,28.94736111111112,45.705,54.655,18.257361111111123,28.94736111111112,1.221806975685754
42,1,7,1243,280,30.70561785714287,49.718617857142846,55.705,69.654,30.627617857142866,49.718617857142846,1.36218287328723
