Colony_ID,Run,Interval,Light_Value,N_points,O2_start,O2_end,DeltaT_min,DeltaT_max,O2_min,O2_max,Slope
235,4,1,0,321,-2.9017415384615504,-11.638741538461545,377.697,393.697,-11.656741538461546,-0.5717415384615379,-0.8685908295427001
235,4,2,139,271,-54.65575746268658,-57.08175746268657,307.14,320.647,-57.28675746268658,-54.65575746268658,-0.09378012310696617
235,4,3,267,180,-56.51879558011049,-54.67279558011049,321.697,330.647,-56.90379558011051,-54.65479558011049,0.3264848568538666
235,4,4,385,180,-53.902226519337034,-48.10122651933702,331.697,340.647,-53.902226519337034,-47.99822651933704,0.7471289003426012
235,4,5,716,180,-46.505453038674034,-37.83245303867403,341.696,350.647,-46.505453038674034,-37.817453038674046,0.9983903529667022
235,4,6,930,200,-35.990288557213944,-24.990288557213944,351.697,361.647,-35.990288557213944,-24.990288557213944,1.1262217154631704
235,4,7,1243,280,-23.1598540925267,-5.63185409252668,362.697,376.647,-23.1598540925267,-5.535854092526705,1.2647087904244954
