Colony_ID,Run,Interval,Light_Value,N_points,O2_start,O2_end,DeltaT_min,DeltaT_max,O2_min,O2_max,Slope
206,2,1,0,301,28.02770666666666,22.185706666666675,177.564,192.564,22.042706666666675,30.238706666666673,-0.7376788709982571
206,2,2,139,269,-47.181892193308556,-44.87089219330855,106.165,119.564,-47.181892193308556,-44.834892193308576,0.16493433459685586
206,2,3,267,181,-44.71373333333332,-39.89173333333332,120.564,129.564,-44.71373333333332,-39.89173333333332,0.6070594365889102
206,2,4,385,181,-38.86202222222224,-29.59302222222223,130.564,139.564,-38.953022222222245,-29.59302222222223,1.140000044315914
206,2,5,716,181,-27.848599999999976,-15.990599999999972,140.564,149.564,-27.856599999999986,-15.990599999999972,1.339732336296651
206,2,6,930,181,-13.971505555555552,-0.9325055555555366,150.564,159.564,-14.006505555555549,-0.8255055555555373,1.4707822223650524
206,2,7,1243,321,1.6196437499999945,25.37064375,160.564,176.564,1.6096437500000036,25.37064375,1.4676963043194873
