Colony_ID,Run,Interval,Light_Value,N_points,O2_start,O2_end,DeltaT_min,DeltaT_max,O2_min,O2_max,Slope
234,2,1,0,301,5.459706666666676,-0.4512933333333251,177.638,192.637,-0.5252933333333374,5.906706666666679,-0.4739452799508141
234,2,2,139,271,-12.421892193308565,-13.862892193308568,106.143,119.637,-14.048892193308575,-12.421892193308565,-0.09575082708062525
234,2,3,267,181,-14.047733333333326,-13.708733333333328,120.637,129.638,-14.170733333333317,-13.52673333333334,0.06848759129232236
234,2,4,385,181,-13.140022222222228,-11.386022222222238,130.637,139.637,-13.191022222222244,-11.328022222222245,0.2228197744387178
234,2,5,716,181,-10.617599999999982,-8.175599999999974,140.637,149.637,-10.842599999999976,-8.06559999999999,0.30581408375440877
234,2,6,930,181,-7.1735055555555505,-4.045505555555536,150.637,159.637,-7.244505555555548,-3.864505555555553,0.3718955812559582
234,2,7,1243,321,-2.435356249999984,4.243643750000018,160.638,176.637,-2.652356249999997,4.243643750000018,0.4145051793572611
