Colony_ID,Run,Interval,Light_Value,N_points,O2_start,O2_end,DeltaT_min,DeltaT_max,O2_min,O2_max,Slope
201,3,1,0,300,21.907473333333343,18.83147333333335,276.604,291.553,18.777473333333347,23.06547333333333,-0.3995317526914861
201,3,2,139,235,-2.7025714285714173,-5.008571428571429,208.858,220.553,-5.632571428571424,-2.7025714285714173,0.06001720963279231
201,3,3,267,180,-4.1617888888888785,-2.555788888888884,221.603,230.553,-4.2397888888888815,-2.480788888888867,0.15372479106869671
201,3,4,385,180,-1.5912722222222158,1.4467277777777952,231.603,240.553,-1.6482722222222037,1.4467277777777952,0.34539757501411394
201,3,5,716,180,2.5398500000000013,6.157849999999996,241.604,250.553,2.528849999999977,6.222849999999994,0.40792423758822105
201,3,6,930,180,7.468872222222217,11.641872222222219,251.603,260.554,7.468872222222217,11.641872222222219,0.44834933299851565
201,3,7,1243,280,13.145171428571416,19.974171428571424,261.603,275.554,13.145171428571416,20.061171428571413,0.5013935763115509
