Colony_ID,Run,Interval,Light_Value,N_points,O2_start,O2_end,DeltaT_min,DeltaT_max,O2_min,O2_max,Slope,Avg_Blank_Slope,Blank_Corrected_Slope
201,5,1,0,600,181.988,172.068,403.481,433.437,171.967,181.997,-0.30589432134642275,0.015780983432084797,-0.32167530477850753
201,5,2,150,166,176.589,177.887,310.494,318.736,176.428,177.904,0.16675711638445093,0.040988229070211664,0.12576888731423927
201,5,3,275,180,178.149,180.781,319.786,328.737,178.016,180.812,0.3302753953543522,0.027247842848082356,0.30302755250626984
201,5,4,530,240,181.248,186.552,329.786,341.736,181.199,186.712,0.4645804797003104,0.013602946642685836,0.45097753305762456
201,5,5,730,180,187.148,191.739,342.787,351.736,187.148,191.793,0.5244070677327972,9.180493004173838e-4,0.5234890184323798
201,5,6,945,180,192.179,197.235,352.787,361.737,192.179,197.235,0.5432314275789567,-0.011676276127608137,0.5549077037065648
201,5,7,1190,280,197.643,205.562,362.787,376.737,197.643,205.562,0.5508653657391874,-0.023837521393898328,0.5747028871330857
