Colony_ID,Run,Interval,Light_Value,N_points,O2_start,O2_end,DeltaT_min,DeltaT_max,O2_min,O2_max,Slope,Avg_Blank_Slope,Blank_Corrected_Slope
209,3,1,0,419,162.826,156.779,93.266,114.163,156.779,162.943,-0.2828919148008365,0.015780983432084797,-0.29867289823292126
209,3,2,150,181,166.788,168.196,0.197,9.197,165.916,168.196,0.30174792582527343,0.040988229070211664,0.2607596967550618
209,3,3,275,201,168.444,172.97,10.196,20.197,168.432,172.97,0.46645974628726805,0.027247842848082356,0.4392119034391857
209,3,4,530,201,173.463,180.173,21.197,31.197,173.435,180.173,0.6890922090014368,0.013602946642685836,0.675489262358751
209,3,5,730,161,180.656,186.908,32.197,40.196,180.656,186.984,0.810574760508566,9.180493004173838e-4,0.8096567112081486
209,3,6,945,181,187.885,195.852,41.197,50.197,187.885,195.852,0.8760264768316183,-0.011676276127608137,0.8877027529592264
209,3,7,1190,257,196.622,208.494,51.197,64.397,196.622,208.494,0.893458349449472,-0.023837521393898328,0.9172958708433703
