Colony_ID,Run,Interval,Light_Value,N_points,O2_start,O2_end,DeltaT_min,DeltaT_max,O2_min,O2_max,Slope,Avg_Blank_Slope,Blank_Corrected_Slope
blank,1,1,0,527,187.997,188.427,79.268,105.574,187.769,188.751,0.02033557178583256,0.015780983432084797,0.004554588353747762
blank,1,2,150,93,188.534,188.753,0,4.608,188.391,188.799,0.04548319903909333,0.040988229070211664,0.004494969968881664
blank,1,3,275,181,188.677,189.152,5.607,14.608,188.521,189.152,0.038438601093690745,0.027247842848082356,0.01119075824560839
blank,1,4,530,181,189.065,189.248,15.608,24.608,188.966,189.37,0.025840430654475346,0.013602946642685836,0.01223748401178951
blank,1,5,730,181,189.251,189.319,25.608,34.608,189.073,189.447,0.007946961726398225,9.180493004173838e-4,0.007028912425980842
blank,1,6,945,181,189.228,189.313,35.608,44.608,189.026,189.484,-0.006594317106886826,-0.011676276127608137,0.0050819590207213106
blank,1,7,1190,217,189.266,189.106,45.608,56.408,188.918,189.354,-0.020305747980516632,-0.023837521393898328,0.0035317734133816954
