Colony_ID,Run,Interval,Light_Value,N_points,O2_start,O2_end,DeltaT_min,DeltaT_max,O2_min,O2_max,Slope,Avg_Blank_Slope,Blank_Corrected_Slope
44,5,1,0,601,191.075,174.197,403.476,433.474,174.131,191.075,-0.35394960968387923,0.015780983432084797,-0.369730593115964
44,5,2,150,170,184.55,181.424,310.499,318.958,180.647,184.55,0.16420616012378272,0.040988229070211664,0.12321793105357107
44,5,3,275,181,181.526,185.315,319.958,328.957,181.526,185.324,0.45096243450167955,0.027247842848082356,0.4237145916535972
44,5,4,530,241,185.752,193.757,329.958,341.957,185.752,193.757,0.7103906475214775,0.013602946642685836,0.6967877008787917
44,5,5,730,181,194.362,202.062,342.957,351.958,194.362,202.062,0.8475601526147611,9.180493004173838e-4,0.8466421033143438
44,5,6,945,181,202.707,210.754,352.958,361.957,202.707,210.847,0.9248691131625065,-0.011676276127608137,0.9365453892901147
44,5,7,1190,278,211.853,225.139,362.957,376.808,211.824,225.139,0.9720740064080746,-0.023837521393898328,0.9959115278019729
