Colony_ID,Run,Interval,Light_Value,N_points,O2_start,O2_end,DeltaT_min,DeltaT_max,O2_min,O2_max,Slope,Avg_Blank_Slope,Blank_Corrected_Slope
2,2,1,0,468,148.726,139.599,222.378,245.732,139.599,148.816,-0.3949855322858022,0.015780983432084797,-0.41076651571788697
2,2,2,150,195,173.211,153.445,132.043,141.749,150.763,173.485,0.3185900964258838,0.040988229070211664,0.27760186735567216
2,2,3,275,180,153.714,158.122,142.799,151.749,153.714,158.164,0.4994258487703822,0.027247842848082356,0.47217800592229986
2,2,4,530,180,158.738,164.684,152.799,161.749,158.653,164.684,0.6872457353034961,0.013602946642685836,0.6736427886608103
2,2,5,730,180,165.497,172.077,162.799,171.749,165.332,172.077,0.745486313832559,9.180493004173838e-4,0.7445682645321416
2,2,6,945,180,172.853,179.641,172.799,181.749,172.853,179.641,0.7624752698163814,-0.011676276127608137,0.7741515459439895
2,2,7,1190,387,180.272,195.035,182.799,202.099,180.272,195.035,0.7600257083788872,-0.023837521393898328,0.7838632297727854
