Colony_ID,Run,Interval,Light_Value,N_points,O2_start,O2_end,DeltaT_min,DeltaT_max,O2_min,O2_max,Slope,Avg_Blank_Slope,Blank_Corrected_Slope
206,4,1,0,596,182.156,172.406,245.22,274.976,172.355,182.156,-0.23572339394252953,0.015780983432084797,-0.25150437737461434
206,4,2,150,190,177.854,178.683,145.532,154.976,177.458,178.683,0.13889522873175078,0.040988229070211664,0.09790699966153912
206,4,3,275,200,178.768,181.345,156.025,165.976,178.623,181.37,0.2615655697764546,0.027247842848082356,0.23431772692837227
206,4,4,530,220,181.64,185.728,167.026,177.976,181.592,185.737,0.3990858550725006,0.013602946642685836,0.38548290842981475
206,4,5,730,180,186.146,190.06,179.026,187.976,186.142,190.06,0.4266419204759613,9.180493004173838e-4,0.4257238711755439
206,4,6,945,180,190.448,194.464,189.026,197.975,190.448,194.596,0.46078792515804423,-0.011676276127608137,0.47246420128565236
206,4,7,1190,292,195.058,202.175,199.026,213.576,195.058,202.23,0.49053714255287095,-0.023837521393898328,0.5143746639467692
