Colony_ID,Run,Interval,Light_Value,N_points,O2_start,O2_end,DeltaT_min,DeltaT_max,O2_min,O2_max,Slope,Avg_Blank_Slope,Blank_Corrected_Slope
236,1,1,0,530,182.734,205.781,79.242,105.685,171.594,205.781,-0.3148804554698355,0.015780983432084797,-0.3306614389019203
236,1,2,150,95,186.369,187.183,0,4.701,186.29,187.183,0.1618736619559021,0.040988229070211664,0.12088543288569045
236,1,3,275,181,187.262,190.353,5.701,14.702,187.146,190.353,0.355595871064769,0.027247842848082356,0.3283480282166866
236,1,4,530,181,190.599,195.007,15.702,24.702,190.599,195.007,0.5039952180490038,0.013602946642685836,0.49039227140631797
236,1,5,730,181,195.612,200.65,25.702,34.702,195.482,200.65,0.576864390188937,9.180493004173838e-4,0.5759463408885196
236,1,6,945,181,201.076,206.624,35.702,44.701,201.076,206.771,0.620571228624223,-0.011676276127608137,0.6322475047518311
236,1,7,1190,215,207.294,214.456,45.702,56.402,207.294,214.456,0.6559674756402155,-0.023837521393898328,0.6798049970341138
