Colony_ID,Run,Interval,Light_Value,N_points,O2_start,O2_end,DeltaT_min,DeltaT_max,O2_min,O2_max,Slope,Avg_Blank_Slope,Blank_Corrected_Slope
225,5,1,0,600,183.322,170.931,403.494,433.441,170.931,183.322,-0.37894737448175464,0.015780983432084797,-0.3947283579138394
225,5,2,150,167,175.899,176.202,310.507,318.807,175.614,176.202,0.04810888568485837,0.040988229070211664,0.007120656614646705
225,5,3,275,180,176.061,178.555,319.858,328.808,176.061,178.639,0.3145013453185153,0.027247842848082356,0.28725350247043296
225,5,4,530,240,178.987,185.358,329.858,341.807,178.987,185.406,0.5947191163175702,0.013602946642685836,0.5811161696748844
225,5,5,730,180,186.074,192.427,342.858,351.808,186.007,192.427,0.7339014974180115,9.180493004173838e-4,0.7329834481175941
225,5,6,945,180,193.431,200.115,352.858,361.808,193.164,200.115,0.7647720497477256,-0.011676276127608137,0.7764483258753337
225,5,7,1190,279,200.922,212.48,362.858,376.758,200.922,212.577,0.8408846701790142,-0.023837521393898328,0.8647221915729125
