Colony_ID,Run,Interval,Light_Value,N_points,O2_start,O2_end,DeltaT_min,DeltaT_max,O2_min,O2_max,Slope,Avg_Blank_Slope,Blank_Corrected_Slope
19,2,1,0,475,216.104,205.346,223.099,246.8,205.236,216.104,-0.4465434131441706,0.015780983432084797,-0.4623243965762554
19,2,2,150,201,227.372,215.187,132.834,142.833,214.86,227.372,0.024212185481913628,0.040988229070211664,-0.016776043588298036
19,2,3,275,181,215.179,217.295,143.833,152.834,215.076,217.379,0.2608195891325768,0.027247842848082356,0.23357174628449445
19,2,4,530,181,217.497,221.384,153.833,162.834,217.438,221.418,0.41396699827229655,0.013602946642685836,0.4003640516296107
19,2,5,730,181,221.901,226.953,163.834,172.834,221.819,226.953,0.5616903713003181,9.180493004173838e-4,0.5607723219999007
19,2,6,945,181,227.743,233.502,173.833,182.833,227.666,233.55,0.6617726128484835,-0.011676276127608137,0.6734488889760917
19,2,7,1190,382,234.318,247.124,183.834,202.884,234.144,247.204,0.6830189400102807,-0.023837521393898328,0.706856461404179
