Colony_ID,Run,Interval,Light_Value,N_points,O2_start,O2_end,DeltaT_min,DeltaT_max,O2_min,O2_max,Slope,Avg_Blank_Slope,Blank_Corrected_Slope
1,2,1,0,473,144.148,136.558,222.372,245.98,136.528,144.367,-0.3378404937185798,0.015780983432084797,-0.3536214771506646
1,2,2,150,199,143.691,144.037,132.058,141.964,143.499,144.157,0.09033387827346141,0.040988229070211664,0.04934564920324975
1,2,3,275,180,144.224,146.401,143.014,151.964,144.132,146.454,0.2832799801044757,0.027247842848082356,0.25603213725639334
1,2,4,530,180,146.719,150.454,153.014,161.963,146.719,150.454,0.4584415278431143,0.013602946642685836,0.44483858120042846
1,2,5,730,180,150.89,155.299,163.014,171.964,150.89,155.325,0.5196737176262313,9.180493004173838e-4,0.5187556683258139
1,2,6,945,180,155.943,160.694,173.014,181.963,155.816,160.775,0.5366035662299189,-0.011676276127608137,0.548279842357527
1,2,7,1190,383,161.373,171.744,183.014,202.113,161.358,171.744,0.5394872332032274,-0.023837521393898328,0.5633247545971257
