Colony_ID,Run,Interval,Light_Value,N_points,O2_start,O2_end,DeltaT_min,DeltaT_max,O2_min,O2_max,Slope,Avg_Blank_Slope,Blank_Corrected_Slope
210,3,1,0,417,161.486,148.195,93.217,114.009,148.18,161.486,-0.6430649494229114,0.015780983432084797,-0.6588459328549962
210,3,2,150,180,168.751,172.112,0.042,8.992,168.451,172.191,0.4921923100679566,0.040988229070211664,0.45120408099774495
210,3,3,275,200,172.717,180.293,10.043,19.992,172.71,180.342,0.7978644415406451,0.027247842848082356,0.7706165986925627
210,3,4,530,200,181.142,190.868,21.042,30.992,181.142,190.868,0.9578435724505489,0.013602946642685836,0.944240625807863
210,3,5,730,160,191.808,200.162,32.042,39.993,191.808,200.283,1.0669255155989823,9.180493004173838e-4,1.066007466298565
210,3,6,945,180,201.408,211.498,41.043,49.992,201.408,211.498,1.1054786105297876,-0.011676276127608137,1.1171548866573957
210,3,7,1190,251,212.616,227.917,51.042,64.043,212.616,228.043,1.1867730654913715,-0.023837521393898328,1.21061058688527
