Colony_ID,Run,Interval,Light_Value,N_points,O2_start,O2_end,DeltaT_min,DeltaT_max,O2_min,O2_max,Slope,Avg_Blank_Slope,Blank_Corrected_Slope
219,1,1,0,536,191.339,221.313,79.082,105.827,186.149,221.634,-0.14006485509402292,0.015780983432084797,-0.15584583852610773
219,1,2,150,98,192.275,192.555,0,4.844,192.085,192.555,0.0532051209523102,0.040988229070211664,0.012216891882098534
219,1,3,275,180,192.357,193.784,5.894,14.844,192.335,193.864,0.1643561674398295,0.027247842848082356,0.13710832459174715
219,1,4,530,180,193.996,195.759,15.893,24.843,193.91,195.908,0.2319652592041628,0.013602946642685836,0.21836231256147698
219,1,5,730,180,196.135,198.094,25.894,34.844,196.041,198.198,0.23678870697098667,9.180493004173838e-4,0.23587065767056928
219,1,6,945,180,198.403,200.565,35.894,44.844,198.352,200.661,0.23461844050538894,-0.011676276127608137,0.24629471663299707
219,1,7,1190,213,200.855,203.206,45.894,56.493,200.695,203.346,0.22469921776420684,-0.023837521393898328,0.24853673915810517
