Colony_ID,Run,Interval,Light_Value,N_points,O2_start,O2_end,DeltaT_min,DeltaT_max,O2_min,O2_max,Slope,Avg_Blank_Slope,Blank_Corrected_Slope
233,4,1,0,592,172.961,161.439,245.197,274.754,161.318,172.961,-0.3792693619822327,0.015780983432084797,-0.3950503454143175
233,4,2,150,185,176.7,173.087,145.542,154.737,170.412,176.7,-0.3899581597223933,0.040988229070211664,-0.43094638879260494
233,4,3,275,200,173.932,174.5,155.786,165.737,173.932,179.13,-0.2855266858199967,0.027247842848082356,-0.31277452866807903
233,4,4,530,220,174.997,182.019,166.787,177.736,174.997,182.019,0.660770732609332,0.013602946642685836,0.6471677859666461
233,4,5,730,180,182.603,189.276,178.787,187.736,182.603,189.276,0.7609678946617868,9.180493004173838e-4,0.7600498453613694
233,4,6,945,180,190.141,197.651,188.787,197.736,190.073,197.688,0.8999016183227547,-0.011676276127608137,0.9115778944503629
233,4,7,1190,297,198.513,212.343,198.786,213.586,198.513,212.343,0.9310750530017009,-0.023837521393898328,0.9549125743955992
