Colony_ID,Run,Interval,Light_Value,N_points,O2_start,O2_end,DeltaT_min,DeltaT_max,O2_min,O2_max,Slope,Avg_Blank_Slope,Blank_Corrected_Slope
221,1,1,0,538,144.029,167.223,79.105,105.964,138.807,167.674,-0.17089585635407603,0.015780983432084797,-0.18667683978616084
221,1,2,150,101,146.363,146.712,0,4.997,146.323,146.787,0.0788236661775689,0.040988229070211664,0.03783543710735724
221,1,3,275,181,146.759,148.637,5.996,14.997,146.759,148.637,0.21298983031194793,0.027247842848082356,0.18574198746386558
221,1,4,530,181,148.747,151.202,15.997,24.997,148.717,151.235,0.2813105746821574,0.013602946642685836,0.26770762803947157
221,1,5,730,181,151.407,154.24,25.997,34.997,151.407,154.271,0.28878453265919474,9.180493004173838e-4,0.28786648335877735
221,1,6,945,181,154.549,157.535,35.997,44.997,154.549,157.535,0.31290897323737715,-0.011676276127608137,0.3245852493649853
221,1,7,1190,212,157.905,161.184,45.997,56.547,157.801,161.484,0.32200283029034077,-0.023837521393898328,0.3458403516842391
