Colony_ID,Run,Interval,Light_Value,N_points,O2_start,O2_end,DeltaT_min,DeltaT_max,O2_min,O2_max,Slope,Avg_Blank_Slope,Blank_Corrected_Slope
4,3,1,0,417,187.93,163.922,93.231,114.035,163.922,187.93,-0.36376549397549834,0.015780983432084797,-0.3795464774075831
4,3,2,150,180,170.7,170.357,0.102,9.052,168.927,173.961,0.22292469150040609,0.040988229070211664,0.18193646243019443
4,3,3,275,200,170.661,174.155,10.102,20.052,170.572,174.217,0.3652938184930452,0.027247842848082356,0.33804597564496286
4,3,4,530,200,174.658,179.323,21.102,31.052,174.617,179.374,0.48633869153946746,0.013602946642685836,0.4727357448967816
4,3,5,730,160,179.859,184.11,32.102,40.052,179.859,184.11,0.5277920270633899,9.180493004173838e-4,0.5268739777629725
4,3,6,945,180,184.507,189.244,41.102,50.052,184.507,189.257,0.5272627617891688,-0.011676276127608137,0.5389390379167769
4,3,7,1190,253,189.832,196.463,51.102,64.168,189.819,196.463,0.4998440064248161,-0.023837521393898328,0.5236815278187144
