Colony_ID,Run,Interval,Light_Value,N_points,O2_start,O2_end,DeltaT_min,DeltaT_max,O2_min,O2_max,Slope,Avg_Blank_Slope,Blank_Corrected_Slope
43,5,1,0,603,187.743,170.421,403.457,433.563,170.421,187.743,-0.542790032968634,0.015780983432084797,-0.5585710164007188
43,5,2,150,175,182.114,180.774,310.478,319.18,179.399,182.114,0.1926179656463402,0.040988229070211664,0.15162973657612855
43,5,3,275,180,181.111,185.842,320.23,329.18,180.895,185.91,0.635536337209301,0.027247842848082356,0.6082884943612187
43,5,4,530,240,186.58,198.657,330.23,342.18,186.57,198.657,1.1181750063690377,0.013602946642685836,1.1045720597263518
43,5,5,730,180,199.868,212.466,343.23,352.18,199.868,212.581,1.4152565082397879,9.180493004173838e-4,1.4143384589393706
43,5,6,945,180,214.215,228.338,353.23,362.18,214.195,228.405,1.6168732307518745,-0.011676276127608137,1.6285495068794826
43,5,7,1190,273,230.11,254.418,363.23,376.83,230.11,254.418,1.7943456977951655,-0.023837521393898328,1.818183219189064
