Colony_ID,Run,Interval,Light_Value,N_points,O2_start,O2_end,DeltaT_min,DeltaT_max,O2_min,O2_max,Slope,Avg_Blank_Slope,Blank_Corrected_Slope
237,2,1,0,470,186.456,174.724,222.362,245.812,174.724,186.456,-0.521027760346139,0.015780983432084797,-0.5368087437782237
237,2,2,150,196,171.702,177.735,132.04,141.795,84.479,177.735,-24.62566416437497,0.040988229070211664,-24.666652393445183
237,2,3,275,180,183.132,192.632,142.846,151.795,183.132,192.831,0.6318707320580808,0.027247842848082356,0.6046228892099984
237,2,4,530,180,193.468,200.694,152.846,161.795,193.441,200.782,0.8621980661667066,0.013602946642685836,0.8485951195240208
237,2,5,730,180,201.71,210.584,162.845,171.795,201.686,210.584,1.1123516305996464,9.180493004173838e-4,1.111433581299229
237,2,6,945,180,211.782,221.561,172.846,181.796,211.622,221.561,1.1674864009239143,-0.011676276127608137,1.1791626770515224
237,2,7,1190,386,222.537,245.967,182.845,202.096,222.537,245.967,1.1973002987166994,-0.023837521393898328,1.2211378201105978
