Colony_ID,Run,Interval,Light_Value,N_points,O2_start,O2_end,DeltaT_min,DeltaT_max,O2_min,O2_max,Slope,Avg_Blank_Slope,Blank_Corrected_Slope
212,2,1,0,476,185.908,180.643,221.824,245.574,180.592,185.908,-0.20904074942686057,0.015780983432084797,-0.22482173285894536
212,2,2,150,191,187.192,188.153,132.099,141.591,186.868,188.22,0.12931962068263123,0.040988229070211664,0.08833139161241957
212,2,3,275,180,188.287,190.137,142.642,151.591,188.188,190.137,0.1972922292150727,0.027247842848082356,0.17004438636699035
212,2,4,530,180,190.269,192.706,152.641,161.591,190.269,192.76,0.27528585500550834,0.013602946642685836,0.2616829083628225
212,2,5,730,180,192.905,195.631,162.641,171.591,192.905,195.641,0.3047562827808312,9.180493004173838e-4,0.30383823348041383
212,2,6,945,180,195.903,198.583,172.641,181.591,195.815,198.709,0.30748075289896465,-0.011676276127608137,0.3191570290265728
212,2,7,1190,390,199.023,204.616,182.642,202.091,198.876,204.668,0.29007066866324266,-0.023837521393898328,0.313908190057141
