Colony_ID,Run,Interval,Light_Value,N_points,O2_start,O2_end,DeltaT_min,DeltaT_max,O2_min,O2_max,Slope,Avg_Blank_Slope,Blank_Corrected_Slope
3,3,1,0,414,125.597,120.258,93.229,113.88,120.258,125.597,-0.24799364735281157,0.015780983432084797,-0.2637746307848964
3,3,2,150,179,130.373,131.456,0,8.897,129.443,131.536,0.2642405313395744,0.040988229070211664,0.22325230226936277
3,3,3,275,201,131.816,136.055,9.896,19.897,131.816,136.055,0.4464596950443831,0.027247842848082356,0.41921185219630075
3,3,4,530,201,136.553,142.482,20.897,30.897,136.517,142.482,0.5907261775381432,0.013602946642685836,0.5771232308954574
3,3,5,730,161,143.12,148.155,31.896,39.896,143.075,148.155,0.6323875438358184,9.180493004173838e-4,0.631469494535401
3,3,6,945,181,148.766,154.87,40.897,49.897,148.726,154.87,0.6731131346789282,-0.011676276127608137,0.6847894108065363
3,3,7,1190,248,155.489,163.936,50.897,63.863,155.489,164.055,0.642481290324907,-0.023837521393898328,0.6663188117188052
