Colony_ID,Run,Interval,Light_Value,N_points,O2_start,O2_end,DeltaT_min,DeltaT_max,O2_min,O2_max,Slope,Avg_Blank_Slope,Blank_Corrected_Slope
214,1,1,0,529,182.786,182.068,79.251,105.654,176.652,182.788,-0.2187398861340221,0.015780983432084797,-0.2345208695661069
214,1,2,150,94,184.973,185.298,0,4.654,184.808,185.471,0.11139217310353751,0.040988229070211664,0.07040394403332584
214,1,3,275,181,185.613,188.382,5.654,14.654,185.463,188.452,0.3334414784554213,0.027247842848082356,0.306193635607339
214,1,4,530,181,188.882,193.142,15.654,24.654,188.816,193.142,0.4908175337583175,0.013602946642685836,0.47721458711563164
214,1,5,730,181,193.67,198.31,25.654,34.654,193.447,198.399,0.5636125752032128,9.180493004173838e-4,0.5626945259027955
214,1,6,945,181,198.964,203.657,35.654,44.654,198.85,203.657,0.5200562803558229,-0.011676276127608137,0.531732556483431
214,1,7,1190,216,204.145,209.256,45.654,56.404,204.127,209.401,0.4890199802160108,-0.023837521393898328,0.5128575016099091
