Colony_ID,Run,Interval,Light_Value,N_points,O2_start,O2_end,DeltaT_min,DeltaT_max,O2_min,O2_max,Slope,Avg_Blank_Slope,Blank_Corrected_Slope
blank,3,1,0,410,166.727,162.574,94.573,115.029,161.332,166.727,0.06010631728509764,0.015780983432084797,0.04432533385301284
blank,3,2,150,180,168.099,168.849,1.096,10.046,167.994,168.927,0.08611126036008371,0.040988229070211664,0.045123031289872044
blank,3,3,275,200,169.022,169.416,11.096,21.046,168.769,169.478,0.04910447438267286,0.027247842848082356,0.021856631534590505
blank,3,4,530,200,169.463,169.77,22.096,32.046,169.359,169.876,0.02522676922942798,0.013602946642685836,0.011623822586742143
blank,3,5,730,160,169.644,169.79,33.096,41.046,169.614,169.993,0.01895764603302187,9.180493004173838e-4,0.01803959673260449
blank,3,6,945,180,169.832,169.874,42.096,51.045,169.677,170.043,0.004676095766507636,-0.011676276127608137,0.016352371894115772
blank,3,7,1190,242,169.752,169.688,52.095,64.846,169.616,170.016,-0.014962066536906918,-0.023837521393898328,0.00887545485699141
