Colony_ID,Run,Interval,Light_Value,N_points,O2_start,O2_end,DeltaT_min,DeltaT_max,O2_min,O2_max,Slope,Avg_Blank_Slope,Blank_Corrected_Slope
46,3,1,0,413,156.215,148.99,93.244,113.841,148.944,156.244,-0.3677922542591293,0.015780983432084797,-0.3835732376912141
46,3,2,150,177,162.887,165.649,0,8.808,162.669,165.691,0.34162120335912594,0.040988229070211664,0.3006329742889143
46,3,3,275,200,166.059,172.777,9.858,19.808,166.059,172.777,0.7071886831347151,0.027247842848082356,0.6799408402866327
46,3,4,530,200,173.452,182.953,20.857,30.808,173.375,182.953,0.9864534772362036,0.013602946642685836,0.9728505305935178
46,3,5,730,160,183.954,193.057,31.858,39.808,183.954,193.057,1.170802112811639,9.180493004173838e-4,1.1698840635112218
46,3,6,945,180,194.135,205.406,40.858,49.808,194.123,205.521,1.2687533325158198,-0.011676276127608137,1.280429608643428
46,3,7,1190,246,206.762,223.552,50.858,63.741,206.762,223.552,1.28920090386437,-0.023837521393898328,1.3130384252582683
