Colony_ID,Run,Interval,Light_Value,N_points,O2_start,O2_end,DeltaT_min,DeltaT_max,O2_min,O2_max,Slope,Avg_Blank_Slope,Blank_Corrected_Slope
248,1,1,0,540,189.04,211.388,80.884,107.834,176.432,211.581,-0.4261212598750814,0.015780983432084797,-0.4419022433071662
248,1,2,150,116,191.348,192.131,1.083,6.833,191.255,192.252,0.1388612739119894,0.040988229070211664,0.09787304484177775
248,1,3,275,181,192.405,196.308,7.833,16.834,192.225,196.427,0.46715982086379326,0.027247842848082356,0.4399119780157109
248,1,4,530,181,196.904,203.424,17.833,26.834,196.836,203.532,0.764834535530787,0.013602946642685836,0.7512315888881012
248,1,5,730,181,204.228,212.827,27.833,36.834,204.228,212.827,0.950716510946772,9.180493004173838e-4,0.9497984616463546
248,1,6,945,181,213.874,223.469,37.833,46.833,213.786,223.469,1.097323249049155,-0.011676276127608137,1.108999525176763
248,1,7,1190,206,224.386,236.869,47.834,58.083,224.386,236.877,1.2042516270530506,-0.023837521393898328,1.228089148446949
