Colony_ID,Run,Interval,Light_Value,N_points,O2_start,O2_end,DeltaT_min,DeltaT_max,O2_min,O2_max,Slope,Avg_Blank_Slope,Blank_Corrected_Slope
26,3,1,0,418,124.619,118.022,93.266,114.115,118.022,124.651,-0.3007868456403692,0.015780983432084797,-0.316567829072454
26,3,2,150,181,126.635,127.856,0.149,9.149,126.561,127.898,0.1762119993037073,0.040988229070211664,0.13522377023349563
26,3,3,275,201,128.017,131.342,10.148,20.149,128.01,131.342,0.3598977482883927,0.027247842848082356,0.33264990544031037
26,3,4,530,201,131.652,136.639,21.149,31.149,131.652,136.639,0.5149810475422016,0.013602946642685836,0.5013781008995158
26,3,5,730,161,137.058,141.858,32.149,40.148,137.058,141.858,0.6127847179917916,9.180493004173838e-4,0.6118666686913742
26,3,6,945,181,142.413,148.184,41.148,50.149,142.413,148.184,0.6459062688210045,-0.011676276127608137,0.6575825449486127
26,3,7,1190,255,148.852,157.47,51.148,64.282,148.786,157.481,0.6847425100599016,-0.023837521393898328,0.7085800314537999
