Colony_ID,Run,Interval,Light_Value,N_points,O2_start,O2_end,DeltaT_min,DeltaT_max,O2_min,O2_max,Slope,Avg_Blank_Slope,Blank_Corrected_Slope
235,1,1,0,532,185.611,212.775,79.241,105.795,178.522,212.963,-0.29034812364145757,0.015780983432084797,-0.30612910707354235
235,1,2,150,97,189.89,190.124,0,4.796,189.75,190.173,0.06913981745864327,0.040988229070211664,0.028151588388431605
235,1,3,275,180,190.064,192.409,5.846,14.795,190.052,192.511,0.3027309427925552,0.027247842848082356,0.27548309994447284
235,1,4,530,180,192.775,196.684,15.846,24.795,192.724,196.841,0.4606996699831069,0.013602946642685836,0.44709672334042105
235,1,5,730,180,197.207,202.302,25.846,34.795,197.207,202.5,0.5398270420766156,9.180493004173838e-4,0.5389089927761982
235,1,6,945,180,203.026,209.031,35.845,44.796,203.026,209.031,0.6619365462567045,-0.011676276127608137,0.6736128223843126
235,1,7,1190,213,209.598,217.386,45.845,56.445,209.598,217.386,0.7195514998855671,-0.023837521393898328,0.7433890212794654
