Colony_ID,Run,Interval,Light_Value,N_points,O2_start,O2_end,DeltaT_min,DeltaT_max,O2_min,O2_max,Slope,Avg_Blank_Slope,Blank_Corrected_Slope
42,4,1,0,599,194.266,164.113,245.255,275.163,164.043,194.266,-0.4356685536131578,0.015780983432084797,-0.4514495370452426
42,4,2,150,194,172.699,172.282,145.53,155.18,171.793,172.699,0.024951080377732932,0.040988229070211664,-0.01603714869247873
42,4,3,275,200,172.238,174.792,156.23,166.18,172.187,174.792,0.275028842384302,0.027247842848082356,0.24778099953621963
42,4,4,530,220,174.985,180.421,167.23,178.18,174.985,180.574,0.5513895627873064,0.013602946642685836,0.5377866161446206
42,4,5,730,180,181.187,186.79,179.23,188.18,181.118,186.848,0.6539018024229255,9.180493004173838e-4,0.6529837531225081
42,4,6,945,180,187.551,194.476,189.23,198.18,187.551,194.476,0.8001447049567233,-0.011676276127608137,0.8118209810843314
42,4,7,1190,289,195.19,207.951,199.23,213.63,195.19,207.951,0.893155207805066,-0.023837521393898328,0.9169927291989642
