Colony_ID,Run,Interval,Light_Value,N_points,O2_start,O2_end,DeltaT_min,DeltaT_max,O2_min,O2_max,Slope,Avg_Blank_Slope,Blank_Corrected_Slope
239,4,1,0,591,174.237,163.276,246.541,276.046,163.238,174.237,-0.36875263935480923,0.015780983432084797,-0.384533622786894
239,4,2,150,184,173.915,174.481,146.89,156.046,172.862,174.575,0.07695738374863938,0.040988229070211664,0.03596915467842771
239,4,3,275,200,174.747,178.778,157.096,167.045,174.713,178.778,0.4302828404124554,0.027247842848082356,0.40303499756437305
239,4,4,530,220,179.263,186.071,168.095,179.046,179.212,186.071,0.6349235744901367,0.013602946642685836,0.6213206278474509
239,4,5,730,180,186.803,192.605,180.095,189.046,186.723,192.634,0.6817320477093548,9.180493004173838e-4,0.6808139984089374
239,4,6,945,180,193.387,199.797,190.096,199.046,193.377,199.797,0.7168158346027781,-0.011676276127608137,0.7284921107303862
239,4,7,1190,287,200.527,210.887,200.096,214.396,200.517,210.946,0.7271747324670779,-0.023837521393898328,0.7510122538609761
