Colony_ID,Run,Interval,Light_Value,N_points,O2_start,O2_end,DeltaT_min,DeltaT_max,O2_min,O2_max,Slope,Avg_Blank_Slope,Blank_Corrected_Slope
202,5,1,0,602,144.466,131.067,403.487,433.531,130.977,146.175,-0.389029227638752,0.015780983432084797,-0.40481021107083676
202,5,2,150,174,140.442,139.274,310.48,319.132,137.981,140.442,0.17522389832183438,0.040988229070211664,0.13423566925162272
202,5,3,275,180,139.305,142.292,320.182,329.132,139.263,142.292,0.3402721897958985,0.027247842848082356,0.31302434694781617
202,5,4,530,240,142.611,148.007,330.182,342.132,142.558,148.085,0.49983253725119337,0.013602946642685836,0.4862295906085075
202,5,5,730,180,148.606,153.987,343.182,352.132,148.606,153.987,0.6020807981582947,9.180493004173838e-4,0.6011627488578773
202,5,6,945,180,154.39,160.046,353.182,362.131,154.39,160.07,0.651117278834395,-0.011676276127608137,0.6627935549620031
202,5,7,1190,274,160.84,169.52,363.182,376.832,160.68,169.52,0.6473045588564439,-0.023837521393898328,0.6711420802503422
