Colony_ID,Run,Interval,Light_Value,N_points,O2_start,O2_end,DeltaT_min,DeltaT_max,O2_min,O2_max,Slope,Avg_Blank_Slope,Blank_Corrected_Slope
244,2,1,0,474,188.649,176.735,224.144,247.8,176.735,188.717,-0.5133160422383969,0.015780983432084797,-0.5290970256704817
244,2,2,150,201,188.118,188.989,133.841,143.834,187.957,189.103,0.07335777582512139,0.040988229070211664,0.032369546754909724
244,2,3,275,181,189.025,193.567,144.833,153.833,188.922,193.659,0.569403009294005,0.027247842848082356,0.5421551664459227
244,2,4,530,181,194.135,202.652,154.833,163.834,194.135,202.652,0.9856910996224915,0.013602946642685836,0.9720881529798057
244,2,5,730,181,203.672,215.621,164.833,173.833,203.672,215.621,1.3108510468856869,9.180493004173838e-4,1.3099329975852696
244,2,6,945,181,216.94,230.547,174.833,183.833,216.94,230.547,1.5376262079285181,-0.011676276127608137,1.5493024840561263
244,2,7,1190,383,232.074,264.114,184.833,203.934,232.074,264.114,1.6930915616562499,-0.023837521393898328,1.7169290830501482
