Colony_ID,Run,Interval,Light_Value,N_points,O2_start,O2_end,DeltaT_min,DeltaT_max,O2_min,O2_max,Slope,Avg_Blank_Slope,Blank_Corrected_Slope
243,2,1,0,466,183.519,176.365,222.407,245.654,176.262,183.519,-0.2922585060505512,0.015780983432084797,-0.308039489482636
243,2,2,150,192,182.673,183.831,132.088,141.638,182.511,183.945,0.1744690588845114,0.040988229070211664,0.13348082981429973
243,2,3,275,180,183.946,187.081,142.688,151.637,183.946,187.129,0.36382126511688284,0.027247842848082356,0.3365734222688005
243,2,4,530,180,187.507,192.177,152.688,161.638,187.239,192.177,0.5520267780795609,0.013602946642685836,0.5384238314368751
243,2,5,730,180,192.794,198.886,162.688,171.637,192.794,198.986,0.6728573474871872,9.180493004173838e-4,0.6719392981867698
243,2,6,945,180,199.604,206.366,172.688,181.638,199.604,206.366,0.7353892403513302,-0.011676276127608137,0.7470655164789384
243,2,7,1190,389,206.995,221.728,182.687,202.087,206.962,221.936,0.7697251267135237,-0.023837521393898328,0.7935626481074219
