Colony_ID,Run,Interval,Light_Value,N_points,O2_start,O2_end,DeltaT_min,DeltaT_max,O2_min,O2_max,Slope,Avg_Blank_Slope,Blank_Corrected_Slope
220,1,1,0,542,214.362,250.366,79.773,106.817,203.423,252.807,-0.40646899045836277,0.015780983432084797,-0.42224997389044755
220,1,2,150,117,218.439,219.084,0,5.8,218.357,219.239,0.11997456354153821,0.040988229070211664,0.07898633447132655
220,1,3,275,180,219.295,222.166,6.85,15.8,219.235,222.281,0.34790178054319476,0.027247842848082356,0.3206539376951124
220,1,4,530,180,222.606,227.099,16.85,25.8,222.492,227.218,0.5406097819335063,0.013602946642685836,0.5270068352908205
220,1,5,730,180,227.97,233.43,26.85,35.8,227.838,233.58,0.6337756233384862,9.180493004173838e-4,0.6328575740380689
220,1,6,945,180,234.206,239.977,36.851,45.801,234.206,240.006,0.6463909881042812,-0.011676276127608137,0.6580672642318893
220,1,7,1190,205,240.645,247.386,46.85,57.05,240.645,247.456,0.6630518349000084,-0.023837521393898328,0.6868893562939067
