Colony_ID,Run,Interval,Light_Value,N_points,O2_start,O2_end,DeltaT_min,DeltaT_max,O2_min,O2_max,Slope,Avg_Blank_Slope,Blank_Corrected_Slope
247,1,1,0,537,189.526,217.351,79.087,105.892,179.923,217.537,-0.3698887464774211,0.015780983432084797,-0.3856697299095059
247,1,2,150,99,193.185,193.703,0,4.909,193.011,193.713,0.1232415755611606,0.040988229070211664,0.08225334649094893
247,1,3,275,180,193.759,197.471,5.958,14.908,193.759,197.471,0.41793577748964805,0.027247842848082356,0.3906879346415657
247,1,4,530,180,197.896,203.447,15.959,24.908,197.894,203.485,0.645899675047104,0.013602946642685836,0.6322967284044182
247,1,5,730,180,204.225,210.466,25.959,34.908,204.051,210.604,0.7303615672238593,9.180493004173838e-4,0.7294435179234419
247,1,6,945,180,211.276,218.172,35.958,44.909,211.276,218.172,0.769590895436587,-0.011676276127608137,0.7812671715641951
247,1,7,1190,212,218.998,227.477,45.958,56.508,218.998,227.477,0.7937767318081699,-0.023837521393898328,0.8176142532020682
