Colony_ID,Run,Interval,Light_Value,N_points,O2_start,O2_end,DeltaT_min,DeltaT_max,O2_min,O2_max,Slope,Avg_Blank_Slope,Blank_Corrected_Slope
242,4,1,0,595,185.473,165.193,245.22,274.924,165.036,185.473,-0.37164466389969275,0.015780983432084797,-0.38742564733177753
242,4,2,150,188,186.081,174.984,145.572,154.924,174.71,186.081,0.06946994940145701,0.040988229070211664,0.028481720331245346
242,4,3,275,200,175.099,178.596,155.974,165.924,175.037,178.596,0.35661007957559804,0.027247842848082356,0.3293622367275157
242,4,4,530,220,178.939,186.018,166.974,177.924,178.884,186.02,0.6602978697869747,0.013602946642685836,0.6466949231442889
242,4,5,730,180,186.751,194.094,178.974,187.924,186.751,194.094,0.8066911196911254,9.180493004173838e-4,0.805773070390708
242,4,6,945,180,194.808,203.15,188.974,197.924,194.808,203.209,0.9463216363957004,-0.011676276127608137,0.9579979125233086
242,4,7,1190,294,204.17,219.371,198.974,213.624,204.17,219.458,1.0503931051659692,-0.023837521393898328,1.0742306265598676
