Colony_ID,Run,Interval,Light_Value,N_points,O2_start,O2_end,DeltaT_min,DeltaT_max,O2_min,O2_max,Slope,Avg_Blank_Slope,Blank_Corrected_Slope
211,2,1,0,467,184.517,181.419,222.384,245.685,181.345,184.645,-0.13207695326543614,0.015780983432084797,-0.14785793669752095
211,2,2,150,194,182.976,184.431,132.051,141.702,182.954,184.603,0.16193572167146617,0.040988229070211664,0.12094749260125451
211,2,3,275,181,184.818,187.028,142.702,151.702,184.665,187.028,0.2535214839795433,0.027247842848082356,0.22627364113146098
211,2,4,530,181,187.391,190.429,152.702,161.702,187.156,190.429,0.3612266663871954,0.013602946642685836,0.34762371974450956
211,2,5,730,181,190.768,194.387,162.702,171.702,190.756,194.414,0.40428561492432274,9.180493004173838e-4,0.40336756562390536
211,2,6,945,181,194.865,198.379,172.702,181.701,194.734,198.379,0.4061125601654144,-0.011676276127608137,0.41778883629302255
211,2,7,1190,389,198.712,205.949,182.702,202.102,198.712,205.949,0.3648364014400039,-0.023837521393898328,0.38867392283390223
