Colony_ID,Run,Interval,Light_Value,N_points,O2_start,O2_end,DeltaT_min,DeltaT_max,O2_min,O2_max,Slope,Avg_Blank_Slope,Blank_Corrected_Slope
234,4,1,0,594,139.415,128.17,245.207,274.863,128.149,139.436,-0.400596682971079,0.015780983432084797,-0.41637766640316376
234,4,2,150,188,136.718,137.835,145.554,154.897,135.947,137.93,0.2520511745884145,0.040988229070211664,0.21106294551820282
234,4,3,275,201,138.136,143.551,155.896,165.897,138.05,143.555,0.6037427381295489,0.027247842848082356,0.5764948952814666
234,4,4,530,221,144.23,154.655,166.897,177.897,144.23,154.655,1.008158530723606,0.013602946642685836,0.9945555840809203
234,4,5,730,181,155.648,166.467,178.896,187.896,155.648,166.467,1.2292443099995332,9.180493004173838e-4,1.2283262606991159
234,4,6,945,181,167.745,179.817,188.896,197.897,167.745,179.817,1.367059788996065,-0.011676276127608137,1.378736065123673
234,4,7,1190,295,181.139,202.036,198.897,213.597,181.139,202.036,1.423662985605451,-0.023837521393898328,1.4475005069993494
