Colony_ID,Run,Interval,Light_Value,N_points,O2_start,O2_end,DeltaT_min,DeltaT_max,O2_min,O2_max,Slope,Avg_Blank_Slope,Blank_Corrected_Slope
213,1,1,0,531,149.968,171.712,79.244,105.749,145.536,171.712,-0.1757411567047308,0.015780983432084797,-0.19152214013681562
213,1,2,150,96,152.244,152.682,0,4.749,152.195,152.789,0.09136975524475506,0.040988229070211664,0.050381526174543396
213,1,3,275,180,152.699,154.79,5.799,14.749,152.699,154.962,0.24717360934591026,0.027247842848082356,0.2199257664978279
213,1,4,530,180,155.052,158.185,15.799,24.749,155.052,158.247,0.34558774188091385,0.013602946642685836,0.331984795238228
213,1,5,730,180,158.591,161.758,25.799,34.749,158.535,161.959,0.3656356865301775,9.180493004173838e-4,0.3647176372297601
213,1,6,945,180,162.198,165.425,35.799,44.749,162.03,165.473,0.3752569710198582,-0.011676276127608137,0.38693324714746635
213,1,7,1190,214,165.899,169.832,45.799,56.449,165.774,169.832,0.3647783003357754,-0.023837521393898328,0.38861582172967374
