Colony_ID,Run,Interval,Light_Value,N_points,O2_start,O2_end,DeltaT_min,DeltaT_max,O2_min,O2_max,Slope,Avg_Blank_Slope,Blank_Corrected_Slope
41,5,1,0,602,193.661,174.67,403.466,433.519,174.662,193.661,-0.5041908663001589,0.015780983432084797,-0.5199718497322436
41,5,2,150,172,184.511,184.24,310.508,319.052,183.691,184.511,0.07014485448544573,0.040988229070211664,0.029156625415234068
41,5,3,275,180,184.325,187.269,320.102,329.052,184.28,187.269,0.37132032975443147,0.027247842848082356,0.3440724869063491
41,5,4,530,240,187.706,194.58,330.102,342.052,187.639,194.709,0.6222344998622236,0.013602946642685836,0.6086315532195378
41,5,5,730,180,195.301,200.99,343.102,352.052,195.301,200.99,0.6195770849066788,9.180493004173838e-4,0.6186590356062615
41,5,6,945,180,201.616,206.703,353.102,362.052,201.587,206.785,0.5919899065471427,-0.011676276127608137,0.6036661826747508
41,5,7,1190,275,207.407,215.073,363.102,376.802,207.313,215.174,0.5671785899718742,-0.023837521393898328,0.5910161113657725
