Colony_ID,Run,Interval,Light_Value,N_points,O2_start,O2_end,DeltaT_min,DeltaT_max,O2_min,O2_max,Slope,Avg_Blank_Slope,Blank_Corrected_Slope
205,4,1,0,593,172.974,163.331,245.202,274.808,163.241,173.121,-0.2888333904224344,0.015780983432084797,-0.30461437385451917
205,4,2,150,186,172.834,170.01,145.562,154.808,168.763,172.834,0.20682022103408543,0.040988229070211664,0.16583199196387377
205,4,3,275,200,170.259,173.54,155.858,165.808,170.167,173.55,0.16846905053943556,0.027247842848082356,0.1412212076913532
205,4,4,530,220,174.061,179.553,166.858,177.807,173.999,179.618,0.5158302063272991,0.013602946642685836,0.5022272596846133
205,4,5,730,180,180.113,185.173,178.858,187.808,180.113,185.302,0.5743612350386311,9.180493004173838e-4,0.5734431857382137
205,4,6,945,180,185.942,191.512,188.858,197.807,185.928,191.512,0.6149362079076003,-0.011676276127608137,0.6266124840352084
205,4,7,1190,296,191.913,200.838,198.858,213.607,191.913,200.843,0.6060730284304148,-0.023837521393898328,0.629910549824313
