Colony_ID,Run,Interval,Light_Value,N_points,O2_start,O2_end,DeltaT_min,DeltaT_max,O2_min,O2_max,Slope,Avg_Blank_Slope,Blank_Corrected_Slope
45,5,1,0,601,147.564,137.987,403.473,433.48,137.987,147.564,-0.3162042073519901,0.015780983432084797,-0.3319851907840749
45,5,2,150,169,143.506,144.564,310.489,318.897,143.502,144.594,0.12686248226992441,0.040988229070211664,0.08587425319971276
45,5,3,275,181,144.621,147.22,319.897,328.897,144.611,147.232,0.320035200982406,0.027247842848082356,0.29278735813432366
45,5,4,530,241,147.517,153.581,329.897,341.897,147.517,153.65,0.5423951762604888,0.013602946642685836,0.528792229617803
45,5,5,730,181,154.233,160.221,342.897,351.897,154.233,160.305,0.6690636480040602,9.180493004173838e-4,0.6681455987036428
45,5,6,945,181,160.947,167.522,352.897,361.897,160.947,167.609,0.7418452430702396,-0.011676276127608137,0.7535215191978477
45,5,7,1190,278,168.263,179.443,362.897,376.747,168.263,179.449,0.8087170853106732,-0.023837521393898328,0.8325546067045715
