Colony_ID,Run,Interval,Light_Value,N_points,O2_start,O2_end,DeltaT_min,DeltaT_max,O2_min,O2_max,Slope,Avg_Blank_Slope,Blank_Corrected_Slope
204,5,1,0,601,188.495,173.819,Inf,-Inf,173.819,188.495,-0.4835463929557067,0.0402209445354651,-0.5237673374911718
204,5,2,150,171,184.215,182.611,Inf,-Inf,181.455,184.215,0.18458939766234783,0.06579722969958851,0.11879216796275932
204,5,3,275,180,182.975,187.255,Inf,-Inf,182.795,187.369,0.5654766295951993,0.04377153773818181,0.5217050918570175
204,5,4,530,240,187.971,198.517,Inf,-Inf,187.969,198.517,0.9601252482497658,0.025533599941951663,0.934591648307814
204,5,5,730,180,199.644,210.246,Inf,-Inf,199.519,210.246,1.180135878078558,0.013452303879710048,1.166683574198848
204,5,6,945,180,211.348,223.128,Inf,-Inf,211.348,223.128,1.3486924643157503,-9.591106701895952e-4,1.34965157498594
204,5,7,1190,276,224.604,244.51,Inf,-Inf,224.582,244.588,1.467633563420848,-0.017633907258711775,1.4852674706795597
