Colony_ID,Run,Interval,Light_Value,N_points,O2_start,O2_end,DeltaT_min,DeltaT_max,O2_min,O2_max,Slope,Avg_Blank_Slope,Blank_Corrected_Slope
203,5,1,0,603,212.806,196.807,402.88,432.978,196.715,212.806,-0.5343310016780765,0.015780983432084797,-0.5501119851101612
203,5,2,150,177,208.864,208.965,309.886,318.679,207.344,208.975,0.25830392712485967,0.040988229070211664,0.217315698054648
203,5,3,275,181,209.151,213.581,319.679,328.678,209.151,213.655,0.5241718598962016,0.027247842848082356,0.4969240170481193
203,5,4,530,241,214.071,223.505,329.679,341.679,214.071,223.505,0.8381750154995794,0.013602946642685836,0.8245720688568936
203,5,5,730,181,224.6,233.078,342.678,351.679,224.335,233.098,0.959697449801566,9.180493004173838e-4,0.9587794005011486
203,5,6,945,181,234.064,243.147,352.679,361.678,234.064,243.147,1.0188923308288123,-0.011676276127608137,1.0305686069564204
203,5,7,1190,273,244.277,258.332,362.678,376.278,244.121,258.358,1.0499369843361326,-0.023837521393898328,1.073774505730031
