Colony_ID,Run,Interval,Light_Value,N_points,O2_start,O2_end,DeltaT_min,DeltaT_max,O2_min,O2_max,Slope,Avg_Blank_Slope,Blank_Corrected_Slope
20,2,1,0,471,188.982,177.151,222.348,245.844,177.151,188.982,-0.4941757737348345,0.015780983432084797,-0.50995675716691935
20,2,2,150,197,189.406,193.484,132.029,141.827,189.288,193.484,0.43768310336533195,0.040988229070211664,0.3966948742951203
20,2,3,275,180,193.99,201.099,142.877,151.827,193.99,201.099,0.7970831814536664,0.027247842848082356,0.7698353386055841
20,2,4,530,180,201.917,210.642,152.877,161.827,201.917,210.899,1.0401493777814739,0.013602946642685836,1.026546431138788
20,2,5,730,180,211.994,221.708,162.877,171.827,211.994,221.708,1.1085127970578899,9.180493004173838e-4,1.1075947477574726
20,2,6,945,180,223.09,232.86,172.877,181.827,222.814,232.9,1.1348450468407383,-0.011676276127608137,1.1465213229683464
20,2,7,1190,385,234.254,256.89,182.877,202.077,234.129,256.89,1.1737833610689026,-0.023837521393898328,1.197620882462801
