Colony_ID,Run,Interval,Light_Value,N_points,O2_start,O2_end,DeltaT_min,DeltaT_max,O2_min,O2_max,Slope,Avg_Blank_Slope,Blank_Corrected_Slope
241,4,1,0,601,221.98,188.3,244.678,274.678,188.3,221.98,-0.47129363405801594,0.015780983432084797,-0.4870746174901007
241,4,2,150,195,198.466,197.801,144.971,154.678,197.352,198.466,0.047058528856612006,0.040988229070211664,0.006070299786400342
241,4,3,275,201,197.887,201.4,155.678,165.678,197.828,201.407,0.40068488488073656,0.027247842848082356,0.3734370420326542
241,4,4,530,221,201.766,208.728,166.678,177.679,201.76,208.75,0.6771849971921744,0.013602946642685836,0.6635820505494886
241,4,5,730,181,209.485,216.958,178.678,187.678,209.468,216.958,0.8598315366382728,9.180493004173838e-4,0.8589134873378554
241,4,6,945,181,217.634,226.805,188.678,197.679,217.634,226.805,1.0333505363424869,-0.011676276127608137,1.045026812470095
241,4,7,1190,288,227.803,244.023,198.679,213.028,227.743,244.141,1.1495602845857475,-0.023837521393898328,1.173397805979646
