Colony_ID,Run,Interval,Light_Value,N_points,O2_start,O2_end,DeltaT_min,DeltaT_max,O2_min,O2_max,Slope,Avg_Blank_Slope,Blank_Corrected_Slope
240,4,1,0,597,197.439,168.303,245.228,275.035,168.189,197.439,-0.5860683033160005,0.015780983432084797,-0.6018492867480852
240,4,2,150,191,177.126,176.799,145.543,155.035,176.036,177.126,0.09854888084989921,0.040988229070211664,0.05756065177968755
240,4,3,275,200,176.858,182.194,156.085,166.036,176.85,182.194,0.580873530689451,0.027247842848082356,0.5536256878413687
240,4,4,530,220,182.74,193.645,167.085,178.035,182.74,193.703,1.093614803360367,0.013602946642685836,1.080011856717681
240,4,5,730,180,194.946,206.342,179.085,188.035,194.946,206.348,1.2985898280922747,9.180493004173838e-4,1.2976717787918575
240,4,6,945,180,207.843,221.645,189.085,198.035,207.843,221.684,1.6036539477582645,-0.011676276127608137,1.6153302238858727
240,4,7,1190,291,223.389,247.021,199.086,213.586,223.389,247.021,1.6465041990081781,-0.023837521393898328,1.6703417204020765
