Colony_ID,Run,Interval,Light_Value,N_points,O2_start,O2_end,DeltaT_min,DeltaT_max,O2_min,O2_max,Slope,Avg_Blank_Slope,Blank_Corrected_Slope
238,2,1,0,472,191.759,180.358,222.354,245.908,180.358,193.027,-0.4283969347550812,0.015780983432084797,-0.444177918187166
238,2,2,150,198,189.888,191.433,132.044,141.892,189.781,191.608,0.1701409376071149,0.040988229070211664,0.12915270853690325
238,2,3,275,180,191.616,195.315,142.942,151.892,191.616,195.401,0.4428948534598082,0.027247842848082356,0.4156470106117259
238,2,4,530,180,195.975,201.925,152.942,161.892,195.819,201.925,0.6975203739392604,0.013602946642685836,0.6839174272965746
238,2,5,730,180,202.64,210.221,162.941,171.892,202.64,210.221,0.8422332780817281,9.180493004173838e-4,0.8413152287813107
238,2,6,945,180,211.038,219.253,172.942,181.892,211.038,219.253,0.9094619953069633,-0.011676276127608137,0.9211382714345714
238,2,7,1190,384,220.059,238.012,182.942,202.092,220.059,238.077,0.9449982371943135,-0.023837521393898328,0.9688357585882118
