Colony_ID,Run,Interval,Light_Value,N_points,O2_start,O2_end,DeltaT_min,DeltaT_max,O2_min,O2_max,Slope,Avg_Blank_Slope,Blank_Corrected_Slope
226,3,1,0,420,185.554,175.604,92.708,113.662,175.604,185.634,-0.4704054084150833,0.015780983432084797,-0.4861863918471681
226,3,2,150,174,189.907,191.076,0,8.645,189.432,191.076,0.17845968897861653,0.040988229070211664,0.13747145990840487
226,3,3,275,200,191.299,196.276,9.695,19.645,191.168,196.335,0.5504294008052097,0.027247842848082356,0.5231815579571274
226,3,4,530,200,196.815,205.64,20.695,30.645,196.815,205.64,0.9202712463401723,0.013602946642685836,0.9066682996974865
226,3,5,730,160,206.567,215.148,31.695,39.645,206.567,215.148,1.1067337138544138,9.180493004173838e-4,1.1058156645539965
226,3,6,945,180,216.216,227.218,40.695,49.645,216.216,227.218,1.215872305185269,-0.011676276127608137,1.227548581312877
226,3,7,1190,259,228.358,245.895,50.695,63.945,228.358,245.933,1.3679471103609033,-0.023837521393898328,1.3917846317548017
