Colony_ID,Run,Interval,Light_Value,N_points,O2_start,O2_end,DeltaT_min,DeltaT_max,O2_min,O2_max,Slope
44,4,1,0,300,87.41570333333334,73.89570333333333,412.117,427.067,73.89570333333333,88.08370333333335,-0.9774734905349225
44,4,2,220,305,11.912572815533963,10.778572815533977,333.859,349.067,10.60457281553397,11.912572815533963,-0.040550854113031755
44,4,3,445,200,11.76216500000001,14.664164999999997,350.117,360.067,11.58516499999999,14.870164999999986,0.3132906221657908
44,4,4,707,200,15.967640000000017,24.334640000000007,361.117,371.067,15.922640000000001,24.334640000000007,0.8386020928465701
44,4,5,1013,220,26.180199999999985,38.88119999999998,372.117,383.067,26.017200000000003,39.01519999999999,1.1988405833490263
44,4,6,1284,200,41.67658,56.08958000000001,384.117,394.067,41.22658000000001,56.10658000000001,1.4582780410143736
44,4,7,1570,320,58.797500000000014,85.6405,395.117,411.067,58.797500000000014,85.6515,1.7070660423621555
