Colony_ID,Run,Interval,Light_Value,N_points,O2_start,O2_end,DeltaT_min,DeltaT_max,O2_min,O2_max,Slope
238,1,1,0,317,58.835378205128194,44.83437820512819,79.521,95.322,44.7883782051282,59.21337820512821,-1.012417988113134
238,1,2,220,280,3.759904929577459,2.581904929577462,1.522,15.471,2.43090492957748,3.759904929577459,-0.065971992824712
238,1,3,445,200,1.4970099999999888,4.459009999999978,17.521,27.471,1.4770099999999786,4.528009999999995,0.3237562214917382
238,1,4,707,220,5.472949999999997,12.607949999999988,28.521,39.471,5.368949999999984,12.646950000000004,0.7193458854756329
238,1,5,1013,200,14.028545000000008,23.41754499999999,40.521,50.471,13.999544999999983,23.511544999999984,0.9981603889789289
238,1,6,1284,200,25.143020000000007,35.956019999999995,51.521,61.471,25.143020000000007,35.956019999999995,1.13870673313166
238,1,7,1570,320,38.06186249999999,57.3678625,62.521,78.471,37.84586249999998,57.3678625,1.2241484311092776
