Colony_ID,Run,Interval,Light_Value,N_points,O2_start,O2_end,DeltaT_min,DeltaT_max,O2_min,O2_max,Slope
240,3,1,0,300,140.43146511627904,115.08546511627904,303.117,318.067,114.92646511627905,141.07746511627906,-1.9817361956010504
240,3,2,220,324,-9.719492211838002,-5.693492211837992,224.908,241.067,-10.811492211837987,-5.539492211837995,0.4296820893931154
240,3,3,445,200,-4.566940298507461,7.039059701492533,242.116,252.067,-4.566940298507461,7.039059701492533,1.2129611901023463
240,3,4,707,220,8.929904977375571,31.015904977375584,253.117,264.067,8.929904977375571,31.015904977375584,2.1614709722732517
240,3,5,1013,200,34.21198507462688,58.96998507462689,265.117,275.067,34.04298507462687,59.13598507462689,2.5382800138243944
240,3,6,1284,200,62.30734825870647,88.82534825870644,276.117,286.067,62.16734825870648,89.01734825870645,2.714026594293055
240,3,7,1570,300,92.68148172757478,136.0704817275748,287.116,302.067,92.68148172757478,136.23948172757477,2.942101495679006
