Colony_ID,Run,Interval,Light_Value,N_points,O2_start,O2_end,DeltaT_min,DeltaT_max,O2_min,O2_max,Slope
233,3,1,0,300,20.136465116279055,11.130465116279055,303.117,318.067,10.898465116279056,20.821465116279057,-0.6869751771266215
233,3,2,220,322,-41.481492211838,-40.41949221183799,225.018,241.067,-42.007492211837985,-40.22849221183799,0.10144156488921718
233,3,3,445,200,-39.84294029850747,-35.40594029850746,242.117,252.067,-39.84294029850747,-35.31694029850746,0.45610357515787503
233,3,4,707,220,-34.206095022624424,-24.86409502262444,253.117,264.067,-34.206095022624424,-24.86409502262444,0.891417121944497
233,3,5,1013,200,-23.311014925373115,-13.146014925373123,265.117,275.067,-23.311014925373115,-13.091014925373116,0.9772332459370898
233,3,6,1284,200,-11.869651741293552,-1.0926517412935368,276.117,286.067,-11.869651741293552,-0.808651741293545,1.0766041097410153
233,3,7,1570,300,0.7764817275747475,17.738481727574765,287.117,302.067,0.7764817275747475,17.825481727574754,1.1346916811584826
