Colony_ID,Run,Interval,Light_Value,N_points,O2_start,O2_end,DeltaT_min,DeltaT_max,O2_min,O2_max,Slope
26,3,1,0,300,18.44946511627907,4.5474651162790565,303.121,318.071,4.5474651162790565,19.442465116279067,-1.1682027373265917
26,3,2,220,326,-57.16349221183799,-57.38149221183801,224.819,241.071,-58.41349221183799,-57.16349221183799,0.03181486314445422
26,3,3,445,200,-56.84794029850747,-52.02694029850747,242.121,252.072,-57.00594029850748,-52.02694029850747,0.4955947581774311
26,3,4,707,220,-50.67009502262442,-38.506095022624436,253.121,264.071,-50.85609502262443,-38.506095022624436,1.2267855042812104
26,3,5,1013,200,-36.37301492537313,-22.809014925373134,265.122,275.071,-36.60201492537311,-22.809014925373134,1.4296852941121803
26,3,6,1284,200,-21.228651741293532,-7.8066517412935355,276.121,286.071,-21.228651741293532,-7.8066517412935355,1.2745662819388963
26,3,7,1570,300,-6.133518272425249,15.189481727574758,287.121,302.071,-6.133518272425249,15.287481727574772,1.482545950978832
