Colony_ID,Run,Interval,Light_Value,N_points,O2_start,O2_end,DeltaT_min,DeltaT_max,O2_min,O2_max,Slope
41,2,1,0,300,113.01220666666669,95.0622066666667,195.488,210.439,95.0622066666667,113.82820666666666,-1.442538443191782
41,2,2,220,311,-0.19006645569621128,1.8559335443038094,118.935,134.438,-0.6580664556962006,1.8779335443038008,0.19193605879665276
41,2,3,445,200,3.3225750000000005,11.834575000000001,135.488,145.439,3.3085749999999905,11.834575000000001,0.9036591525814935
41,2,4,707,200,13.745465000000024,28.441465000000022,146.488,156.438,13.739465000000024,28.441465000000022,1.5686970704211256
41,2,5,1013,200,31.08596,49.211960000000005,157.489,167.438,31.08596,49.211960000000005,1.8730243634838473
41,2,6,1284,200,52.57029499999999,72.89329499999997,168.488,178.438,52.57029499999999,72.89329499999997,2.039514704267024
41,2,7,1570,300,76.83687,108.52687,179.488,194.438,76.83687,108.55887000000004,2.182232712414067
