Colony_ID,Run,Interval,Light_Value,N_points,O2_start,O2_end,DeltaT_min,DeltaT_max,O2_min,O2_max,Slope
blank,3,1,0,301,0.3944651162790649,-0.32653488372093875,301.455,316.455,-0.5095348837209315,0.6484651162790556,-0.05498595592744363
blank,3,2,220,321,0.6425077881619927,-0.26749221183800387,223.453,239.455,-0.43549221183801023,0.6425077881619927,-0.036157285237042557
blank,3,3,445,201,0.31305970149253426,-0.21894029850747643,240.455,250.455,-0.3689402985074821,0.4010597014925281,-0.05023242995843403
blank,3,4,707,221,0.3499049773755587,-0.4140950226244229,251.455,262.455,-0.5280950226244272,0.48790497737556393,-0.07547216990234999
blank,3,5,1013,201,0.4019850746268787,-0.34901492537312606,263.455,273.455,-0.42601492537312424,0.44198507462687076,-0.06741993270713746
blank,3,6,1284,201,0.09234825870646546,-0.20165174129354568,274.455,284.454,-0.4716517412935275,0.2983482587064543,-0.05744475986003869
blank,3,7,1570,301,0.505481727574761,-0.4965182724252486,285.455,300.455,-0.6855182724252415,0.5074817275747705,-0.043558403333535826
