Colony_ID,Run,Interval,Light_Value,N_points,O2_start,O2_end,DeltaT_min,DeltaT_max,O2_min,O2_max,Slope
blank,5,1,0,301,0.4639102990033166,-0.44708970099668477,521.1,536.1,-0.5680897009966941,0.6019102990033218,-0.047417926327369346
blank,5,2,220,284,0.6161936619718347,-0.6678063380281571,443.946,458.1,-0.8828063380281606,0.8941936619718263,-0.10810165417705886
blank,5,3,445,201,0.4306069651741211,-0.6833930348258832,459.1,469.1,-0.7293930348258755,0.8736069651741332,-0.12463857936358037
blank,5,4,707,201,0.6495373134328304,-0.4524626865671735,470.1,480.1,-0.8874626865671758,0.9465373134328274,-0.14499705633631552
blank,5,5,1013,221,0.951923076923066,-0.6710769230769245,481.1,492.101,-1.0000769230769322,0.951923076923066,-0.1310726109154079
blank,5,6,1284,201,0.5256169154228871,-0.8913830845771145,493.1,503.1,-0.8913830845771145,0.8056169154228883,-0.12034783148711692
blank,5,7,1570,321,0.7367445482865946,-0.6842554517133976,504.1,520.101,-0.9562554517134174,0.9717445482865799,-0.0925694298474241
