Colony_ID,Run,Interval,Light_Value,N_points,O2_start,O2_end,DeltaT_min,DeltaT_max,O2_min,O2_max,Slope
27,1,1,0,311,127.12437820512818,102.32737820512821,81.104,96.604,101.53337820512817,128.1113782051282,-1.8594140277038522
27,1,2,220,286,-53.37709507042254,-46.19209507042254,2.849,17.105,-53.46809507042252,-46.108095070422536,0.5440812571724751
27,1,3,445,201,-46.128990000000016,-32.57199,19.104,29.105,-46.128990000000016,-32.57199,1.380535020549184
27,1,4,707,221,-30.81405000000001,-7.702050000000014,30.104,41.105,-30.81405000000001,-7.702050000000014,2.1968681040530464
27,1,5,1013,201,-4.333455000000015,24.312545,42.104,52.105,-4.381455000000017,24.312545,2.9600288688256757
27,1,6,1284,201,27.917020000000008,59.99902,53.104,63.105,27.917020000000008,59.99902,3.4949637449830195
27,1,7,1570,321,63.586862499999995,123.46486249999998,64.104,80.105,63.586862499999995,123.50786249999999,3.886543523501764
