Colony_ID,Run,Interval,Light_Value,N_points,O2_start,O2_end,DeltaT_min,DeltaT_max,O2_min,O2_max,Slope
42,4,1,0,300,250.14170333333337,223.57870333333332,412.117,427.067,223.34370333333337,250.98270333333332,-2.095361119027976
42,4,2,220,304,49.972572815533965,58.35457281553397,333.918,349.067,49.68457281553398,58.48757281553398,0.7076144670842622
42,4,3,445,200,59.94316499999999,74.62616499999999,350.117,360.067,59.94316499999999,74.62616499999999,1.5388166584744667
42,4,4,707,200,77.41664,100.09264000000002,361.117,371.067,77.29264,100.23564000000002,2.3495718516618656
42,4,5,1013,220,103.99519999999998,135.9672,372.117,383.067,103.99519999999998,136.09819999999996,2.8601112377154188
42,4,6,1284,200,140.49058000000002,176.44958000000003,384.117,394.067,140.49058000000002,176.44958000000003,3.6276605453505537
42,4,7,1570,320,181.30650000000003,246.1585,395.117,411.067,181.30650000000003,246.1585,4.201757753853535
