Colony_ID,Run,Interval,Light_Value,N_points,O2_start,O2_end,DeltaT_min,DeltaT_max,O2_min,O2_max,Slope
236,2,1,0,301,54.29620666666668,33.61420666666669,197.105,212.105,33.57520666666667,55.68720666666667,-1.7256210709563964
236,2,2,220,317,-52.97606645569621,-56.133066455696195,120.3,136.105,-56.2230664556962,-52.97606645569621,-0.1403932787590228
236,2,3,445,201,-54.948425000000015,-50.922425000000004,137.104,147.104,-55.26242500000001,-50.922425000000004,0.4566750695209174
236,2,4,707,201,-49.413534999999996,-37.83253499999998,148.105,158.105,-49.46953499999998,-37.83253499999998,1.1983617959623654
236,2,5,1013,201,-35.290040000000005,-17.917040000000014,159.104,169.105,-35.290040000000005,-17.63203999999999,1.8145652698160677
236,2,6,1284,201,-14.512705000000011,8.018294999999995,170.104,180.104,-14.512705000000011,8.018294999999995,2.2996124709928587
236,2,7,1570,301,12.342870000000005,48.999870000000016,181.105,196.104,12.342870000000005,48.999870000000016,2.5555680515456394
