Colony_ID,Run,Interval,Light_Value,N_points,O2_start,O2_end,DeltaT_min,DeltaT_max,O2_min,O2_max,Slope
247,1,1,0,310,86.28737820512819,71.03537820512818,81.1,96.55,70.91837820512822,86.7723782051282,-1.1251672369256558
247,1,2,220,287,-15.997095070422517,-13.43209507042252,2.745,17.05,-16.24409507042253,-13.381095070422532,0.20887930060943566
247,1,3,445,200,-13.864990000000006,-4.445989999999995,19.1,29.05,-13.94699,-4.445989999999995,0.6372078310039476
247,1,4,707,220,-3.3620500000000106,8.606950000000012,30.1,41.05,-3.3620500000000106,8.68195,1.1836752241252253
247,1,5,1013,200,10.640545000000003,26.355545000000006,42.1,52.05,10.640545000000003,26.355545000000006,1.578544284684343
247,1,6,1284,200,28.767020000000002,46.52402000000001,53.1,63.05,28.537020000000012,46.692020000000014,1.9046378908447872
247,1,7,1570,320,49.48786249999998,83.5218625,64.1,80.05,49.48786249999998,83.5218625,2.2018750450152855
