Colony_ID,Run,Interval,Light_Value,N_points,O2_start,O2_end,DeltaT_min,DeltaT_max,O2_min,O2_max,Slope
225,3,1,0,301,53.279465116279056,44.94346511627907,303.083,318.083,44.94346511627907,53.96746511627907,-0.7193687467272024
225,3,2,220,328,-17.396492211837995,-16.15749221183799,224.728,241.084,-18.575492211837997,-16.15749221183799,0.1801258764231527
225,3,3,445,201,-15.303940298507456,-9.529940298507455,242.083,252.084,-15.369940298507458,-9.529940298507455,0.5750498717385417
225,3,4,707,221,-8.294095022624418,3.579904977375577,253.084,264.084,-8.294095022624418,3.579904977375577,1.1940885962463683
225,3,5,1013,201,5.6789850746268655,17.772985074626888,265.083,275.083,5.626985074626873,17.772985074626888,1.2525638406871449
225,3,6,1284,201,19.021348258706468,30.85334825870646,276.083,286.083,19.021348258706468,30.93634825870646,1.1806675557140742
225,3,7,1570,301,32.78048172757477,50.75848172757475,287.083,302.083,32.78048172757477,50.90148172757475,1.2030576811531397
