Colony_ID,Run,Interval,Light_Value,N_points,O2_start,O2_end,DeltaT_min,DeltaT_max,O2_min,O2_max,Slope
248,4,1,0,300,218.19770333333335,194.08570333333333,412.117,427.067,193.85670333333334,219.09170333333336,-1.9143077624972422
248,4,2,220,307,46.81657281553396,48.649572815533986,333.766,349.067,45.857572815533985,48.740572815533966,0.24985455298635817
248,4,3,445,200,49.862165000000005,60.24616499999999,350.116,360.067,49.862165000000005,60.24616499999999,1.1177118482804425
248,4,4,707,200,62.38664,81.81664,361.117,371.067,62.30764000000002,81.81664,2.05765936122788
248,4,5,1013,220,85.22619999999998,114.61219999999997,372.117,383.067,84.9572,114.61219999999997,2.7217883218296763
248,4,6,1284,200,118.50957999999997,151.15357999999998,384.117,394.066,118.45157999999998,151.24058000000002,3.3225543293494617
248,4,7,1570,320,155.75150000000002,215.5865,395.116,411.067,155.75150000000002,215.5865,3.775196431816466
