Colony_ID,Run,Interval,Light_Value,N_points,O2_start,O2_end,DeltaT_min,DeltaT_max,O2_min,O2_max,Slope
221,4,1,0,300,132.91470333333334,118.87070333333335,410.471,425.421,118.87070333333335,133.5527033333333,-1.174645363527429
221,4,2,220,303,48.212572815533974,47.625572815533985,332.316,347.421,46.96557281553396,48.212572815533974,0.048990479922953425
221,4,3,445,200,48.82716500000001,54.79216500000001,348.472,358.421,48.75616500000001,54.85716500000001,0.6984019032440213
221,4,4,707,200,56.37064000000001,68.35764,359.471,369.422,56.34264000000002,68.37564,1.273419765784761
221,4,5,1013,220,70.87619999999998,86.20519999999999,370.472,381.422,70.87619999999998,86.2892,1.4601240656498171
221,4,6,1284,200,88.63757999999999,104.31958,382.471,392.422,88.63757999999999,104.31958,1.5521446165809827
221,4,7,1570,320,107.01650000000001,131.6365,393.472,409.421,107.0145,131.74849999999998,1.5534834344809234
