Colony_ID,Run,Interval,Light_Value,N_points,O2_start,O2_end,DeltaT_min,DeltaT_max,O2_min,O2_max,Slope
12,3,1,0,300,41.80246511627905,35.626465116279064,303.1,318.05,35.40346511627905,42.09046511627906,-0.5568153092690018
12,3,2,220,325,-8.4674922118379925,-6.704492211837987,224.847,241.05,-9.196492211838006,-6.618492211838003,0.1965880495304583
12,3,3,445,200,-5.92794029850748,-1.4139402985074696,242.1,252.05,-5.92794029850748,-1.4139402985074696,0.43675955809138567
12,3,4,707,220,-0.3200950226244288,6.962904977375558,253.1,264.05,-0.3200950226244288,7.014904977375579,0.6867023353506464
12,3,5,1013,200,8.627985074626878,16.26298507462687,265.1,275.05,8.602985074626872,16.321985074626866,0.7749661016949172
12,3,6,1284,200,17.634348258706467,25.921348258706473,276.1,286.05,17.634348258706467,25.96434825870645,0.8238874350513933
12,3,7,1570,300,27.48148172757476,39.67748172757476,287.1,302.05,27.48148172757476,39.68348172757476,0.8196878717387948
