Colony_ID,Run,Interval,Light_Value,N_points,O2_start,O2_end,DeltaT_min,DeltaT_max,O2_min,O2_max,Slope
19,4,1,0,300,124.51470333333336,113.51370333333332,412.117,427.067,113.34270333333333,125.62270333333336,-1.047171631013665
19,4,2,220,306,57.52657281553397,56.476572815533984,333.818,349.067,55.601572815533984,57.52657281553397,0.05119377491753181
19,4,3,445,200,57.74616499999999,62.146164999999996,350.117,360.067,57.493165000000005,62.146164999999996,0.5323927949481366
19,4,4,707,200,63.47164000000001,72.78964000000002,361.117,371.067,63.47164000000001,72.90464,1.0326768248053717
19,4,5,1013,220,74.8322,87.55619999999999,372.117,383.067,74.8322,87.55619999999999,1.1712126160256073
19,4,6,1284,200,89.75958,101.81958,384.117,394.067,89.75958,102.27658,1.2312715467203517
19,4,7,1570,320,104.52950000000001,123.05950000000001,395.117,411.067,104.4725,123.05950000000001,1.1711647829177747
