Colony_ID,Run,Interval,Light_Value,N_points,O2_start,O2_end,DeltaT_min,DeltaT_max,O2_min,O2_max,Slope
2,4,1,0,300,122.02670333333336,109.88470333333336,412.117,427.067,109.88470333333336,122.47070333333332,-0.950932044361351
2,4,2,220,308,56.458572815533984,49.865572815533966,333.71,349.067,49.34057281553396,58.26757281553398,0.037344606048939404
2,4,3,445,200,50.86516499999999,54.727165000000014,350.116,360.067,49.19816499999999,54.727165000000014,0.6362277864698769
2,4,4,707,200,56.387640000000005,66.65164000000001,361.117,371.067,56.36664000000002,66.65164000000001,1.0991144641354325
2,4,5,1013,220,68.72619999999998,82.36319999999998,372.117,383.067,68.72619999999998,82.4632,1.2701419259803828
2,4,6,1284,200,84.69257999999999,98.06558000000001,384.117,394.066,84.69257999999999,98.06558000000001,1.3330141408846394
2,4,7,1570,320,100.7115,120.72649999999999,395.116,411.067,100.5555,120.72649999999999,1.3137166817554202
