Colony_ID,Run,Interval,Light_Value,N_points,O2_start,O2_end,DeltaT_min,DeltaT_max,O2_min,O2_max,Slope
211,3,1,0,300,55.34346511627908,50.04246511627906,303.133,318.084,49.789465116279075,56.05646511627907,-0.5017511287255063
211,3,2,220,323,13.08650778816201,7.490507788162006,224.976,241.084,4.862507788161992,13.08650778816201,0.22282638293247184
211,3,3,445,200,8.270059701492528,12.279059701492542,242.133,252.084,8.194059701492534,12.489059701492522,0.44651952245379056
211,3,4,707,220,13.86790497737556,21.523904977375565,253.134,264.084,13.62390497737556,21.523904977375565,0.7403458127213612
211,3,5,1013,200,22.883985074626878,30.90998507462689,265.134,275.084,22.883985074626878,30.90998507462689,0.7946583025359697
211,3,6,1284,200,31.975348258706475,40.09534825870645,276.134,286.084,31.975348258706475,40.09534825870645,0.8126817396537448
211,3,7,1570,300,41.78648172757477,53.29148172757476,287.133,302.083,41.75148172757477,53.35848172757477,0.7802543887395804
