Colony_ID,Run,Interval,Light_Value,N_points,O2_start,O2_end,DeltaT_min,DeltaT_max,O2_min,O2_max,Slope
213,2,1,0,300,86.3892066666667,74.27520666666666,197.117,212.067,74.07720666666668,87.28720666666666,-1.038054662985697
213,2,2,220,315,-6.532066455696196,-3.927066455696206,120.362,136.067,-6.8750664556962136,-3.8740664556962088,0.24319730904195058
213,2,3,445,200,-2.6124250000000018,4.567575000000005,137.116,147.066,-2.6374250000000075,4.567575000000005,0.7543697593077779
213,2,4,707,200,6.429465000000022,18.47446500000001,148.117,158.066,6.429465000000022,18.47446500000001,1.2268059052015365
213,2,5,1013,200,20.87196,35.59396000000001,159.117,169.066,20.87196,35.61196000000001,1.5037192230868872
213,2,6,1284,200,38.561295,54.59329499999998,170.116,180.067,38.561295,54.59329499999998,1.6116422996821551
213,2,7,1570,300,57.72887,82.34987000000004,181.117,196.067,57.72887,82.34987000000004,1.6129024056528143
