Colony_ID,Run,Interval,Light_Value,N_points,O2_start,O2_end,DeltaT_min,DeltaT_max,O2_min,O2_max,Slope
237,5,1,0,301,108.9719102990033,99.5899102990033,521.1,536.1,99.07191029900332,110.3879102990033,-0.836350238376907
237,5,2,220,288,32.42519366197183,33.239193661971825,443.747,458.1,31.830193661971833,33.39119366197184,0.10056544846743928
237,5,3,445,201,35.01960696517412,39.66060696517411,459.1,469.1,34.78560696517411,39.66060696517411,0.44134709851804127
237,5,4,707,201,41.63153731343283,49.705537313432814,470.1,480.101,41.57453731343281,49.805537313432836,0.847110220450677
237,5,5,1013,221,52.47892307692308,64.48692307692309,481.101,492.101,52.37492307692307,64.48692307692309,1.128939723680456
237,5,6,1284,201,66.97561691542288,80.19061691542288,493.1,503.1,66.97561691542288,80.19061691542288,1.3163609108687426
237,5,7,1570,321,83.07474454828659,106.32574454828656,504.1,520.101,83.07474454828659,106.32574454828656,1.469667974773297
