Colony_ID,Run,Interval,Light_Value,N_points,O2_start,O2_end,DeltaT_min,DeltaT_max,O2_min,O2_max,Slope
blank,1,1,0,312,0.15937820512820622,-0.39362179487179105,81.116,96.667,-0.5376217948717965,0.4093782051282062,-0.046078692401755716
blank,1,2,220,284,-0.2380950704225313,0.31190492957748006,2.912,17.066,-0.374095070422527,0.3769049295774778,0.04208218824025981
blank,1,3,445,200,-0.6039900000000102,-0.23198999999999614,19.116,29.067,-0.7309900000000198,7.248009999999994,-0.03216442509838406
blank,1,4,707,220,0.24195000000000277,-0.41005000000001246,30.116,41.066,-0.41005000000001246,0.4179499999999905,-0.051905763198334606
blank,1,5,1013,200,0.41354499999999916,-0.42645500000000425,42.116,52.066,-0.5074549999999931,0.4375450000000001,-0.05893189370763269
blank,1,6,1284,200,0.4080199999999934,-0.1889799999999866,53.116,63.067,-0.4289799999999957,0.46801999999999566,-0.04193580503513794
blank,1,7,1570,320,0.3528624999999863,-0.5201375000000041,64.116,80.066,-0.6451375000000041,0.5458624999999984,-0.06285970352641322
