Colony_ID,Run,Interval,Light_Value,N_points,O2_start,O2_end,DeltaT_min,DeltaT_max,O2_min,O2_max,Slope
29,5,1,0,301,134.08391029900332,118.08891029900332,521.083,536.083,118.08891029900332,135.4549102990033,-1.3403897760000647
29,5,2,220,289,21.420193661971837,22.287193661971827,443.68,458.083,20.78419366197184,22.42919366197185,0.1003449857731725
29,5,3,445,201,24.100606965174137,29.684606965174112,459.083,469.083,23.92060696517413,29.684606965174112,0.6082225846156811
29,5,4,707,201,31.555537313432836,43.031537313432835,470.083,480.083,31.555537313432836,43.031537313432835,1.2395718244199554
29,5,5,1013,221,45.806923076923084,64.43792307692308,481.083,492.084,45.806923076923084,64.43792307692308,1.759441177254815
29,5,6,1284,201,67.56361691542287,88.59461691542288,493.083,503.083,67.56361691542287,88.59461691542288,2.167047219771221
29,5,7,1570,321,92.1617445482866,130.42374454828658,504.083,520.084,92.1617445482866,130.7017445482866,2.4325507719475175
