Colony_ID,Run,Interval,Light_Value,N_points,O2_start,O2_end,DeltaT_min,DeltaT_max,O2_min,O2_max,Slope
201,5,1,0,300,25.0139102990033,18.2399102990033,521.138,536.087,17.699910299003307,26.429910299003296,-0.6899995288021064
201,5,2,220,287,-21.291806338028152,-20.938806338028172,443.787,458.088,-22.01780633802815,-20.88280633802816,0.04235835431327375
201,5,3,445,200,-19.59939303482588,-16.671393034825883,459.138,469.088,-19.654393034825887,-16.471393034825866,0.3339031006368835
201,5,4,707,200,-14.793462686567182,-9.530462686567176,470.138,480.088,-14.984462686567184,-9.468462686567165,0.5507249187246847
201,5,5,1013,220,-7.347076923076912,-0.17907692307693424,481.138,492.088,-7.430076923076911,-0.11507692307691286,0.7046621262113475
201,5,6,1284,200,2.0676169154228887,9.082616915422875,493.138,503.088,2.0676169154228887,9.255616915422877,0.7384123351701661
201,5,7,1570,320,11.388744548286581,23.183744548286597,504.138,520.088,11.388744548286581,23.365744548286585,0.7712683271237639
