Colony_ID,Run,Interval,Light_Value,N_points,O2_start,O2_end,DeltaT_min,DeltaT_max,O2_min,O2_max,Slope
243,2,1,0,300,79.18420666666665,62.83420666666669,197.1,212.05,62.64020666666667,80.1052066666667,-1.3673766125233908
243,2,2,220,318,-15.817066455696192,-18.694066455696202,120.196,136.05,-18.744066455696213,-15.817066455696192,-0.14673344789527373
243,2,3,445,200,-17.700424999999996,-14.123424999999997,137.1,147.05,-17.728425000000016,-14.123424999999997,0.37556342300233725
243,2,4,707,200,-12.74353499999998,-2.515535,148.1,158.05,-12.74353499999998,-2.515535,1.080754557980358
243,2,5,1013,200,-0.013039999999989504,15.359960000000001,159.1,169.05,-0.06103999999999132,15.359960000000001,1.6036602254428325
243,2,6,1284,200,18.573295,37.788295000000005,170.1,180.05,18.573295,37.989295,1.9840827195593043
243,2,7,1570,300,41.864870000000025,74.53087000000002,181.1,196.05,41.848870000000005,74.53087000000002,2.23905190981806
