Colony_ID,Run,Interval,Light_Value,N_points,O2_start,O2_end,DeltaT_min,DeltaT_max,O2_min,O2_max,Slope
28,3,1,0,300,84.68046511627907,71.84246511627904,301.521,316.472,71.84246511627904,85.16046511627908,-0.9781609657122198
28,3,2,220,319,-2.219492211838002,-1.8134922118379961,223.565,239.472,-2.9064922118379855,-1.5494922118379861,0.08554218893833189
28,3,3,445,200,-0.8309402985074712,4.266059701492537,240.522,250.471,-1.020940298507469,4.32405970149253,0.5341199748300904
28,3,4,707,220,5.653904977375561,18.039904977375556,251.522,262.472,5.54490497737558,18.039904977375556,1.2204570359699305
28,3,5,1013,200,20.18598507462687,34.49898507462689,263.521,273.471,20.06498507462689,34.49898507462689,1.4446531633435904
28,3,6,1284,200,36.51834825870645,52.280348258706454,274.522,284.472,36.362348258706476,52.354348258706466,1.584832272698699
28,3,7,1570,300,54.67648172757475,81.74448172757477,285.522,300.471,54.67648172757475,81.74448172757477,1.8174978974171483
