Colony_ID,Run,Interval,Light_Value,N_points,O2_start,O2_end,DeltaT_min,DeltaT_max,O2_min,O2_max,Slope
242,5,1,0,300,90.2829102990033,81.4069102990033,521.117,536.066,81.4069102990033,90.7229102990033,-0.683080587308958
242,5,2,220,286,31.63719366197185,30.92919366197185,443.808,458.067,30.79219366197185,31.63719366197185,-0.011176693573580048
242,5,3,445,200,32.59860696517413,35.189606965174136,459.117,469.067,32.482606965174114,35.24160696517413,0.2885918924263414
242,5,4,707,200,37.02253731343282,42.82953731343284,470.117,480.067,36.874537313432825,42.82953731343284,0.6229585380126098
242,5,5,1013,220,45.01892307692307,54.09592307692307,481.117,492.067,45.00892307692308,54.304923076923075,0.8534165052967989
242,5,6,1284,200,56.64861691542288,66.79661691542287,493.117,503.066,56.46061691542289,66.79661691542287,1.0342886769520416
242,5,7,1570,320,69.3037445482866,87.82974454828658,504.116,520.067,69.3037445482866,87.88974454828659,1.1957859137525253
