Colony_ID,Run,Interval,Light_Value,N_points,O2_start,O2_end,DeltaT_min,DeltaT_max,O2_min,O2_max,Slope
235,4,1,0,300,159.81170333333333,141.54670333333334,412.117,427.067,141.06570333333335,160.57970333333336,-1.356541275843699
235,4,2,220,310,48.641572815533976,50.589572815533984,333.61,349.067,48.07057281553398,50.728572815533965,0.19843314519080785
235,4,3,445,200,51.908165,58.88816499999999,350.117,360.067,51.742165,59.03716499999999,0.7376343959667969
235,4,4,707,200,60.58264,74.03664,361.117,371.067,60.58264,74.03664,1.3418896356864691
235,4,5,1013,220,76.57919999999999,95.8382,372.117,383.067,76.48219999999998,95.8382,1.8273101036894033
235,4,6,1284,200,99.07058,119.46357999999998,384.117,394.067,99.07058,119.65557999999999,2.0992846222472386
235,4,7,1570,320,123.16149999999999,157.9755,395.117,411.067,123.16149999999999,157.9755,2.326807115054118
