Colony_ID,Run,Interval,Light_Value,N_points,O2_start,O2_end,DeltaT_min,DeltaT_max,O2_min,O2_max,Slope
239,5,1,0,301,134.84591029900332,120.12191029900333,521.1,536.1,119.6879102990033,136.1109102990033,-1.2244079024178625
239,5,2,220,283,40.22219366197183,40.19319366197183,443.992,458.1,39.45619366197184,40.259193661971835,0.046655520108789136
239,5,3,445,201,41.895606965174125,46.625606965174114,459.1,469.1,41.69460696517413,46.70560696517413,0.5517126218913528
239,5,4,707,201,48.779537313432826,58.97053731343283,470.1,480.1,48.717537313432814,59.122537313432815,1.1199321091095835
239,5,5,1013,221,61.965923076923076,77.47592307692307,481.1,492.101,61.65092307692308,77.47592307692307,1.4430961677939889
239,5,6,1284,201,80.40461691542288,97.39561691542286,493.1,503.1,80.40461691542288,97.4376169154229,1.6932056415265244
239,5,7,1570,321,100.64574454828661,131.7887445482866,504.1,520.101,100.6367445482866,131.7887445482866,1.9780925520517392
