Colony_ID,Run,Interval,Light_Value,N_points,O2_start,O2_end,DeltaT_min,DeltaT_max,O2_min,O2_max,Slope
3,3,1,0,300,20.416465116279056,15.159465116279051,303.133,318.084,14.845465116279058,21.160465116279056,-0.46226084483881097
3,3,2,220,327,-5.155492211838009,-5.267492211838004,224.781,241.084,-6.196492211838006,-5.061492211837987,0.05221872749870696
3,3,3,445,200,-4.891940298507478,-2.8139402985074753,242.133,252.084,-4.987940298507482,-2.8139402985074753,0.1659846880001688
3,3,4,707,220,-2.4000950226244413,1.3039049773755664,253.134,264.084,-2.4000950226244413,1.4449049773755576,0.3326437483267355
3,3,5,1013,200,2.5339850746268837,6.434985074626866,265.134,275.084,2.5339850746268837,6.67398507462687,0.3833286620944089
3,3,6,1284,200,7.21234825870647,11.43434825870645,276.134,286.084,7.127348258706462,11.513348258706458,0.41729551040515545
3,3,7,1570,300,12.657481727574748,18.915481727574758,287.133,302.083,12.46948172757476,19.00548172757476,0.42790167378677013
