Colony_ID,Run,Interval,Light_Value,N_points,O2_start,O2_end,DeltaT_min,DeltaT_max,O2_min,O2_max,Slope
234,2,1,0,301,159.70020666666667,142.78020666666666,197.101,212.1,142.78020666666666,160.91620666666668,-1.4172484588886918
234,2,2,220,314,6.701933544303785,16.60593354430381,120.445,136.101,6.216933544303799,16.60593354430381,0.7842217483248568
234,2,3,445,201,18.491574999999983,33.06257500000001,137.1,147.1,18.491574999999983,33.06257500000001,1.5048434000220552
234,2,4,707,201,35.45346500000002,55.90246500000001,148.101,158.1,35.45346500000002,55.90246500000001,2.1659186854947947
234,2,5,1013,201,59.65896000000001,82.48495999999997,159.1,169.1,59.64696000000001,82.48495999999997,2.585500103840876
234,2,6,1284,201,86.04229499999997,111.012295,170.1,180.1,86.04229499999997,111.012295,2.5296368523018686
234,2,7,1570,301,115.22686999999999,155.66287000000003,181.101,196.1,115.21287000000004,155.75887000000003,2.9224402707242163
