Colony_ID,Run,Interval,Light_Value,N_points,O2_start,O2_end,DeltaT_min,DeltaT_max,O2_min,O2_max,Slope
206,5,1,0,300,132.1929102990033,123.95891029900332,521.117,536.067,123.95891029900332,134.07691029900332,-0.8813237815215903
206,5,2,220,284,41.265193661971836,44.51019366197184,443.91,458.067,40.600193661971844,44.61319366197185,0.36193618122359583
206,5,3,445,200,46.47060696517411,53.451606965174136,459.117,469.067,46.47060696517411,53.451606965174136,0.7633405635062628
206,5,4,707,200,55.63753731343283,66.33453731343283,470.117,480.067,55.44553731343282,66.33453731343283,1.179185959671386
206,5,5,1013,220,69.13992307692308,84.10892307692308,481.117,492.067,69.06692307692308,84.10892307692308,1.3984294168705154
206,5,6,1284,200,87.24361691542288,101.58461691542288,493.117,503.067,87.24361691542288,101.6706169154229,1.4797665082915004
206,5,7,1570,320,104.9447445482866,129.57274454828658,504.117,520.067,104.89474454828658,129.57274454828658,1.5828460981309904
