Colony_ID,Run,Interval,Light_Value,N_points,O2_start,O2_end,DeltaT_min,DeltaT_max,O2_min,O2_max,Slope
226,1,1,0,316,131.5153782051282,112.13737820512821,81.1,96.85,112.13737820512821,131.9573782051282,-1.3953631070589556
226,1,2,220,282,-0.5290950704225281,2.2959049295774605,3.045,17.1,-0.6740950704225384,2.369904929577473,0.21812500781337632
226,1,3,445,201,1.9320099999999911,10.992009999999993,19.1,29.101,1.9060099999999807,10.992009999999993,0.9711963160215681
226,1,4,707,221,12.492950000000008,29.765950000000004,30.1,41.1,12.492950000000008,29.765950000000004,1.6970498235725027
226,1,5,1013,201,32.190544999999986,53.497545,42.1,52.1,32.02854500000001,53.644544999999994,2.169760506781325
226,1,6,1284,201,56.56102000000001,79.91902000000002,53.1,63.101,56.56102000000001,79.98602000000002,2.4861728988342664
226,1,7,1570,321,83.54186249999998,128.16486249999997,64.1,80.1,83.54186249999998,128.2238625,2.8770922736164737
