Colony_ID,Run,Interval,Light_Value,N_points,O2_start,O2_end,DeltaT_min,DeltaT_max,O2_min,O2_max,Slope
205,1,1,0,311,118.0753782051282,96.63837820512819,81.1,96.6,96.58637820512823,119.04237820512819,-1.655402295855833
205,1,2,220,287,-3.050095070422543,4.460904929577481,2.804,17.1,-3.1980950704225393,4.460904929577481,0.5308644616741246
205,1,3,445,201,4.506010000000003,15.827010000000001,19.1,29.1,4.506010000000003,15.827010000000001,1.1576090734000497
205,1,4,707,221,17.444950000000006,35.40195,30.1,41.1,17.444950000000006,35.40195,1.7227840115610864
205,1,5,1013,201,37.32654499999998,56.93554499999999,42.1,52.1,37.32654499999998,56.93554499999999,1.9661386654969624
205,1,6,1284,201,59.58402000000001,79.81201999999999,53.1,63.101,59.58402000000001,79.81201999999999,2.02594866073967
205,1,7,1570,321,82.6228625,114.94586249999998,64.1,80.1,82.6228625,114.94586249999998,2.0011245154371173
