Colony_ID,Run,Interval,Light_Value,N_points,O2_start,O2_end,DeltaT_min,DeltaT_max,O2_min,O2_max,Slope
43,5,1,0,300,136.8369102990033,121.56691029900333,521.1,536.05,121.56691029900333,138.10991029900333,-1.3016518349322335
43,5,2,220,285,29.951193661971843,29.49819366197184,443.844,458.05,29.182193661971837,30.195193661971842,-0.01075158445852845
43,5,3,445,200,30.974606965174132,35.70960696517412,459.1,469.05,30.837606965174132,35.71060696517412,0.5592285330948115
43,5,4,707,200,37.779537313432826,49.35253731343283,470.1,480.05,37.72653731343283,49.35253731343283,1.2349626833784169
43,5,5,1013,220,52.31792307692308,69.82592307692309,481.1,492.05,52.28392307692309,69.96292307692309,1.6786905607218388
43,5,6,1284,200,73.17561691542289,92.55461691542288,493.1,503.05,73.17561691542289,92.5566169154229,1.910445809846925
43,5,7,1570,320,96.37774454828659,132.79874454828658,504.1,520.05,96.28974454828662,132.79874454828658,2.3574546773024045
