Colony_ID,Run,Interval,Light_Value,N_points,O2_start,O2_end,DeltaT_min,DeltaT_max,O2_min,O2_max,Slope
241,4,1,0,300,83.86670333333333,72.36570333333333,410.505,425.455,72.32670333333334,83.95170333333334,-0.8284552856604295
241,4,2,220,302,50.752572815533966,47.09457281553398,332.405,347.455,46.84857281553397,50.752572815533966,-0.21026544217880613
241,4,3,445,200,47.861165,47.885165,348.505,358.455,47.50216499999999,48.08916500000001,0.04064881052566788
241,4,4,707,200,48.78564,52.57064,359.504,369.455,48.78564,52.57064,0.3872363915077382
241,4,5,1013,220,53.98219999999998,59.974199999999996,370.505,381.455,53.7602,60.09619999999998,0.571318154007376
241,4,6,1284,200,61.57357999999999,68.84958,382.505,392.455,61.57357999999999,68.84958,0.7027536174088271
241,4,7,1570,320,70.7635,82.9025,393.505,409.455,70.76050000000001,82.9025,0.8046797419822136
