Colony_ID,Run,Interval,Light_Value,N_points,O2_start,O2_end,DeltaT_min,DeltaT_max,O2_min,O2_max,Slope
214,1,1,0,312,35.31437820512821,26.2113782051282,81.116,96.667,26.137378205128186,35.3243782051282,-0.6866359597980763
214,1,2,220,285,0.49190492957745846,1.5329049295774553,2.87,17.066,0.14590492957748324,1.6109049295774582,0.09053280739021213
214,1,3,445,200,0.7900099999999952,3.4770099999999786,19.116,29.066,0.7310099999999977,3.4980099999999936,0.2645933248156047
214,1,4,707,220,4.201950000000011,8.934949999999986,30.116,41.066,4.148949999999985,8.976949999999988,0.4746059012079686
214,1,5,1013,200,10.168544999999995,16.003545000000003,42.116,52.066,10.168544999999995,16.003545000000003,0.5937915064634767
214,1,6,1284,200,17.234020000000015,23.366019999999992,53.116,63.067,17.234020000000015,23.366019999999992,0.6225609366088533
214,1,7,1570,320,24.59186249999999,33.94686249999998,64.116,80.066,24.59186249999999,34.058862500000004,0.5878575605337099
