Colony_ID,Run,Interval,Light_Value,N_points,O2_start,O2_end,DeltaT_min,DeltaT_max,O2_min,O2_max,Slope
20,1,1,0,315,78.46837820512818,60.80437820512819,81.1,96.8,60.57737820512821,79.01637820512818,-1.3193517972880406
20,1,2,220,283,-34.342095070422545,-28.356095070422526,3.007,17.1,-34.42209507042253,-27.977095070422536,0.41215610051617674
20,1,3,445,201,-28.279989999999998,-18.37599,19.1,29.101,-28.568990000000014,-18.37599,1.0205378849478828
20,1,4,707,221,-16.652050000000003,-0.56604999999999,30.1,41.1,-16.712050000000005,-0.5360499999999888,1.5526182050492436
20,1,5,1013,201,1.8945449999999937,19.65354500000001,42.1,52.1,1.8425450000000012,19.925545,1.8423451803999793
20,1,6,1284,201,22.536020000000008,41.68002000000001,53.1,63.101,22.536020000000008,41.68002000000001,1.8974265156749053
20,1,7,1570,321,44.33386249999998,75.84086250000001,64.1,80.1,44.2128625,76.0888625,1.9749183040370595
