Colony_ID,Run,Interval,Light_Value,N_points,O2_start,O2_end,DeltaT_min,DeltaT_max,O2_min,O2_max,Slope
4,1,1,0,316,81.6473782051282,67.75137820512819,79.488,95.238,67.75137820512819,82.20637820512817,-1.1681122268772208
4,1,2,220,281,-3.623095070422522,0.3309049295774571,1.441,15.438,-3.765095070422518,0.4079049295774553,0.3531994578911514
4,1,3,445,200,0.08600999999998749,8.657009999999985,17.488,27.438,0.08600999999998749,8.725009999999997,0.9623935495852285
4,1,4,707,220,10.366950000000003,24.14394999999999,28.488,39.438,10.283950000000004,24.14394999999999,1.37232635783799
4,1,5,1013,200,26.359544999999997,40.646545,40.488,50.438,26.359544999999997,40.704544999999996,1.4298714011748337
4,1,6,1284,200,42.73702,56.52602000000002,51.489,61.438,42.68902,56.53402,1.3981244101466472
4,1,7,1570,320,58.9868625,79.77986249999998,62.488,78.438,58.8918625,79.77986249999998,1.321256622748591
