Colony_ID,Run,Interval,Light_Value,N_points,O2_start,O2_end,DeltaT_min,DeltaT_max,O2_min,O2_max,Slope
244,1,1,0,314,107.59637820512822,84.65437820512821,81.117,96.767,84.65437820512821,108.42737820512818,-1.7808198328140294
244,1,2,220,283,-1.6870950704225436,-5.21609507042254,2.969,17.067,-5.309095070422529,-1.6870950704225436,-0.2134107567139466
244,1,3,445,200,-6.494990000000001,-1.6809900000000084,19.117,29.067,-6.590990000000005,-1.6469900000000166,0.5601887195556183
244,1,4,707,220,-0.4460500000000138,12.952949999999987,30.117,41.067,-0.620049999999992,12.952949999999987,1.4235445369328832
244,1,5,1013,200,15.255544999999984,33.86854499999998,42.117,52.067,15.255544999999984,33.86854499999998,1.9747593726261239
244,1,6,1284,200,36.752020000000016,59.478020000000015,53.117,63.067,36.718019999999996,59.478020000000015,2.310891333895765
244,1,7,1570,320,62.4628625,104.17986250000001,64.117,80.067,62.4628625,104.17986250000001,2.6660647317828206
