Colony_ID,Run,Interval,Light_Value,N_points,O2_start,O2_end,DeltaT_min,DeltaT_max,O2_min,O2_max,Slope
210,3,1,0,300,141.75846511627904,123.04646511627905,303.117,318.067,122.89546511627904,142.59946511627905,-1.5346889684900833
210,3,2,220,321,-0.14249221183800387,8.363507788161996,225.063,241.067,-0.7354922118379932,8.363507788161996,0.6381084982057004
210,3,3,445,200,9.532059701492528,21.89305970149252,242.117,252.067,9.532059701492528,22.039059701492533,1.2843916642200035
210,3,4,707,220,24.070904977375562,44.92990497737557,253.117,264.067,24.070904977375562,44.92990497737557,1.976334535942501
210,3,5,1013,200,47.525985074626874,71.08598507462688,265.117,275.067,47.525985074626874,71.08598507462688,2.351463009404384
210,3,6,1284,200,74.07934825870646,97.38734825870645,276.117,286.067,73.93734825870646,97.48434825870649,2.3707949812899005
210,3,7,1570,300,101.05148172757478,138.04248172757477,287.117,302.067,100.90948172757479,138.04248172757477,2.4359745374702713
