Colony_ID,Run,Interval,Light_Value,N_points,O2_start,O2_end,DeltaT_min,DeltaT_max,O2_min,O2_max,Slope
209,2,1,0,301,24.678206666666682,19.02120666666667,197.101,212.1,18.883206666666666,25.60020666666668,-0.5656348459808518
209,2,2,220,318,-3.450066455696202,-4.488066455696213,120.258,136.101,-4.680066455696192,-3.2540664556962042,-0.03788399697160751
209,2,3,445,201,-3.2754250000000127,-2.7154250000000104,137.1,147.1,-3.7324250000000063,-2.4184250000000134,0.1093271041971165
209,2,4,707,201,-1.439534999999978,0.8474649999999997,148.101,158.1,-1.4735349999999983,0.8904650000000061,0.23660095087399827
209,2,5,1013,201,2.0059599999999875,5.700960000000009,159.1,169.1,2.0059599999999875,5.982959999999991,0.34992687852090737
209,2,6,1284,201,7.735294999999979,12.019295,170.1,180.1,7.584294999999997,12.223294999999979,0.4460039252718728
209,2,7,1570,301,14.198870000000028,21.713870000000014,181.101,196.1,14.198870000000028,21.713870000000014,0.5062299459186406
