Colony_ID,Run,Interval,Light_Value,N_points,O2_start,O2_end,DeltaT_min,DeltaT_max,O2_min,O2_max,Slope
204,4,1,0,300,90.87270333333333,85.06470333333334,412.1,427.05,85.03770333333335,91.28170333333335,-0.49034797715921064
204,4,2,220,311,39.976572815533984,41.42157281553398,333.557,349.05,39.32257281553396,41.42157281553398,0.16421369063421665
204,4,3,445,200,42.515164999999996,46.360164999999995,350.1,360.05,42.25016500000001,46.479164999999995,0.4014133753570366
204,4,4,707,200,47.89064000000002,54.09964000000002,361.1,371.05,47.68564000000001,54.09964000000002,0.6610964319236078
204,4,5,1013,220,55.9692,64.1892,372.1,383.05,55.85919999999999,64.1892,0.7938768469110591
204,4,6,1284,200,66.22157999999999,74.53757999999999,384.1,394.05,66.12858,74.53757999999999,0.8323859428102677
204,4,7,1570,320,76.6805,89.6695,395.1,411.05,76.4505,89.7515,0.8547674514663353
