Colony_ID,Run,Interval,Light_Value,N_points,O2_start,O2_end,DeltaT_min,DeltaT_max,O2_min,O2_max,Slope
202,2,1,0,300,18.716206666666693,11.417206666666686,197.134,212.084,11.413206666666667,19.438206666666673,-0.6614725723698505
202,2,2,220,313,-34.683066455696206,-33.10106645569621,120.483,136.084,-34.99306645569621,-32.8840664556962,0.13974780636813222
202,2,3,445,200,-31.820425,-26.86442500000001,137.133,147.083,-31.820425,-26.84042500000001,0.4887555677022203
202,2,4,707,200,-25.330534999999998,-18.141534999999976,148.134,158.083,-25.330534999999998,-18.141534999999976,0.7366068937408773
202,2,5,1013,200,-16.131040000000013,-7.92004,159.134,169.083,-16.14403999999999,-7.92004,0.8204113415649205
202,2,6,1284,200,-5.978705000000019,1.9722950000000026,170.133,180.084,-5.978705000000019,1.9722950000000026,0.7976608280403528
202,2,7,1570,300,4.418870000000027,15.721870000000024,181.134,196.084,4.140870000000007,15.721870000000024,0.7354964317714899
