Colony_ID,Run,Interval,Light_Value,N_points,O2_start,O2_end,DeltaT_min,DeltaT_max,O2_min,O2_max,Slope
1,2,1,0,300,160.37120666666667,139.2662066666667,197.134,212.084,139.05120666666667,162.72720666666666,-1.8725673911652898
1,2,2,220,312,-3.960066455696193,2.167933544303793,120.527,136.084,-4.623066455696204,2.167933544303793,0.5772453162095996
1,2,3,445,200,3.9875749999999925,17.793575000000004,137.133,147.084,3.874574999999993,17.79657499999999,1.4802350967268112
1,2,4,707,200,20.521465000000006,42.45046500000001,148.134,158.083,20.521465000000006,42.45046500000001,2.2960660949653886
1,2,5,1013,200,46.02296000000001,72.87496000000002,159.134,169.083,45.97496000000001,72.87496000000002,2.7258984081055893
1,2,6,1284,200,77.250295,106.08129500000001,170.133,180.084,77.250295,106.13829499999997,2.9628531601714045
1,2,7,1570,300,111.29787000000002,155.18487000000002,181.134,196.084,111.29787000000002,155.18487000000002,2.983360717835728
