Colony_ID,Run,Interval,Light_Value,N_points,O2_start,O2_end,DeltaT_min,DeltaT_max,O2_min,O2_max,Slope
203,2,1,0,300,49.13420666666667,39.27520666666669,195.505,210.455,39.27520666666669,49.75320666666667,-0.8948165481990564
203,2,2,220,310,4.224933544303809,2.578933544303794,119.008,134.455,2.46493354430379,4.224933544303809,-0.06393498503976311
203,2,3,445,200,3.7445749999999975,5.792574999999999,135.505,145.455,3.482574999999997,5.79657499999999,0.21350099720272256
203,2,4,707,200,7.12346500000001,12.415465000000012,146.505,156.455,6.978465,12.503465000000006,0.6031721752857219
203,2,5,1013,200,14.195959999999985,21.531959999999998,157.505,167.455,14.195959999999985,21.661959999999993,0.7403827652579196
203,2,6,1284,200,23.782295000000005,31.64629499999998,168.505,178.455,23.74929499999999,31.689294999999987,0.8025863214865308
203,2,7,1570,300,34.29887000000002,46.031870000000026,179.505,194.455,34.17487000000003,46.07187000000002,0.8070056177148621
