Colony_ID,Run,Interval,Light_Value,N_points,O2_start,O2_end,DeltaT_min,DeltaT_max,O2_min,O2_max,Slope
28,1,1,0,301,82.18233666666663,85.43833666666666,72.898,87.898,82.07633666666663,91.02033666666665,-0.7499499886608422
28,1,2,163,279,12.743913978494618,14.617913978494613,0,13.898,12.556913978494606,14.747913978494609,0.17112548750727774
28,1,3,287,181,15.267688888888898,18.631688888888903,14.898,23.898,15.152688888888889,18.631688888888903,0.2775142105589022
28,1,4,538,201,19.601765,28.221765000000005,24.898,34.899,19.459765000000004,28.221765000000005,0.7173136940183203
28,1,5,778,181,29.42217222222223,40.41417222222222,35.899,44.898,29.42217222222223,40.41417222222222,1.19353968146457
28,1,6,1051,201,42.173665,55.80866499999999,45.898,55.899,42.173665,55.80866499999999,1.3336593364889535
28,1,7,1297,301,57.87220666666667,80.0972066666667,56.898,71.899,57.845206666666655,80.0972066666667,1.5050721441418593
