Colony_ID,Run,Interval,Light_Value,N_points,O2_start,O2_end,DeltaT_min,DeltaT_max,O2_min,O2_max,Slope
233,5,1,0,300,37.80835666666667,36.823356666666655,492.039,506.989,36.79235666666668,42.02935666666667,-0.5340198003874476
233,5,2,163,222,-6.15287214611871,-5.302872146118716,424.942,435.989,-6.801872146118711,-5.067872146118731,0.1573483207796758
233,5,3,287,180,-4.55295000000001,-1.5719500000000153,437.039,445.988,-4.609950000000026,-1.551950000000005,0.2689051508058632
233,5,4,538,180,-0.7586500000000171,4.454349999999977,447.038,455.988,-0.7586500000000171,4.555349999999976,0.6351431882620887
233,5,5,778,180,5.960049999999995,13.020049999999998,457.038,465.989,5.802050000000008,13.020049999999998,0.76887143031923455
233,5,6,1051,180,14.395422222222209,21.988422222222226,467.038,475.989,14.184422222222224,22.176422222222214,0.8724744339428321
233,5,7,1297,280,23.72708928571427,36.17608928571428,477.038,490.989,23.57608928571429,36.17908928571427,0.8923809376966585
