Colony_ID,Run,Interval,Light_Value,N_points,O2_start,O2_end,DeltaT_min,DeltaT_max,O2_min,O2_max,Slope
241,1,1,0,300,71.47733666666664,69.89933666666667,72.857,87.808,69.85533666666663,78.89133666666663,-0.964726033695208
241,1,2,163,277,1.2759139784946285,3.453913978494626,0,13.807,0.7219139784946265,3.5129139784946233,0.25472383563466094
241,1,3,287,180,4.013688888888879,8.259688888888888,14.857,23.808,4.013688888888879,8.259688888888888,0.3069794017709364
241,1,4,538,200,9.029764999999998,17.132765000000006,24.858,34.807,8.885764999999992,17.132765000000006,0.9711915227167078
241,1,5,778,180,18.590172222222236,28.62817222222222,35.858,44.808,18.58717222222222,28.62817222222222,1.092610470445841
241,1,6,1051,200,30.364665000000002,43.99766500000001,45.858,55.807,30.364665000000002,43.99766500000001,1.3141612484342384
241,1,7,1297,300,45.962206666666674,69.13520666666665,56.858,71.807,45.962206666666674,69.13520666666665,1.58940135622254
