Colony_ID,Run,Interval,Light_Value,N_points,O2_start,O2_end,DeltaT_min,DeltaT_max,O2_min,O2_max,Slope
26,3,1,0,300,98.9771633333333,89.9891633333333,295.98,310.929,89.9891633333333,107.6161633333333,-1.7076789222265856
26,3,2,163,227,-14.852451327433641,-13.14545132743362,222.627,233.93,-15.228451327433646,-13.131451327433638,0.19472953081266056
26,3,3,287,280,-9.64391071428571,-0.7319107142857035,234.979,248.93,-9.763910714285714,-0.7319107142857035,0.8288476648549276
26,3,4,538,180,2.9777666666666676,13.232766666666663,249.98,258.93,2.9777666666666676,13.232766666666663,1.3861944780127888
26,3,5,778,180,16.726066666666668,32.60906666666665,259.979,268.93,16.726066666666668,32.60906666666665,2.030359971738958
26,3,6,1051,180,36.178938888888894,55.04693888888889,269.98,278.93,36.178938888888894,55.04693888888889,2.1574566366506556
26,3,7,1297,500,37.66876400000001,93.29276399999998,269.98,294.93,37.66876400000001,93.29276399999998,2.4069000546170405
