Colony_ID,Run,Interval,Light_Value,N_points,O2_start,O2_end,DeltaT_min,DeltaT_max,O2_min,O2_max,Slope
4,2,1,0,300,99.22430666666668,96.49630666666667,183.932,198.881,96.49630666666667,102.09130666666664,-0.6437792872106338
4,2,2,163,269,59.59485767790264,61.05585767790262,111.898,125.882,59.46885767790263,62.44685767790264,0.15635050468443965
4,2,3,287,180,62.93483333333333,64.69783333333334,126.931,135.881,62.93483333333333,64.75083333333333,0.09962031505690486
4,2,4,538,180,66.77671666666669,69.92971666666668,136.932,145.881,66.77671666666669,70.06471666666667,0.37235370196272594
4,2,5,778,200,71.89382,77.11582000000001,146.931,156.882,71.77781999999999,77.11582000000001,0.5161569764249617
4,2,6,1051,180,78.79975000000002,84.12675000000002,157.932,166.882,78.79975000000002,84.19975,0.5604178529850213
4,2,7,1297,300,86.95545333333334,95.70645333333331,167.931,182.881,86.95545333333334,95.80445333333333,0.5899336750396468
