Colony_ID,Run,Interval,Light_Value,N_points,O2_start,O2_end,DeltaT_min,DeltaT_max,O2_min,O2_max,Slope
242,3,1,0,300,53.666163333333316,48.519163333333324,296.033,310.983,48.1981633333333,59.1331633333333,-1.0915515538738074
242,3,2,163,228,-16.57645132743363,-16.05845132743363,222.632,233.983,-17.225451327433632,-15.811451327433645,0.09704174010773021
242,3,3,287,280,-12.652910714285696,-8.412910714285715,235.033,248.982,-13.074910714285693,-8.217910714285694,0.43342597662598303
242,3,4,538,180,-5.077233333333339,0.8397666666666623,250.033,258.983,-5.1682333333333474,1.263766666666669,0.5708094786621889
242,3,5,778,180,3.9830666666666446,12.720066666666668,260.032,268.983,3.742066666666659,12.817066666666648,1.0568992446757108
242,3,6,1051,180,15.410938888888893,25.760938888888887,270.033,278.983,15.410938888888893,26.18793888888888,1.1772630495469119
242,3,7,1297,500,16.90076400000001,48.77176400000002,270.033,294.983,16.90076400000001,48.90276399999999,1.2655677596092259
