Colony_ID,Run,Interval,Light_Value,N_points,O2_start,O2_end,DeltaT_min,DeltaT_max,O2_min,O2_max,Slope
206,3,1,0,300,33.71616333333333,30.107163333333318,295.831,310.781,30.107163333333318,36.662163333333325,-0.6187988910303278
206,3,2,163,224,-11.455451327433622,-11.309451327433635,222.638,233.781,-11.92545132743362,-11.30045132743362,0.033367408258106086
206,3,3,287,280,-8.315910714285707,-5.8949107142857144,234.831,248.781,-8.499910714285704,-5.797910714285706,0.24647025475675824
206,3,4,538,180,-2.6942333333333295,0.16876666666667006,249.831,258.781,-2.801233333333329,0.17976666666666574,0.307540215641977
206,3,5,778,180,2.3550666666666586,7.597066666666649,259.831,268.781,2.3550666666666586,7.597066666666649,0.6137998426435887
206,3,6,1051,180,9.658938888888883,15.378938888888882,269.831,278.781,9.655938888888898,15.575938888888885,0.6505579848904915
206,3,7,1297,500,11.148764,29.589764000000002,269.831,294.781,11.145764000000014,29.589764000000002,0.6695461559877502
