Colony_ID,Run,Interval,Light_Value,N_points,O2_start,O2_end,DeltaT_min,DeltaT_max,O2_min,O2_max,Slope
2,2,1,0,300,111.52330666666666,108.77230666666668,184.033,198.983,108.51030666666668,117.06930666666665,-0.9663984724358552
2,2,2,163,274,40.252857677902625,44.51585767790263,112,125.983,40.125857677902644,44.548857677902646,0.32520849416087283
2,2,3,287,180,46.326833333333326,50.564833333333326,127.033,135.983,46.308833333333325,50.564833333333326,0.3882275955225499
2,2,4,538,180,53.21771666666666,60.73371666666668,137.033,145.983,52.944716666666665,61.03371666666666,0.7915837172454075
2,2,5,778,200,63.13481999999999,74.26581999999999,147.032,156.983,63.13481999999999,74.85581999999997,1.1691459785573828
2,2,6,1051,180,76.59174999999999,88.00675000000001,158.033,166.983,76.59174999999999,88.00675000000001,1.2064620669144743
2,2,7,1297,300,91.40645333333336,107.93245333333331,168.033,182.983,91.24245333333332,107.93245333333331,1.1239361540924173
