Colony_ID,Run,Interval,Light_Value,N_points,O2_start,O2_end,DeltaT_min,DeltaT_max,O2_min,O2_max,Slope
12,4,1,0,300,6.82908333333333,3.6480833333333464,1095.433,1110.383,3.6110833333333403,11.891083333333341,-0.9085392596926806
12,4,2,177,241,-61.94123849372383,-59.10823849372383,1027.386,1039.383,-62.14723849372385,-59.04223849372383,0.25786092223358564
12,4,3,420,180,-57.67478333333335,-52.774783333333346,1040.434,1049.383,-57.67478333333335,-52.712783333333334,0.6348255448616689
12,4,4,698,180,-50.89313888888887,-42.42313888888887,1050.434,1059.383,-50.98413888888888,-42.396138888888885,1.0340311137850402
12,4,5,1130,180,-39.896372222222226,-29.626372222222216,1060.434,1069.383,-40.04237222222221,-29.30937222222221,1.253159668525285
12,4,6,1219,180,-26.916783333333314,-16.813783333333333,1070.434,1079.383,-26.916783333333314,-16.61478333333332,1.0935971236699615
12,4,7,1367,280,-13.045921428571404,3.02807857142858,1080.434,1094.383,-13.43392142857141,3.2150785714285917,1.1664075258227542
