Colony_ID,Run,Interval,Light_Value,N_points,O2_start,O2_end,DeltaT_min,DeltaT_max,O2_min,O2_max,Slope
238,4,1,0,301,106.69008333333332,102.43108333333336,1095.3,1110.3,102.43108333333336,117.30808333333331,-1.4382745748829067
238,4,2,177,240,-30.710238493723836,-25.472238493723836,1027.344,1039.3,-30.968238493723845,-25.367238493723846,0.471269053664277
238,4,3,420,181,-23.564783333333338,-14.910783333333342,1040.3,1049.3,-23.77578333333335,-14.910783333333342,1.1807166433052232
238,4,4,698,181,-12.376138888888875,3.5318611111111125,1050.3,1059.3,-12.376138888888875,3.5318611111111125,1.9876162643143036
238,4,5,1130,181,7.072627777777768,27.623627777777784,1060.3,1069.3,6.661627777777795,27.623627777777784,2.1717983236225185
238,4,6,1219,181,31.494216666666688,54.75821666666667,1070.3,1079.3,31.494216666666688,54.79621666666668,2.538828128060656
238,4,7,1367,281,59.73907857142859,101.44907857142857,1080.3,1094.3,59.71507857142859,101.44907857142857,3.0278927050641182
