Colony_ID,Run,Interval,Light_Value,N_points,O2_start,O2_end,DeltaT_min,DeltaT_max,O2_min,O2_max,Slope
19,2,1,0,216,48.56279629629631,40.43279629629629,190.217,200.971,40.4117962962963,48.8997962962963,-0.7510646147236675
19,2,2,177,243,-12.540008163265327,-7.45900816326531,109.159,121.255,-12.7070081632653,-7.34000816326531,0.45635327287758537
19,2,3,420,180,-7.132613259668489,-0.4886132596684831,122.304,131.255,-7.1826132596685,-0.4756132596685063,0.812476253489832
19,2,4,698,180,0.45774033149169213,9.932740331491715,132.304,141.255,0.45774033149169213,9.932740331491715,1.0834365333244529
19,2,5,1130,200,11.079243781094505,21.587243781094514,142.304,152.255,11.043243781094503,21.65424378109452,1.0865156918824386
19,2,6,1219,180,23.23577348066297,32.53877348066297,153.305,162.255,23.19777348066299,32.53877348066297,1.0761030398968208
19,2,7,1367,396,34.31290428211588,53.47390428211588,163.305,183.055,34.31290428211588,53.83790428211586,1.0703606164617767
