Colony_ID,Run,Interval,Light_Value,N_points,O2_start,O2_end,DeltaT_min,DeltaT_max,O2_min,O2_max,Slope
233,5,1,0,340,81.6114617647059,67.53246176470589,1197.15,1214.1,67.53246176470589,84.71746176470586,-1.3185410828855626
233,5,2,177,241,0.876925619834708,3.93092561983471,1128.096,1140.1,0.6849256198347291,3.974925619834721,0.3225334342619793
233,5,3,420,200,5.496954999999986,12.270954999999987,1141.151,1151.101,5.494954999999976,12.270954999999987,0.7824420274798676
233,5,4,698,180,14.104088888888896,24.018088888888883,1152.15,1161.1,14.104088888888896,24.04108888888888,1.1912725567388032
233,5,5,1130,180,26.5476888888889,38.663688888888885,1162.151,1171.1,26.488688888888902,38.72268888888888,1.4292590683805944
233,5,6,1219,180,41.51990000000001,54.57090000000002,1172.15,1181.1,41.5129,54.57090000000002,1.4737800658133475
233,5,7,1367,280,57.44169285714287,78.55369285714286,1182.15,1196.1,57.44169285714287,78.55369285714286,1.5129090151093998
