Colony_ID,Run,Interval,Light_Value,N_points,O2_start,O2_end,DeltaT_min,DeltaT_max,O2_min,O2_max,Slope
237,5,1,0,340,84.32746176470587,75.38246176470588,1197.316,1214.266,75.26246176470588,89.47846176470588,-1.2305196839543324
237,5,2,177,243,7.639925619834713,4.322925619834706,1128.162,1140.266,3.437925619834715,7.639925619834713,0.07545940187044953
237,5,3,420,200,5.592954999999989,9.85495499999999,1141.316,1151.266,5.5679549999999836,9.85495499999999,0.584609376123594
237,5,4,698,180,11.759088888888897,20.06108888888889,1152.316,1161.266,11.625088888888882,20.06108888888889,1.058269796315893
237,5,5,1130,180,22.517688888888898,34.665688888888894,1162.316,1171.267,22.517688888888898,34.665688888888894,1.455433469500961
237,5,6,1219,180,37.469900000000024,52.1379,1172.316,1181.266,37.469900000000024,52.1379,1.6091828327132875
237,5,7,1367,280,55.40169285714285,80.74769285714285,1182.316,1196.267,55.39569285714285,80.74769285714285,1.8536309038589314
