Colony_ID,Run,Interval,Light_Value,N_points,O2_start,O2_end,DeltaT_min,DeltaT_max,O2_min,O2_max,Slope
28,5,1,0,340,99.38846176470591,87.06946176470589,1197.516,1214.466,87.06946176470589,103.02546176470591,-1.168845792429355
28,5,2,177,245,14.429925619834734,16.895925619834713,1128.265,1140.466,14.18292561983472,17.092925619834716,0.2750799106910692
28,5,3,420,200,18.633954999999986,25.018954999999977,1141.517,1151.466,18.50395499999999,25.018954999999977,0.7669227420910113
28,5,4,698,180,26.96608888888889,36.61508888888889,1152.517,1161.466,26.884088888888897,36.63908888888889,1.1991385423563186
28,5,5,1130,180,39.42068888888889,52.034688888888894,1162.517,1171.466,39.22268888888888,52.034688888888894,1.4828848439348752
28,5,6,1219,180,54.6199,69.02690000000001,1172.516,1181.467,54.6199,69.02690000000001,1.6204306778132864
28,5,7,1367,280,72.22369285714285,96.03569285714286,1182.516,1196.466,72.18269285714285,96.06269285714285,1.7298627674762979
