Colony_ID,Run,Interval,Light_Value,N_points,O2_start,O2_end,DeltaT_min,DeltaT_max,O2_min,O2_max,Slope
234,3,1,0,301,82.87705315614619,73.69805315614616,998.217,1013.216,73.69805315614616,85.46705315614616,-1.0280958881028208
234,3,2,177,259,-3.000551724137921,1.6934482758620675,927.32,940.217,-3.017551724137917,1.7234482758620686,0.4030182990806445
234,3,3,420,181,3.0640994475138257,10.240099447513813,941.217,950.217,3.0470994475138298,10.240099447513813,0.9428764446154755
234,3,4,698,181,11.980828729281768,22.592828729281763,951.217,960.216,11.980828729281768,22.77282872928177,1.299281672899882
234,3,5,1130,181,25.065243093922646,37.59024309392265,961.217,970.217,25.039243093922664,37.59024309392265,1.4088910456996624
234,3,6,1219,201,40.0377960199005,54.4377960199005,971.217,981.217,40.0377960199005,54.4377960199005,1.45481870903814
234,3,7,1367,301,57.545784053156154,79.72278405315615,982.217,997.217,57.545784053156154,79.75478405315619,1.5004604765154108
