Colony_ID,Run,Interval,Light_Value,N_points,O2_start,O2_end,DeltaT_min,DeltaT_max,O2_min,O2_max,Slope
4,3,1,0,300,19.31705315614616,13.812053156146163,998.434,1013.384,13.737053156146175,22.806053156146163,-0.8285105387012199
4,3,2,177,262,-38.48055172413791,-35.63155172413792,927.336,940.384,-38.56655172413792,-35.596551724137925,0.23819140906836775
4,3,3,420,180,-34.65290055248619,-29.622900552486186,941.434,950.384,-34.65290055248619,-29.622900552486186,0.6297314242629015
4,3,4,698,180,-28.21517127071823,-21.232171270718254,951.434,960.384,-28.21517127071823,-20.95717127071825,0.8602866457988922
4,3,5,1130,180,-19.08275690607735,-11.065756906077354,961.434,970.383,-19.259756906077342,-11.065756906077354,0.9293570938803221
4,3,6,1219,200,-8.939203980099506,0.1357960199005106,971.434,981.383,-9.040203980099506,0.14179601990051083,0.927093368374596
4,3,7,1367,300,2.729784053156152,16.617784053156157,982.433,997.384,2.7017840531561603,16.726784053156166,0.9771056424022149
