Colony_ID,Run,Interval,Light_Value,N_points,O2_start,O2_end,DeltaT_min,DeltaT_max,O2_min,O2_max,Slope
3,5,1,0,341,26.413461764705886,21.4104617647059,1197.3,1214.3,21.38446176470589,27.542461764705877,-0.4637897002476688
3,5,2,177,244,2.735925619834717,2.5049256198347223,1128.156,1140.3,2.156925619834709,3.06392561983472,-0.002925618706871263
3,5,3,420,201,3.7679550000000006,5.117954999999995,1141.3,1151.301,3.61095499999999,5.117954999999995,0.12804662589529153
3,5,4,698,181,6.477088888888886,8.961088888888895,1152.3,1161.301,6.33508888888889,8.961088888888895,0.27297856681749444
3,5,5,1130,181,10.449688888888886,13.351688888888901,1162.3,1171.3,10.220688888888901,13.351688888888901,0.33666338318073036
3,5,6,1219,181,14.691900000000004,17.987900000000025,1172.3,1181.3,14.561900000000009,18.033900000000017,0.33070959261344013
3,5,7,1367,281,19.772692857142857,24.579692857142845,1182.3,1196.3,19.648692857142862,24.67769285714286,0.3487845369183339
