Colony_ID,Run,Interval,Light_Value,N_points,O2_start,O2_end,DeltaT_min,DeltaT_max,O2_min,O2_max,Slope
42,5,1,0,340,130.80146176470586,113.01246176470588,1197.15,1214.1,112.92546176470589,136.0184617647059,-1.775425945707088
42,5,2,177,241,2.343925619834721,7.718925619834721,1128.103,1140.1,1.94492561983472,7.718925619834721,0.528938166608576
42,5,3,420,200,9.59295499999999,20.216954999999984,1141.15,1151.1,9.389954999999986,20.219955,1.2901131160439387
42,5,4,698,180,22.69808888888889,38.7960888888889,1152.15,1161.1,22.69808888888889,38.7960888888889,1.967140783744632
42,5,5,1130,180,42.199688888888886,62.24868888888889,1162.15,1171.1,42.1786888888889,62.24868888888889,2.30329607054589
42,5,6,1219,180,65.65990000000002,87.73390000000003,1172.15,1181.1,65.65990000000002,87.73390000000003,2.4872631219355155
42,5,7,1367,280,91.67869285714283,126.92969285714287,1182.15,1196.1,91.54669285714283,126.92969285714287,2.5030359281880004
