Colony_ID,Run,Interval,Light_Value,N_points,O2_start,O2_end,DeltaT_min,DeltaT_max,O2_min,O2_max,Slope
27,4,1,0,301,98.28308333333334,90.10508333333334,1095.133,1110.133,90.10508333333334,105.52908333333332,-1.3498724756768525
27,4,2,177,238,-29.414238493723843,-22.54423849372384,1027.284,1039.134,-29.593238493723845,-22.493238493723823,0.6800933709923278
27,4,3,420,181,-20.627783333333326,-9.891783333333336,1040.133,1049.134,-20.627783333333326,-9.891783333333336,1.406322537798189
27,4,4,698,181,-7.252138888888879,8.893861111111107,1050.134,1059.134,-7.252138888888879,8.893861111111107,1.9393492164672401
27,4,5,1130,181,12.269627777777771,31.173627777777796,1060.133,1069.134,12.230627777777784,31.183627777777787,2.17576594280575
27,4,6,1219,181,34.91521666666668,55.36821666666668,1070.133,1079.134,34.91521666666668,55.36821666666668,2.233014951347628
27,4,7,1367,281,59.660078571428585,93.39307857142859,1080.133,1094.134,59.660078571428585,93.39307857142859,2.4229675132190933
