Colony_ID,Run,Interval,Light_Value,N_points,O2_start,O2_end,DeltaT_min,DeltaT_max,O2_min,O2_max,Slope
41,3,1,0,300,56.878053156146166,46.32905315614616,998.15,1013.1,46.32905315614616,57.91605315614618,-0.9520297972746221
41,3,2,177,257,2.7994482758620904,4.659448275862076,927.294,940.1,2.5524482758620763,4.666448275862081,0.19459138622749092
41,3,3,420,180,5.502099447513814,9.757099447513838,941.15,950.1,5.502099447513814,9.792099447513834,0.5289794353204081
41,3,4,698,180,11.182828729281766,17.477828729281754,951.15,960.1,11.182828729281766,17.541828729281747,0.764137762746706
41,3,5,1130,180,19.321243093922646,27.04824309392265,961.15,970.1,19.321243093922646,27.04824309392265,0.8894851091821293
41,3,6,1219,200,28.933796019900512,38.35779601990049,971.15,981.1,28.802796019900512,38.35779601990049,0.9504414524683608
41,3,7,1367,300,41.09878405315615,54.51278405315617,982.15,997.1,41.09878405315615,54.51478405315615,0.8876581811157725
