Colony_ID,Run,Interval,Light_Value,N_points,O2_start,O2_end,DeltaT_min,DeltaT_max,O2_min,O2_max,Slope
240,4,1,0,300,87.23808333333332,75.68308333333331,1095.35,1110.3,75.68308333333331,94.16008333333335,-1.7237077758126251
240,4,2,177,240,-19.22523849372385,-17.045238493723843,1027.346,1039.3,-19.255238493723823,-16.992238493723846,0.2010331412514952
240,4,3,420,180,-15.71978333333334,-9.536783333333346,1040.35,1049.3,-15.71978333333334,-9.536783333333346,0.8782847014899834
240,4,4,698,180,-7.451138888888892,4.96586111111111,1050.35,1059.3,-7.451138888888892,4.96586111111111,1.5436193139980225
240,4,5,1130,180,8.24162777777778,24.853627777777774,1060.35,1069.3,8.230627777777784,24.853627777777774,1.9457833523186254
240,4,6,1219,180,28.488216666666688,47.31021666666669,1070.35,1079.3,28.488216666666688,47.31021666666669,2.1743905139198567
240,4,7,1367,280,51.37507857142856,82.52907857142856,1080.35,1094.3,51.37507857142856,82.52907857142856,2.230223613340998
