Colony_ID,Run,Interval,Light_Value,N_points,O2_start,O2_end,DeltaT_min,DeltaT_max,O2_min,O2_max,Slope
235,2,1,0,216,21.029796296296297,7.561796296296308,190.218,200.962,7.380796296296296,21.029796296296297,-1.2584260835553516
235,2,2,177,242,-56.07000816326533,-53.490008163265315,109.155,121.212,-56.1000081632653,-53.38200816326531,0.2192758736383487
235,2,3,420,181,-53.2726132596685,-46.6056132596685,122.212,131.211,-53.326613259668505,-46.6056132596685,0.9287719137676094
235,2,4,698,181,-45.5042596685083,-33.579259668508286,132.212,141.211,-45.5042596685083,-33.579259668508286,1.4651802833469851
235,2,5,1130,201,-31.88175621890548,-16.491756218905493,142.212,152.212,-31.88175621890548,-16.473756218905493,1.5593736864276662
235,2,6,1219,181,-14.53822651933703,-0.2612265193370149,153.211,162.212,-14.689226519337012,-0.2612265193370149,1.595412362094708
235,2,7,1367,397,2.05090428211588,30.115904282115878,163.211,183.011,2.05090428211588,31.775904282115874,1.6962197074145628
