Colony_ID,Run,Interval,Light_Value,N_points,O2_start,O2_end,DeltaT_min,DeltaT_max,O2_min,O2_max,Slope
26,3,1,0,301,124.03505315614615,114.30405315614615,998.433,1013.433,114.01705315614618,130.24905315614615,-1.4929886998103241
26,3,2,177,263,10.422448275862081,13.072448275862087,927.339,940.433,10.272448275862075,13.206448275862073,0.2444675094579944
26,3,3,420,181,14.155099447513834,21.556099447513816,941.433,950.433,14.002099447513814,21.556099447513816,1.0509790770577185
26,3,4,698,181,23.382828729281755,36.557828729281766,951.433,960.433,23.382828729281755,36.557828729281766,1.6625919574723982
26,3,5,1130,181,39.14724309392264,56.40724309392266,961.433,970.433,39.14724309392264,56.40724309392266,1.7750625430906941
26,3,6,1219,201,59.58779601990051,80.9197960199005,971.433,981.433,59.4907960199005,80.9197960199005,2.1706904264765745
26,3,7,1367,301,84.64378405315614,120.25378405315615,982.433,997.433,84.64378405315614,120.58478405315617,2.478957063555017
