Colony_ID,Run,Interval,Light_Value,N_points,O2_start,O2_end,DeltaT_min,DeltaT_max,O2_min,O2_max,Slope
236,1,1,0,281,121.33180714285714,111.75380714285717,72.296,86.296,111.75380714285717,123.25180714285716,-1.02516570940079
236,1,2,177,247,36.779481632653045,39.47848163265306,0,12.296,36.42148163265307,39.49748163265306,0.2507462646128352
236,1,3,420,221,39.007568181818186,44.84156818181819,12.296,23.296,38.98456818181819,44.84156818181819,0.6797451368666273
236,1,4,698,201,45.66616500000001,57.55616499999999,24.296,34.296,45.66616500000001,57.55616499999999,1.3066515461412276
236,1,5,1130,181,59.0220611111111,73.3420611111111,35.296,44.296,58.96606111111109,73.3420611111111,1.597082691064589
236,1,6,1219,181,74.68758888888888,90.20758888888889,45.296,54.296,74.68758888888888,90.20758888888889,1.7763258960603987
236,1,7,1367,321,92.62628749999999,119.3312875,55.296,71.296,92.62628749999999,119.3312875,1.8638257450076805
