Colony_ID,Run,Interval,Light_Value,N_points,O2_start,O2_end,DeltaT_min,DeltaT_max,O2_min,O2_max,Slope
244,3,1,0,300,131.37905315614614,110.19805315614616,998.35,1013.3,110.19805315614616,136.47005315614615,-2.137269065959864
244,3,2,177,261,-0.7065517241379098,-0.9045517241379173,927.298,940.3,-1.794551724137932,-0.6205517241379255,-0.05595476076504351
244,3,3,420,180,0.1810994475138159,6.954099447513812,941.35,950.3,0.13709944751383318,7.111099447513823,0.9979834810657745
244,3,4,698,180,9.01082872928177,23.477828729281754,951.35,960.299,8.966828729281758,23.477828729281754,1.8926823639133965
244,3,5,1130,180,26.58624309392266,46.45524309392266,961.35,970.3,26.58624309392266,46.45524309392266,2.4205304782200927
244,3,6,1219,200,50.11779601990051,77.0787960199005,971.35,981.3,50.11779601990051,77.0787960199005,2.8475974081573887
244,3,7,1367,300,81.71378405315613,126.64078405315615,982.35,997.3,81.71378405315613,126.68878405315616,3.042559709362244
