Colony_ID,Run,Interval,Light_Value,N_points,O2_start,O2_end,DeltaT_min,DeltaT_max,O2_min,O2_max,Slope,Avg_Blank_Slope,Blank_Corrected_Slope
41,7,1,0,480,187.082,158.292,86.415,110.374,158.248,187.082,-0.7779462633934088,-0.041732685665987465,-0.7362135777274214
41,7,2,150,168,189.608,183.804,0,8.357,180.598,189.608,0.8323920696302796,0.35090320333479835,0.4814888662954812
41,7,3,275,180,184.752,198.134,9.406,18.357,184.752,198.134,1.6024782775011912,0.46242180109472414,1.1400564764064671
41,7,4,530,180,199.784,217.759,19.406,28.357,199.784,217.759,2.141592822885134,0.547823591086577,1.593769231798557
41,7,5,730,180,220.02,241.851,29.406,38.356,220.02,241.851,2.522345903857457,0.5758706214681443,1.9464752823893128
41,7,6,945,220,244.574,274.577,39.407,50.357,244.574,274.593,2.8261956643944464,0.5658108965110179,2.2603847678834286
41,7,7,1190,260,277.336,312.687,51.407,64.356,277.336,312.706,2.7035931075658164,0.5531831177695788,2.1504099897962377
