Colony_ID,Run,Interval,Light_Value,N_points,O2_start,O2_end,DeltaT_min,DeltaT_max,O2_min,O2_max,Slope,Avg_Blank_Slope,Blank_Corrected_Slope
239,10,1,0,469,167.342,154.315,370.924,394.323,154.188,167.41,-0.5412531248854785,-0.041732685665987465,-0.499520439219491
239,10,2,150,147,170.882,178.037,287.044,294.339,170.816,178.037,1.0882253419158996,0.35090320333479835,0.7373221385811013
239,10,3,275,180,179.086,193.029,295.389,304.339,179.086,193.029,1.601452927881641,0.46242180109472414,1.1390311267869169
239,10,4,530,180,194.887,211.942,305.39,314.339,194.831,211.942,1.9535866943437035,0.547823591086577,1.4057631032571265
239,10,5,730,180,213.951,232.869,315.389,324.339,213.951,232.88,2.1264976334992425,0.5758706214681443,1.5506270120310983
239,10,6,945,260,234.957,263.663,325.389,338.339,234.957,263.7,2.229578078450371,0.5658108965110179,1.6637671819393534
239,10,7,1190,211,266.31,286.193,339.389,349.89,266.31,286.193,2.6077014475941094,0.5531831177695788,2.0545183298245306
