Colony_ID,Run,Interval,Light_Value,N_points,O2_start,O2_end,DeltaT_min,DeltaT_max,O2_min,O2_max,Slope,Avg_Blank_Slope,Blank_Corrected_Slope
240,10,1,0,475,200.453,181.891,370.951,394.644,181.891,200.453,-0.6036358042770755,-0.041732685665987465,-0.5619031186110881
240,10,2,150,155,200.795,203.711,286.933,294.627,199.935,203.711,0.7593759377604996,0.35090320333479835,0.40847273442570126
240,10,3,275,180,204.572,216.623,295.677,304.627,204.568,216.623,1.375214804063869,0.46242180109472414,0.9127930029691449
240,10,4,530,180,218.05,234.633,305.677,314.627,218.05,234.633,1.928291548024162,0.547823591086577,1.380467956937585
240,10,5,730,180,236.509,255.159,315.677,324.627,236.509,255.159,2.0472705873736787,0.5758706214681443,1.4713999659055346
240,10,6,945,260,257.244,287.117,325.677,338.627,257.211,287.117,2.310413643977456,0.5658108965110179,1.744602747466438
240,10,7,1190,204,289.373,314.692,339.677,349.827,289.339,314.692,2.5009041662562885,0.5531831177695788,1.9477210484867098
