Colony_ID,Run,Interval,Light_Value,N_points,O2_start,O2_end,DeltaT_min,DeltaT_max,O2_min,O2_max,Slope,Avg_Blank_Slope,Blank_Corrected_Slope
210,10,1,0,474,143.04,119.542,370.934,394.582,119.542,143.04,-0.4954735638258724,-0.041732685665987465,-0.4537408781598849
210,10,2,150,153,133.741,138.307,286.94,294.548,133.307,138.313,0.8693921390328372,0.35090320333479835,0.5184889356980389
210,10,3,275,180,139.31,151.82,295.599,304.549,139.31,151.82,1.5113772493503304,0.46242180109472414,1.0489554482556063
210,10,4,530,180,153.433,170.058,305.598,314.548,153.433,170.058,1.962138426123014,0.547823591086577,1.414314835036437
210,10,5,730,180,172.176,192.254,315.599,324.549,172.176,192.254,2.270760163561292,0.5758706214681443,1.694889542093148
210,10,6,945,260,194.679,225.918,325.599,338.549,194.679,225.986,2.4138140377512882,0.5658108965110179,1.8480031412402704
210,10,7,1190,206,228.427,253.259,339.598,349.849,228.427,253.259,2.442824096819436,0.5531831177695788,1.8896409790498572
