Colony_ID,Run,Interval,Light_Value,N_points,O2_start,O2_end,DeltaT_min,DeltaT_max,O2_min,O2_max,Slope,Avg_Blank_Slope,Blank_Corrected_Slope
203,9,1,0,439,175.913,155.365,229.685,251.584,155.365,175.913,-0.6860444959230113,-0.041732685665987465,-0.6443118102570239
203,9,2,150,154,173.268,173.224,148.93,156.584,167.887,173.32,1.0227986911298574,0.35090320333479835,0.6718954877950591
203,9,3,275,180,174.472,189.188,157.634,166.584,174.472,189.188,1.9050464862146377,0.46242180109472414,1.4426246851199136
203,9,4,530,180,191.29,213.437,167.634,176.585,191.23,213.437,2.564940725814547,0.547823591086577,2.01711713472797
203,9,5,730,180,216.047,241.15,177.634,186.585,216.047,241.195,2.8701683586915676,0.5758706214681443,2.2942977372234235
203,9,6,945,180,244.143,271.007,187.634,196.584,244.143,271.007,3.006596234777547,0.5658108965110179,2.440785338266529
203,9,7,1190,212,274.337,306.091,197.634,208.184,274.204,306.158,3.050087099884808,0.5531831177695788,2.4969039821152292
