Colony_ID,Run,Interval,Light_Value,N_points,O2_start,O2_end,DeltaT_min,DeltaT_max,O2_min,O2_max,Slope,Avg_Blank_Slope,Blank_Corrected_Slope
19,7,1,0,476,173.166,156.43,86.489,110.245,156.43,173.166,-0.6838308826450273,-0.041732685665987465,-0.6420981969790399
19,7,2,150,166,180.138,185.289,0,8.246,178.201,185.289,1.0897972632061574,0.35090320333479835,0.7388940598713591
19,7,3,275,180,186.312,199.455,9.295,18.245,186.312,199.455,1.5157201060040322,0.46242180109472414,1.053298304909308
19,7,4,530,180,201.111,218.357,19.295,28.245,201.111,218.357,2.0162012933941,0.547823591086577,1.4683777023075228
19,7,5,730,180,220.41,239.829,29.295,38.245,220.41,239.833,2.189827076542594,0.5758706214681443,1.6139564550744496
19,7,6,945,220,242.211,268.228,39.295,50.245,242.211,268.228,2.3586013059225195,0.5658108965110179,1.7927904094115017
19,7,7,1190,266,270.403,300.963,51.295,64.545,270.276,300.994,2.319781653907322,0.5531831177695788,1.7665985361377432
