Colony_ID,Run,Interval,Light_Value,N_points,O2_start,O2_end,DeltaT_min,DeltaT_max,O2_min,O2_max,Slope,Avg_Blank_Slope,Blank_Corrected_Slope
27,10,1,0,473,184.388,153.716,370.929,394.53,153.716,184.388,-0.8857278469476083,-0.041732685665987465,-0.8439951612816209
27,10,2,150,152,175.893,182.599,286.957,294.513,175.522,182.607,1.1291086022048535,0.35090320333479835,0.7782053988700552
27,10,3,275,180,183.909,205.574,295.564,304.514,183.909,205.574,2.6290954877154866,0.46242180109472414,2.1666736866207623
27,10,4,530,180,208.365,239.828,305.563,314.513,208.365,239.828,3.6642719998704583,0.547823591086577,3.1164484087838815
27,10,5,730,180,243.676,280.988,315.564,324.514,243.676,281.012,4.223485660452761,0.5758706214681443,3.647615038984617
27,10,6,945,260,285.673,343.247,325.564,338.514,285.673,343.247,4.492218786918933,0.5658108965110179,3.926407890407915
27,10,7,1190,207,347.752,392.963,339.563,349.863,347.752,392.963,4.36281728184144,0.5531831177695788,3.809634164071861
