Colony_ID,Run,Interval,Light_Value,N_points,O2_start,O2_end,DeltaT_min,DeltaT_max,O2_min,O2_max,Slope,Avg_Blank_Slope,Blank_Corrected_Slope
204,9,1,0,433,171.57,163.053,229.721,251.319,163.053,171.57,-0.34429034338590064,-0.041732685665987465,-0.30255765771991316
204,9,2,150,156,168.806,175.036,148.565,156.319,168.709,175.036,0.8658376099737084,0.35090320333479835,0.5149344066389101
204,9,3,275,181,175.968,186.866,157.319,166.319,175.863,186.866,1.321007338999888,0.46242180109472414,0.8585855379051639
204,9,4,530,181,188.391,203.336,167.319,176.319,188.391,203.336,1.7582751680085171,0.547823591086577,1.2104515769219402
204,9,5,730,181,205.094,222.116,177.319,186.319,205.058,222.116,1.9258191415766142,0.5758706214681443,1.34994852010847
204,9,6,945,181,223.889,241.987,187.319,196.319,223.889,242.006,2.013577141685223,0.5658108965110179,1.447766245174205
204,9,7,1190,219,243.891,265.532,197.319,208.219,243.891,265.635,2.010115576513177,0.5531831177695788,1.4569324587435983
