Colony_ID,Run,Interval,Light_Value,N_points,O2_start,O2_end,DeltaT_min,DeltaT_max,O2_min,O2_max,Slope,Avg_Blank_Slope,Blank_Corrected_Slope
3,7,1,0,477,174.02,164.736,86.463,110.262,164.532,174.157,-0.36516472729357125,-0.041732685665987465,-0.32343204162758377
3,7,2,150,167,176.641,180.033,0,8.295,174.935,180.033,0.7838243324489538,0.35090320333479835,0.4329211291141554
3,7,3,275,181,180.727,189.919,9.296,18.295,180.727,189.919,1.0525848774084932,0.46242180109472414,0.5901630763137691
3,7,4,530,181,191.049,202.57,19.295,28.295,190.94,202.57,1.3238115530063859,0.547823591086577,0.7759879619198089
3,7,5,730,181,203.792,217.092,29.296,38.295,203.792,217.092,1.465678964816937,0.5758706214681443,0.8898083433487928
3,7,6,945,221,218.463,236.03,39.295,50.295,218.463,236.03,1.6231298714765712,0.5658108965110179,1.0573189749655532
3,7,7,1190,265,237.76,258.917,51.296,64.496,237.76,258.917,1.61784233561282,0.5531831177695788,1.064659217843241
