Colony_ID,Run,Interval,Light_Value,N_points,O2_start,O2_end,DeltaT_min,DeltaT_max,O2_min,O2_max,Slope,Avg_Blank_Slope,Blank_Corrected_Slope
2,6,1,0,529,187.142,151.736,556.591,582.992,151.736,187.142,-1.1935143621638444,-0.041732685665987465,-1.151781676497857
2,6,2,150,163,252.177,265.272,471.91,480.009,252.177,265.429,1.6417052994262722,0.35090320333479835,1.290802096091474
2,6,3,275,181,266.864,291.437,481.009,490.009,266.864,291.437,2.9242141014101195,0.46242180109472414,2.461792300315395
2,6,4,530,221,294.536,334.66,491.009,502.009,294.343,334.705,3.7906787559152115,0.547823591086577,3.242855164828635
2,6,5,730,181,338.579,371.004,503.009,512.009,338.579,371.004,3.751328158382048,0.5758706214681443,3.1754575369139038
2,6,6,945,181,374.442,403.995,513.009,522.009,374.442,404.14,3.2085753154890897,0.5658108965110179,2.642764418978072
2,6,7,1190,205,407.208,420.5,523.009,533.209,407.208,423.762,3.0627575755862733,0.5531831177695788,2.5095744578166945
