Colony_ID,Run,Interval,Light_Value,N_points,O2_start,O2_end,DeltaT_min,DeltaT_max,O2_min,O2_max,Slope,Avg_Blank_Slope,Blank_Corrected_Slope
209,10,1,0,471,181.545,162.398,370.934,394.434,162.39,181.545,-0.4375013678795441,-0.041732685665987465,-0.3957686822135566
209,10,2,150,150,178.697,184.014,286.993,294.452,177.555,184.014,1.2405519546971888,0.35090320333479835,0.8896487513623905
209,10,3,275,180,185.251,200.471,295.501,304.451,185.251,200.471,1.7570798233477198,0.46242180109472414,1.2946580222529958
209,10,4,530,180,202.407,219.884,305.501,314.451,202.266,219.908,2.0235583469303284,0.547823591086577,1.4757347558437515
209,10,5,730,180,221.917,240.659,315.501,324.451,221.917,240.659,2.094758587906454,0.5758706214681443,1.5188879664383097
209,10,6,945,260,242.871,270.489,325.501,338.451,242.857,270.489,2.126908366238675,0.5658108965110179,1.5610974697276574
209,10,7,1190,208,272.597,294.62,339.501,349.852,272.509,294.62,2.151079788416644,0.5531831177695788,1.5978966706470654
