Colony_ID,Run,Interval,Light_Value,N_points,O2_start,O2_end,DeltaT_min,DeltaT_max,O2_min,O2_max,Slope,Avg_Blank_Slope,Blank_Corrected_Slope
242,9,1,0,437,177.849,158.063,229.692,251.497,158.063,177.849,-0.6070119558449311,-0.041732685665987465,-0.5652792701789436
242,9,2,150,153,167.986,170.375,148.915,156.514,167.585,170.375,0.4461000365782813,0.35090320333479835,0.09519683324348294
242,9,3,275,181,170.949,179.173,157.514,166.513,170.801,179.177,1.042237354522012,0.46242180109472414,0.579815553427288
242,9,4,530,181,180.171,193.627,167.513,176.514,180.171,193.627,1.577370694154492,0.547823591086577,1.029547103067915
242,9,5,730,181,195.3,211.63,177.514,186.514,195.3,211.68,1.904046853135764,0.5758706214681443,1.3281762316676198
242,9,6,945,181,213.551,232.463,187.514,196.513,213.489,232.501,2.1433943034560374,0.5658108965110179,1.5775834069450196
242,9,7,1190,214,234.727,259.183,197.513,208.163,234.604,259.183,2.305834747089828,0.5531831177695788,1.7526516293202494
