Colony_ID,Run,Interval,Light_Value,N_points,O2_start,O2_end,DeltaT_min,DeltaT_max,O2_min,O2_max,Slope,Avg_Blank_Slope,Blank_Corrected_Slope
247,10,1,0,471,135.024,119.801,370.936,394.435,119.801,135.024,-0.5957793519120103,-0.041732685665987465,-0.5540466662460228
247,10,2,150,149,136.696,143.281,287.01,294.418,136.696,143.311,0.9625304909845928,0.35090320333479835,0.6116272876497943
247,10,3,275,180,144.386,158.74,295.468,304.418,144.386,158.74,1.6904010707149484,0.46242180109472414,1.2279792696202243
247,10,4,530,180,160.553,180.163,305.468,314.418,160.553,180.163,2.266142713068804,0.547823591086577,1.718319121982227
247,10,5,730,180,182.548,205.553,315.468,324.418,182.502,205.553,2.6020772597890973,0.5758706214681443,2.026206638320953
247,10,6,945,260,208.167,244.817,325.468,338.418,208.167,244.817,2.8599383167277503,0.5658108965110179,2.2941274202167325
247,10,7,1190,209,248.128,279.77,339.468,349.868,248.128,279.909,3.096817454647186,0.5531831177695788,2.543634336877607
