Colony_ID,Run,Interval,Light_Value,N_points,O2_start,O2_end,DeltaT_min,DeltaT_max,O2_min,O2_max,Slope,Avg_Blank_Slope,Blank_Corrected_Slope
28,6,1,0,531,145.356,125.522,556.615,583.116,125.522,145.356,-0.5818149685532417,-0.041732685665987465,-0.5400822828872542
28,6,2,150,168,190.436,198.14,471.805,480.148,190.436,198.153,0.5907794626990318,0.35090320333479835,0.23987625936423346
28,6,3,275,181,198.654,206.924,481.148,490.148,198.654,206.966,1.0112537362424412,0.46242180109472414,0.5488319351477171
28,6,4,530,221,207.963,221.876,491.149,502.149,207.951,221.876,1.308473366764204,0.547823591086577,0.7606497756776269
28,6,5,730,181,222.963,235.551,503.149,512.149,222.963,235.551,1.403478490459484,0.5758706214681443,0.8276078689913396
28,6,6,945,181,236.768,249.339,513.149,522.149,236.768,249.409,1.4258359185751077,0.5658108965110179,0.8600250220640898
28,6,7,1190,204,250.794,264.9,523.148,533.298,250.794,264.983,1.416483847678925,0.5531831177695788,0.8633007299093461
