Colony_ID,Run,Interval,Light_Value,N_points,O2_start,O2_end,DeltaT_min,DeltaT_max,O2_min,O2_max,Slope,Avg_Blank_Slope,Blank_Corrected_Slope
44,7,1,0,478,145.259,129.867,86.449,110.299,129.867,145.259,-0.44218893553192473,-0.041732685665987465,-0.40045624986593725
44,7,2,150,167,139.812,144.537,0,8.3,139.033,144.747,0.7883233108072244,0.35090320333479835,0.43742010747242605
44,7,3,275,180,145.44,154.363,9.349,18.3,145.44,154.374,1.0222271361038415,0.46242180109472414,0.5598053350091174
44,7,4,530,180,155.377,166.674,19.35,28.3,155.377,166.685,1.2923695650702614,0.547823591086577,0.7445459739836844
44,7,5,730,180,168.081,182.005,29.349,38.3,168.081,182.005,1.6413282116411188,0.5758706214681443,1.0654575901729744
44,7,6,945,220,183.797,202.74,39.35,50.3,183.797,202.74,1.7459959986786928,0.5658108965110179,1.180185102167675
44,7,7,1190,266,204.298,228.203,51.35,64.6,204.298,228.317,1.8329703158484527,0.5531831177695788,1.279787198078874
