Colony_ID,Run,Interval,Light_Value,N_points,O2_start,O2_end,DeltaT_min,DeltaT_max,O2_min,O2_max,Slope,Avg_Blank_Slope,Blank_Corrected_Slope
plug conditioned,7,1,0,473,176.978,175.564,86.511,110.118,175.467,176.978,-0.041732685665987465,-0.041732685665987465,0
plug conditioned,7,2,150,165,178.443,180.155,0,8.201,177.785,180.319,0.35090320333479835,0.35090320333479835,0
plug conditioned,7,3,275,180,180.595,184.839,9.252,18.202,180.595,184.839,0.46242180109472414,0.46242180109472414,0
plug conditioned,7,4,530,180,185.23,189.853,19.251,28.202,185.16,189.971,0.547823591086577,0.547823591086577,0
plug conditioned,7,5,730,180,190.502,195.658,29.251,38.201,190.502,195.71,0.5758706214681443,0.5758706214681443,0
plug conditioned,7,6,945,220,196.375,202.494,39.251,50.202,196.274,202.494,0.5658108965110179,0.5658108965110179,0
plug conditioned,7,7,1190,267,203.118,210.337,51.252,64.551,203.038,210.393,0.5531831177695788,0.5531831177695788,0
