Colony_ID,Run,Interval,Light_Value,N_points,O2_start,O2_end,DeltaT_min,DeltaT_max,O2_min,O2_max,Slope,Avg_Blank_Slope,Blank_Corrected_Slope
205,7,1,0,480,179.501,165.367,86.442,110.392,165.366,179.501,-0.5495319950822778,-0.041732685665987465,-0.5077993094162904
205,7,2,150,169,188.428,186.879,0,8.408,181.782,188.428,0.836201195858707,0.35090320333479835,0.48529799252390865
205,7,3,275,181,187.757,199.095,9.409,18.408,187.757,199.095,1.3090695874600118,0.46242180109472414,0.8466477863652877
205,7,4,530,181,200.373,215.163,19.408,28.408,200.358,215.163,1.689692668606512,0.547823591086577,1.141869077519935
205,7,5,730,181,216.778,233.39,29.409,38.408,216.778,233.39,1.8580958666403495,0.5758706214681443,1.2822252451722052
205,7,6,945,221,235.472,257.1,39.408,50.408,235.282,257.1,2.0007288792659628,0.5658108965110179,1.434917982754945
205,7,7,1190,264,259.088,285.501,51.409,64.559,259.088,285.501,1.998410170961829,0.5531831177695788,1.4452270531922502
