Colony_ID,Run,Interval,Light_Value,N_points,O2_start,O2_end,DeltaT_min,DeltaT_max,O2_min,O2_max,Slope,Avg_Blank_Slope,Blank_Corrected_Slope
4,6,1,0,526,179.79,168.666,556.584,582.841,168.653,179.835,-0.428115998443503,-0.041732685665987465,-0.38638331277751553
4,6,2,150,160,248.6,252.397,471.89,479.841,248.6,252.397,0.42874936587985835,0.35090320333479835,0.07784616254506
4,6,3,275,181,252.697,259.646,480.841,489.841,252.697,259.747,0.8693612535124108,0.46242180109472414,0.40693945241768664
4,6,4,530,221,260.679,273.8,490.841,501.841,260.679,273.8,1.2417544819641488,0.547823591086577,0.6939308908775719
4,6,5,730,181,274.987,286.996,502.841,511.841,274.987,286.996,1.3094117942412322,0.5758706214681443,0.733541172773088
4,6,6,945,181,288.032,297.614,512.841,521.841,288.032,297.614,1.2305509994600894,0.5658108965110179,0.6647401029490715
4,6,7,1190,209,299.121,312.328,522.841,533.242,299.121,312.613,1.2970773233415565,0.5531831177695788,0.7438942055719776
