Colony_ID,Run,Interval,Light_Value,N_points,O2_start,O2_end,DeltaT_min,DeltaT_max,O2_min,O2_max,Slope,Avg_Blank_Slope,Blank_Corrected_Slope
1,6,1,0,533,212.421,184.513,556.047,582.645,184.457,212.421,-1.008871590315869,-0.041732685665987465,-0.9671389046498815
1,6,2,150,170,283.831,300.659,471.198,479.645,283.831,300.659,1.4050265573043943,0.35090320333479835,1.054123353969596
1,6,3,275,180,302.144,321.217,480.695,489.645,301.967,321.217,2.3174478732276436,0.46242180109472414,1.8550260721329195
1,6,4,530,220,323.479,354.535,490.695,501.645,323.479,354.535,2.9482773309884376,0.547823591086577,2.4004537399018604
1,6,5,730,180,357.877,383.999,502.695,511.645,357.754,383.999,2.914397425041559,0.5758706214681443,2.338526803573415
1,6,6,945,180,386.928,411.323,512.695,521.645,386.615,411.323,2.774446402653953,0.5658108965110179,2.2086355061429352
1,6,7,1190,201,413.535,438.331,522.695,532.695,413.535,438.331,2.5859350144239794,0.5531831177695788,2.0327518966544007
