Colony_ID,Run,Interval,Light_Value,N_points,O2_start,O2_end,DeltaT_min,DeltaT_max,O2_min,O2_max,Slope,Avg_Blank_Slope,Blank_Corrected_Slope
238,9,1,0,434,168.008,154.554,229.714,251.356,154.554,168.057,-0.5759181889774765,-0.041732685665987465,-0.5341855033114891
238,9,2,150,149,164.183,168.72,148.946,156.339,163.911,168.802,0.8426609014107884,0.35090320333479835,0.49175769807599007
238,9,3,275,180,169.616,180.97,157.39,166.339,169.616,180.97,1.3027801902807852,0.46242180109472414,0.8403583891860611
238,9,4,530,180,182.319,197.528,167.389,176.339,182.319,197.528,1.7918061087248498,0.547823591086577,1.2439825176382728
238,9,5,730,180,199.387,217.148,177.389,186.339,199.3,217.148,2.0180913981772215,0.5758706214681443,1.4422207767090773
238,9,6,945,180,218.978,238.489,187.389,196.34,218.978,238.489,2.1720064852975987,0.5658108965110179,1.6061955887865809
238,9,7,1190,217,240.833,265.003,197.389,208.189,240.833,265.006,2.2979121139023633,0.5531831177695788,1.7447289961327845
