Colony_ID,Run,Interval,Light_Value,N_points,O2_start,O2_end,DeltaT_min,DeltaT_max,O2_min,O2_max,Slope,Avg_Blank_Slope,Blank_Corrected_Slope
201,6,1,0,532,192.565,175.217,556.616,583.164,175.21,192.565,-0.37316189595021115,-0.041732685665987465,-0.3314292102842237
201,6,2,150,168,253.001,259.817,471.809,480.164,253.001,259.817,0.33740832831135875,0.35090320333479835,-0.013494875023439601
201,6,3,275,180,259.988,265.594,481.213,490.163,259.664,265.594,0.7149249086539208,0.46242180109472414,0.25250310755919664
201,6,4,530,220,266.703,278.034,491.213,502.163,266.352,278.034,1.0928707974685243,0.547823591086577,0.5450472063819474
201,6,5,730,180,279.458,290.792,503.213,512.164,279.17,290.792,1.310099177206857,0.5758706214681443,0.7342285557387128
201,6,6,945,180,292.149,304.032,513.214,522.163,292.149,304.032,1.3368451309151639,0.5658108965110179,0.771034234404146
201,6,7,1190,202,305.588,316.424,523.214,533.263,305.414,316.599,1.0931111293870888,0.5531831177695788,0.5399280116175099
