Colony_ID,Run,Interval,Light_Value,N_points,O2_start,O2_end,DeltaT_min,DeltaT_max,O2_min,O2_max,Slope,Avg_Blank_Slope,Blank_Corrected_Slope
241,9,1,0,439,146.49,118.989,229.683,251.581,118.989,146.49,-0.5257621532376509,-0.041732685665987465,-0.4840294675716634
241,9,2,150,154,130.189,130.487,148.924,156.582,127.256,130.487,0.6288673146632437,0.35090320333479835,0.2779641113284454
241,9,3,275,181,131.033,141.067,157.582,166.582,131.033,141.067,1.3025354011775057,0.46242180109472414,0.8401136000827816
241,9,4,530,181,142.401,158.098,167.582,176.582,142.401,158.098,1.86121370136032,0.547823591086577,1.313390110273743
241,9,5,730,181,159.944,179.089,177.582,186.582,159.944,179.089,2.173579031879764,0.5758706214681443,1.5977084104116197
241,9,6,945,181,181.285,202.931,187.582,196.582,181.285,202.931,2.405664289681526,0.5658108965110179,1.8398533931705083
241,9,7,1190,213,205.266,233.065,197.582,208.182,205.266,233.065,2.6104189921856227,0.5531831177695788,2.057235874416044
