Colony_ID,Run,Interval,Light_Value,N_points,O2_start,O2_end,DeltaT_min,DeltaT_max,O2_min,O2_max,Slope,Avg_Blank_Slope,Blank_Corrected_Slope
225,6,1,0,527,143.161,113.609,556.585,582.88,113.546,143.161,-1.104075130254941,-0.041732685665987465,-1.0623424445889535
225,6,2,150,161,191.032,197.076,471.9,479.897,191.025,197.076,0.7819860685905283,0.35090320333479835,0.43108286525573
225,6,3,275,181,197.735,211.859,480.896,489.896,197.68,211.871,1.7548143930579045,0.46242180109472414,1.2923925919631805
225,6,4,530,221,213.904,241.126,490.897,501.897,213.86,241.126,2.6313174023183863,0.547823591086577,2.0834938112318095
225,6,5,730,181,243.896,267.741,502.897,511.897,243.891,267.741,2.6939919441739635,0.5758706214681443,2.1181213227058193
225,6,6,945,181,270.184,293.465,512.897,521.897,270.184,293.549,2.660325109034252,0.5658108965110179,2.0945142125232343
225,6,7,1190,208,296.179,318.897,522.897,533.247,295.007,319.152,2.3786147854647406,0.5531831177695788,1.8254316676951619
