Colony_ID,Run,Interval,Light_Value,N_points,O2_start,O2_end,DeltaT_min,DeltaT_max,O2_min,O2_max,Slope,Avg_Blank_Slope,Blank_Corrected_Slope
235,9,1,0,436,180.876,156.146,229.685,251.435,156.146,180.876,-0.6815075143001081,-0.041732685665987465,-0.6397748286341207
235,9,2,150,152,170.4,171.59,148.919,156.468,167.494,171.59,0.8132396565183451,0.35090320333479835,0.4623364531835467
235,9,3,275,181,172.58,186.252,157.468,166.468,172.58,186.252,1.683924196089325,0.46242180109472414,1.221502394994601
235,9,4,530,181,188.048,208.714,167.468,176.468,188.026,208.714,2.4942031348622,0.547823591086577,1.9463795437756228
235,9,5,730,181,211.299,237.307,177.468,186.468,211.299,237.307,3.0013214641788832,0.5758706214681443,2.425450842710739
235,9,6,945,181,240.31,269.813,187.468,196.468,240.307,269.813,3.3730146321636845,0.5658108965110179,2.8072037356526667
235,9,7,1190,215,273.287,311.531,197.468,208.168,273.287,311.531,3.58926460648008,0.5531831177695788,3.036081488710501
