Colony_ID,Run,Interval,Light_Value,N_points,O2_start,O2_end,DeltaT_min,DeltaT_max,O2_min,O2_max,Slope,Avg_Blank_Slope,Blank_Corrected_Slope
211,9,1,0,436,149.407,121.564,229.689,251.434,121.563,149.407,-0.6312624576265612,-0.041732685665987465,-0.5895297719605738
211,9,2,150,151,133.343,137.285,148.925,156.418,132.755,137.285,0.7671885625433671,0.35090320333479835,0.41628535920856874
211,9,3,275,180,138.118,150.606,157.468,166.418,138.063,150.606,1.668743171794946,0.46242180109472414,1.2063213707002218
211,9,4,530,180,152.532,173.302,167.468,176.418,152.433,173.302,2.479023799301125,0.547823591086577,1.931200208214548
211,9,5,730,180,176.045,200.06,177.468,186.418,176.045,200.06,2.772734372620907,0.5758706214681443,2.1968637511527627
211,9,6,945,180,203.116,229.075,187.468,196.419,203.116,229.173,2.9319215850702802,0.5658108965110179,2.3661106885592624
211,9,7,1190,215,232.402,265.039,197.468,208.168,232.402,265.039,3.0670012950585614,0.5531831177695788,2.5138181772889827
