Colony_ID,Run,Interval,Light_Value,N_points,O2_start,O2_end,DeltaT_min,DeltaT_max,O2_min,O2_max,Slope,Avg_Blank_Slope,Blank_Corrected_Slope
26,10,1,0,474,173.938,156.133,370.942,394.584,156.121,173.938,-0.6409432651793933,-0.041732685665987465,-0.5992105795134058
26,10,2,150,154,171.782,175.025,286.931,294.584,171.183,175.025,0.5946441369624317,0.35090320333479835,0.24374093362763333
26,10,3,275,180,175.718,186.503,295.635,304.584,175.698,186.503,1.258613189601558,0.46242180109472414,0.7961913885068339
26,10,4,530,180,187.81,201.931,305.634,314.584,187.81,201.984,1.64251420881976,0.547823591086577,1.094690617733183
26,10,5,730,180,203.631,219.518,315.635,324.584,203.631,219.518,1.7694617897790874,0.5758706214681443,1.193591168310943
26,10,6,945,260,221.395,245.701,325.634,338.584,221.395,245.701,1.8996010720064687,0.5658108965110179,1.3337901754954506
26,10,7,1190,205,247.802,268.533,339.634,349.834,247.802,268.533,2.0360833371392184,0.5531831177695788,1.4829002193696397
