Colony_ID,Run,Interval,Light_Value,N_points,O2_start,O2_end,DeltaT_min,DeltaT_max,O2_min,O2_max,Slope,Avg_Blank_Slope,Blank_Corrected_Slope
29,6,1,0,530,193.678,162.278,556.595,583.052,162.278,193.678,-0.8716589988958462,-0.041732685665987465,-0.8299263132298588
29,6,2,150,164,249.932,254.706,471.924,480.069,249.903,254.71,0.590209700318222,0.35090320333479835,0.2393064969834236
29,6,3,275,181,255.34,265.374,481.068,490.068,255.105,265.379,1.2311958621434087,0.46242180109472414,0.7687740610486846
29,6,4,530,221,266.825,288.067,491.069,502.069,266.808,288.067,2.0013279414070424,0.547823591086577,1.4535043503204654
29,6,5,730,181,290.473,312.918,503.069,512.069,290.43,312.918,2.539892279091511,0.5758706214681443,1.9640216576233667
29,6,6,945,181,315.599,340.315,513.069,522.069,315.599,340.315,2.7516158999398717,0.5658108965110179,2.185805003428854
29,6,7,1190,206,343.074,362.226,523.069,533.318,343.074,362.68,2.164682590929711,0.5531831177695788,1.6114994731601322
