Colony_ID,Run,Interval,Light_Value,N_points,O2_start,O2_end,DeltaT_min,DeltaT_max,O2_min,O2_max,Slope,Avg_Blank_Slope,Blank_Corrected_Slope
207,7,1,0,480,143.576,128.033,86.525,110.475,128.033,143.576,-0.333859885517241,-0.041732685665987465,-0.2921271998512535
207,7,2,150,170,141.652,141.253,0,8.458,137.375,141.652,0.6525340766119482,0.35090320333479835,0.3016308732771498
207,7,3,275,180,142.001,149.525,9.508,18.458,142.001,149.541,0.8446289353817497,0.46242180109472414,0.3822071342870255
207,7,4,530,180,150.38,159.074,19.508,28.458,150.38,159.074,1.000669318550888,0.547823591086577,0.45284572746431095
207,7,5,730,180,160.027,169.012,29.508,38.458,160.027,169.012,1.009731653848924,0.5758706214681443,0.4338610323807798
207,7,6,945,220,170.136,180.999,39.508,50.458,170.029,181.157,1.0140257106923307,0.5658108965110179,0.4482148141813128
207,7,7,1190,262,182.255,195.228,51.508,64.558,182.205,195.228,0.9959287564727879,0.5531831177695788,0.44274563870320904
