Colony_ID,Run,Interval,Light_Value,N_points,O2_start,O2_end,DeltaT_min,DeltaT_max,O2_min,O2_max,Slope,Avg_Blank_Slope,Blank_Corrected_Slope
20,7,1,0,480,204.787,181.681,86.576,110.527,181.681,204.787,-0.8563573899599038,-0.041732685665987465,-0.8146247042939164
20,7,2,150,172,209.905,214.136,0,8.543,206.212,214.136,1.2436599656299296,0.35090320333479835,0.8927567622951313
20,7,3,275,180,215.433,232.164,9.593,18.543,215.433,232.164,1.9113147560379034,0.46242180109472414,1.4488929549431793
20,7,4,530,180,234.172,254.617,19.594,28.544,234.144,254.617,2.3186201336395755,0.547823591086577,1.7707965425529986
20,7,5,730,180,257.15,280.611,29.593,38.544,257.15,280.611,2.664964514373063,0.5758706214681443,2.089093892904919
20,7,6,945,220,283.721,316.291,39.593,50.543,283.721,316.291,3.006581969411609,0.5658108965110179,2.440771072900591
20,7,7,1190,261,319.619,359.326,51.593,64.594,319.619,359.363,3.0819485416345986,0.5531831177695788,2.52876542386502
