Colony_ID,Run,Interval,Light_Value,N_points,O2_start,O2_end,DeltaT_min,DeltaT_max,O2_min,O2_max,Slope,Avg_Blank_Slope,Blank_Corrected_Slope
248,10,1,0,472,190.862,156.827,370.929,394.48,156.827,190.862,-0.7642634957533321,-0.041732685665987465,-0.7225308100873447
248,10,2,150,151,175.466,182.133,286.979,294.48,175.299,182.133,0.9321945226391816,0.35090320333479835,0.5812913193043832
248,10,3,275,180,182.996,197.71,295.531,304.48,182.996,197.71,1.6792896066535306,0.46242180109472414,1.2168678055588065
248,10,4,530,180,199.407,221.051,305.53,314.48,199.407,221.051,2.4823376024398143,0.547823591086577,1.9345140113532373
248,10,5,730,180,223.645,251.651,315.531,324.48,223.645,251.651,3.144343092837615,0.5758706214681443,2.568472471369471
248,10,6,945,260,255.035,301.276,325.53,338.48,255.035,301.276,3.6907093181757085,0.5658108965110179,3.1248984216646907
248,10,7,1190,207,304.949,345.483,339.53,349.83,304.949,345.483,3.8679814308563527,0.5531831177695788,3.314798313086774
