Colony_ID,Run,Interval,Light_Value,N_points,O2_start,O2_end,DeltaT_min,DeltaT_max,O2_min,O2_max,Slope,Avg_Blank_Slope,Blank_Corrected_Slope
233,10,1,0,470,168.476,150.848,370.928,394.376,150.801,168.476,-0.7010092623857382,-0.041732685665987465,-0.6592765767197508
233,10,2,150,148,170.558,174.98,287.022,294.376,170.558,174.98,0.6303718587076498,0.35090320333479835,0.2794686553728514
233,10,3,275,180,175.759,188.332,295.425,304.375,175.709,188.332,1.4873240265888228,0.46242180109472414,1.0249022254940987
233,10,4,530,180,190.052,210.029,305.426,314.376,189.999,210.029,2.361111047188304,0.547823591086577,1.8132874561017271
233,10,5,730,180,212.801,238.754,315.426,324.375,212.757,238.754,2.887857080461544,0.5758706214681443,2.3119864589934
233,10,6,945,260,241.728,280.563,325.425,338.376,241.728,280.618,3.371231726497938,0.5658108965110179,2.8054208299869203
233,10,7,1190,210,283.589,320.491,339.426,349.875,283.589,320.584,3.695108088190308,0.5531831177695788,3.141924970420729
