Colony_ID,Run,Interval,Light_Value,N_points,O2_start,O2_end,DeltaT_min,DeltaT_max,O2_min,O2_max,Slope,Avg_Blank_Slope,Blank_Corrected_Slope
234,10,1,0,468,170.776,153.843,370.929,394.285,153.843,170.776,-0.7546165442672979,-0.041732685665987465,-0.7128838586013104
234,10,2,150,146,176.85,185.104,287.062,294.319,176.63,185.118,1.2449847314847362,0.35090320333479835,0.8940815281499379
234,10,3,275,181,186.469,204.73,295.319,304.319,186.355,204.73,2.123672165672171,0.46242180109472414,1.661250364577447
234,10,4,530,181,206.914,233.874,305.319,314.319,206.914,233.874,3.237975757575762,0.547823591086577,2.6901521664891854
234,10,5,730,181,237.216,271.665,315.319,324.319,237.216,271.665,3.8754781715000512,0.5758706214681443,3.299607550031907
234,10,6,945,261,275.795,332.041,325.319,338.319,275.795,332.041,4.386806539014231,0.5658108965110179,3.8209956425032128
234,10,7,1190,204,336.397,380.884,339.319,349.469,336.397,381.244,4.429624479431117,0.5531831177695788,3.876441361661538
