Colony_ID,Run,Interval,Light_Value,N_points,O2_start,O2_end,DeltaT_min,DeltaT_max,O2_min,O2_max,Slope,Avg_Blank_Slope,Blank_Corrected_Slope
212,9,1,0,435,168.777,155.753,229.685,251.392,155.698,168.777,-0.4806005241948452,-0.041732685665987465,-0.43886783852885775
212,9,2,150,150,163.121,167.082,148.926,156.375,162.951,167.105,0.6173240551424511,0.35090320333479835,0.2664208518076528
212,9,3,275,180,167.76,177.328,157.426,166.375,167.76,177.328,1.1852593538107772,0.46242180109472414,0.7228375527160531
212,9,4,530,180,178.651,192.352,167.425,176.375,178.432,192.436,1.6187648099640901,0.547823591086577,1.0709412188775131
212,9,5,730,180,194.128,209.657,177.426,186.376,194.128,209.657,1.7820626654841383,0.5758706214681443,1.2061920440159941
212,9,6,945,180,211.493,227.859,187.425,196.376,211.493,227.859,1.8341251022065883,0.5658108965110179,1.2683142056955705
212,9,7,1190,216,229.686,249.411,197.425,208.176,229.686,249.474,1.8454610274121404,0.5531831177695788,1.2922779096425616
