Colony_ID,Run,Interval,Light_Value,N_points,O2_start,O2_end,DeltaT_min,DeltaT_max,O2_min,O2_max,Slope,Avg_Blank_Slope,Blank_Corrected_Slope
237,9,1,0,440,202.442,181.937,229.687,251.644,181.937,202.442,-0.6416616830064943,-0.041732685665987465,-0.5999289973405069
237,9,2,150,155,194.882,192.851,148.94,156.644,190.866,194.882,0.4522479531545947,0.35090320333479835,0.10134474981979635
237,9,3,275,180,193.411,202.397,157.694,166.643,193.303,202.397,1.1469744480022113,0.46242180109472414,0.6845526469074872
237,9,4,530,180,203.71,218.181,167.693,176.644,203.662,218.193,1.7194434654647393,0.547823591086577,1.1716198743781623
237,9,5,730,180,220.029,237.448,177.694,186.644,220.029,237.448,1.9994547214211384,0.5758706214681443,1.4235840999529943
237,9,6,945,180,239.601,259.113,187.693,196.644,239.584,259.113,2.1941560914226583,0.5658108965110179,1.6283451949116405
237,9,7,1190,210,261.703,286.431,197.694,208.144,261.525,286.431,2.393683981873796,0.5531831177695788,1.840500864104217
