Colony_ID,Run,Interval,Light_Value,N_points,O2_start,O2_end,DeltaT_min,DeltaT_max,O2_min,O2_max,Slope,Avg_Blank_Slope,Blank_Corrected_Slope
12,6,1,0,528,191.809,172.465,556.589,582.941,172.399,191.809,-0.43905363586828,-0.041732685665987465,-0.3973209502022925
12,6,2,150,162,239.146,249.956,471.9,479.957,239.034,250.019,0.853903605695624,0.35090320333479835,0.5030004023608257
12,6,3,275,181,250.701,256.784,480.957,489.957,250.626,256.784,0.714350180917449,0.46242180109472414,0.2519283798227248
12,6,4,530,221,257.636,267.691,490.958,501.958,257.324,267.691,0.9738782011318481,0.547823591086577,0.4260546100452711
12,6,5,730,181,268.792,278.628,502.958,511.957,268.792,278.876,1.11626765216305,0.5758706214681443,0.5403970306949056
12,6,6,945,181,279.755,289.634,512.957,521.958,279.751,289.64,1.0901726898330402,0.5658108965110179,0.5243617933220223
12,6,7,1190,207,290.832,301.069,522.957,533.257,290.789,301.182,1.0045727928944077,0.5531831177695788,0.45138967512482886
