Colony_ID,Run,Interval,Light_Value,N_points,O2_start,O2_end,DeltaT_min,DeltaT_max,O2_min,O2_max,Slope,Avg_Blank_Slope,Blank_Corrected_Slope
43,7,1,0,480,188.414,160.377,86.558,110.508,160.377,188.414,-0.6822668293705727,-0.041732685665987465,-0.6405341437045853
43,7,2,150,171,186.104,184.012,0,8.509,178.398,186.104,0.93392029300971,0.35090320333479835,0.5830170896749116
43,7,3,275,180,185.084,200.087,9.558,18.509,185.084,200.087,1.7456541501012146,0.46242180109472414,1.2832323490064905
43,7,4,530,180,201.92,224.28,19.558,28.509,201.885,224.28,2.623965017772506,0.547823591086577,2.076141426685929
43,7,5,730,180,227.364,254.51,29.558,38.508,227.352,254.51,3.0865759769794696,0.5758706214681443,2.5107053555113255
43,7,6,945,220,257.671,295.326,39.559,50.509,257.671,295.326,3.402137042328999,0.5658108965110179,2.8363261458179814
43,7,7,1190,262,298.555,347.288,51.558,64.609,298.555,347.288,3.7514027287460974,0.5531831177695788,3.1982196109765186
