Colony_ID,Run,Interval,Light_Value,N_points,O2_start,O2_end,DeltaT_min,DeltaT_max,O2_min,O2_max,Slope,Avg_Blank_Slope,Blank_Corrected_Slope
236,9,1,0,438,176.803,156.456,229.684,251.53,156.444,176.803,-0.8019445115647985,-0.041732685665987465,-0.7602118258988111
236,9,2,150,153,169.437,174.464,148.918,156.514,169.332,174.464,0.7844695094306896,0.35090320333479835,0.43356630609589125
236,9,3,275,180,175.26,188.599,157.563,166.514,175.26,188.599,1.670978108615278,0.46242180109472414,1.2085563075205539
236,9,4,530,180,190.44,211.024,167.564,176.514,190.44,211.024,2.443562028994038,0.547823591086577,1.8957384379074609
236,9,5,730,180,213.771,238.154,177.563,186.514,213.771,238.154,2.8302816122351544,0.5758706214681443,2.2544109907670102
236,9,6,945,180,241.208,268.658,187.564,196.513,241.208,268.658,3.1093475621155604,0.5658108965110179,2.5435366656045426
236,9,7,1190,213,272.116,306.877,197.564,208.163,272.116,306.889,3.2923523320947017,0.5531831177695788,2.739169214325123
