Colony_ID,Run,Interval,Light_Value,N_points,O2_start,O2_end,DeltaT_min,DeltaT_max,O2_min,O2_max,Slope,Avg_Blank_Slope,Blank_Corrected_Slope
226,6,1,0,525,178.245,136.512,556.563,582.769,136.512,178.245,-1.5718172828149914,-0.041732685665987465,-1.530084597149004
226,6,2,150,159,234.402,241.582,471.868,479.77,234.315,241.582,1.101197976341564,0.35090320333479835,0.7502947730067657
226,6,3,275,181,242.847,263.485,480.77,489.77,242.847,263.485,2.4387622371312454,0.46242180109472414,1.9763404360365213
226,6,4,530,221,265.992,304.723,490.77,501.77,265.992,304.723,3.733292227925793,0.547823591086577,3.185468636839216
226,6,5,730,181,309.716,344.684,502.77,511.77,309.716,344.684,4.101764760002796,0.5758706214681443,3.525894138534652
226,6,6,945,181,350.284,384.374,512.77,521.77,350.268,384.374,3.872381775214187,0.5658108965110179,3.306570878703169
226,6,7,1190,210,387.959,408.613,522.77,533.219,387.838,409.867,2.227123950904154,0.5531831177695788,1.673940833134575
