Colony_ID,Run,Interval,Light_Value,N_points,O2_start,O2_end,DeltaT_min,DeltaT_max,O2_min,O2_max,Slope,Avg_Blank_Slope,Blank_Corrected_Slope
202,6,1,0,523,182.255,172.399,557.967,584.062,172.264,182.255,-0.40832666169377513,-0.041732685665987465,-0.36659397602778765
202,6,2,150,157,249.983,252.935,473.221,481.029,249.842,252.935,0.3868320463838391,0.35090320333479835,0.03592884304904076
202,6,3,275,180,253.305,258.924,482.079,491.029,253.274,259.118,0.6855339394565395,0.46242180109472414,0.22311213836181537
202,6,4,530,220,259.631,269.433,492.079,503.029,259.543,269.433,0.8944858087627425,0.547823591086577,0.34666221767616556
202,6,5,730,180,270.288,278.735,504.079,513.029,270.238,278.948,0.9488339659535311,0.5758706214681443,0.3729633444853868
202,6,6,945,180,279.643,288.214,514.079,523.029,279.607,288.214,0.9430445050124076,0.5658108965110179,0.37723360850138965
202,6,7,1190,201,288.939,297.993,524.079,534.079,288.867,298.007,0.8976966075629658,0.5531831177695788,0.3445134897933869
