Colony_ID,Run,Interval,Light_Value,N_points,O2_start,O2_end,DeltaT_min,DeltaT_max,O2_min,O2_max,Slope,Avg_Blank_Slope,Blank_Corrected_Slope
42,7,1,0,480,179.515,161.522,86.482,110.432,161.522,179.515,-0.7183813727280447,-0.041732685665987465,-0.6766486870620573
42,7,2,150,170,186.837,190.801,0,8.449,182.675,190.801,1.2081359874998951,0.35090320333479835,0.8572327841650969
42,7,3,275,181,191.89,207.459,9.449,18.449,191.89,207.498,1.7674398615148812,0.46242180109472414,1.3050180604201571
42,7,4,530,181,209.393,228.902,19.449,28.449,209.378,228.902,2.223407539017578,0.547823591086577,1.675583947931001
42,7,5,730,181,231.079,253.179,29.449,38.449,231.079,253.179,2.4808441811139996,0.5758706214681443,1.9049735596458555
42,7,6,945,221,255.803,285.038,39.449,50.448,255.803,285.038,2.6635833743935704,0.5658108965110179,2.0977724778825526
42,7,7,1190,264,287.642,324.094,51.449,64.599,287.642,324.094,2.7954063726078164,0.5531831177695788,2.2422232548382377
